n_inpatient,n_outpatient,n_carrier,n_claims,n_providers,n_facilities,n_obs_years,n_ed_claims,n_pqe_ed,ed_to_total_ratio,pqe_to_ed_ratio,inpatient_ratio,provider_per_claim,ed_per_year,pqe_per_year,claims_per_year,days_since_last_claim,days_since_last_ed,days_since_last_pqe,utilization_trend,recent_to_early_ratio,recent_ed,consecutive_ed_years,has_diabetes,has_copd,has_chf,has_htn,has_asthma,has_ckd,comorbidity_count,multi_chronic,n_diagnoses,bice_boxerman,n_prescriptions,n_unique_drugs,polypharmacy,high_polypharmacy,rx_per_year,n_dme_claims,has_dme,n_hha_claims,has_hha,n_snf_claims,has_snf,n_hospice_claims,has_hospice,SEX_IDENT_CD,BENE_RACE_CD,AGE_AT_END_REF_YR,ESRD_IND,ENTLMT_RSN_ORIG,ENTLMT_RSN_CURR,BENE_HI_CVRAGE_TOT_MONS,BENE_SMI_CVRAGE_TOT_MONS,BENE_HMO_CVRAGE_TOT_MONS,DUAL_ELGBL_MONS,BENE_STATE_BUYIN_TOT_MONS,RTI_RACE_CD
-0.013700585,-0.03242454,-0.040461756,-0.019851001,-0.0014161108,-0.0019800654,-0.0005169686,-0.0039921836,-0.062377993,-0.010338218,-0.14706977,-0.05866846,-0.03187292,-0.003663969,-0.013856819,-0.019765725,-0.045180853,0.00089439895,-0.039469052,-0.039211396,-0.024694365,-0.0017916701,-0.0028232469,-0.022775223,-0.0002747465,-0.00095123466,-0.05415814,-0.40244564,0.007504756,0.059003044,0.001570955,-0.00121368,-0.021276997,-0.00941947,-0.02963875,-2.1212018e-05,-0.00029920466,-0.011313092,-0.019205699,0.00023332721,-0.00010446398,-2.2116697e-05,-0.0011397924,5.4155622e-05,-0.005205943,-0.0018285607,0.011154858,-0.016773887,-0.053870864,0.00013896837,0.016228868,0.0025650077,0.0,0.0,0.0,0.0,0.0,-0.0027114598
-0.029347576,-0.022236554,-0.0024489462,-0.0063830693,-0.00018107817,-0.0012278074,-0.00080885744,-0.0023885772,-0.055728186,-0.026261881,-0.11805096,-0.06273868,-0.008837899,-0.006268653,-0.017074807,-0.030333199,0.05184452,0.0010542723,-0.035469975,-0.007099011,-0.009525497,-0.0030427086,-0.001189486,0.004038425,1.1544682e-05,-0.0013479135,0.00567992,-0.4258244,0.0042286147,-0.2566124,-0.0062759575,-0.07781916,0.035607755,-0.004945487,-0.048877012,6.838396e-06,-6.797025e-05,-0.0041188356,-0.023413736,-0.004241045,-0.0004454099,-1.8414214e-05,-0.0032827237,4.9795024e-05,-0.0031962409,-0.0014831146,0.007899498,0.0004198888,0.0047214963,7.4976095e-05,0.0072693503,0.0018631462,0.0,0.0,0.0,0.0,0.0,-0.0008801252
-0.02367469,-0.0037903807,-0.0036371956,-0.017780988,-0.00034377474,-0.0016326404,-0.0011868441,-0.0065098954,-0.06511077,-0.022303449,-0.15703715,-0.06189624,-0.05089642,-0.0042007207,-0.017791845,-0.0070764106,-0.063022725,0.00090760685,-0.039780375,-0.020244788,-0.0071333665,-0.0026023819,-0.0026994736,0.0039045464,-0.0025001378,-0.001426666,0.009738446,-0.43154743,0.004901504,-0.27019778,-0.0050968383,0.0049295737,-0.04673484,-0.009508707,-0.068207905,9.84791e-06,-0.0013321742,-0.009124725,-0.017613243,-0.0044020363,-0.0001429795,-2.2116697e-05,-0.0033000624,5.227889e-05,-0.0053091752,-0.0021051068,-0.01039528,-0.0036064642,-0.023581162,0.00013627773,0.006176636,0.0024258115,0.0,0.0,0.0,0.0,0.0,-0.0008570114
0.013416835,-0.030501103,-0.010874472,-0.02152969,-0.0022544167,-0.0016202289,-0.00030993644,-0.0051423707,-0.06813692,-0.05567735,-0.16973951,-0.073481455,-0.027182622,-0.009189445,-0.016511107,-0.017832309,-0.022457493,-0.007403288,-0.042955607,-0.04710168,-0.023538975,-0.0020920802,-0.0050973943,0.0028376982,-4.3689135e-05,-0.0016434401,0.0031837248,-0.40056017,0.00359968,-0.20969976,-0.0010798674,-0.058651794,-0.049564354,-0.0045315344,-0.024336936,2.4406687e-05,-0.0005779344,-0.00037606817,-0.013479968,0.0012830563,-5.6189747e-05,-1.8414214e-05,-0.0036156834,4.8039168e-05,-0.009521975,-0.0030693426,-0.011375902,-0.004373063,-0.02349159,7.531746e-05,0.009499676,0.0032329825,0.0,0.0,0.0,0.0,0.0,-0.0013024413
-0.030814823,-0.030565841,0.0041751466,-0.007286308,-0.0067470903,-0.0014856149,-0.001169437,-0.006273355,-0.06126156,-0.018802758,-0.14154512,-0.05771531,-0.06767896,-0.003777034,-0.01859189,-0.0060476256,-0.040702865,0.00057965267,-0.03948953,-0.012526285,-0.026412336,-0.0034312494,-0.004148816,0.0034408318,-0.0014241235,-0.0017119109,0.006578896,-0.3953171,0.0028422447,-0.26468155,-0.003571026,-0.06534314,-0.028505782,-0.02827463,-0.07938948,6.621307e-06,-0.0005097317,-0.017647538,-0.015438357,-0.0044280468,-0.0002523627,-2.2116697e-05,-0.0033585967,4.6008718e-05,-0.004706711,-0.0017729943,-0.014689554,-0.01822798,0.0435579,7.4976095e-05,0.007852358,0.001854491,0.0,0.0,0.0,0.0,0.0,-0.0049910154
-0.031850133,-0.02144038,0.0013110053,-0.0012901473,-0.0003938071,-0.0013802398,-0.0014877107,-0.0034676716,-0.06393327,-0.012494556,-0.15820433,-0.058227785,-0.001352493,-0.0045273425,-0.01488174,-0.019548364,-0.023524798,0.00063006923,-0.042254545,-0.005430359,-0.021448627,-0.0026712278,-0.0007303558,0.0030766698,-0.001835322,-0.0014144419,0.004532532,-0.47389108,0.0036216613,-0.17436996,-0.009598152,-0.06805284,0.014376736,-0.023460917,-0.033523362,-2.1212018e-05,0.0010825649,-0.042645648,-0.023735799,-0.0028042672,-0.00019952259,-3.1204538e-05,-0.0042649778,5.2354626e-05,-0.004099193,-0.0019859418,-0.01496349,0.0001356437,-0.06068523,0.00011025648,-0.02065451,-0.0050448743,0.0,0.0,0.0,0.0,0.0,0.0007658722
-0.04927122,-0.0043113288,-0.049987737,-0.011175872,-0.00025598568,-0.0017261032,-0.0006916878,-0.002446929,-0.062282003,-0.024455195,-0.14242642,-0.06385437,-0.013285152,-0.0042035044,-0.017535916,-0.008131911,0.037990354,0.00043942954,-0.035618454,-0.009385459,-0.032107163,-0.0022827077,-0.0015638596,0.0027454274,-0.00029403914,-0.0010367467,0.0035462962,-0.47536272,0.0038804554,-0.16624251,-0.007928253,-0.03486632,-0.04861387,-0.0051801833,-0.049549047,2.4406687e-05,-0.0003882372,-0.0001825458,-0.008675658,6.967496e-05,-0.0002523627,-1.8414214e-05,-0.004062891,4.9534152e-05,-0.005653475,-0.001965975,-0.010342276,0.00095299224,-0.053538933,0.00011025648,-0.02012613,-0.003945713,0.0,0.0,0.0,0.0,0.0,-0.0021183144
-0.07094339,-0.01748282,-0.05184246,-0.013173995,-0.003125296,-0.002816684,-0.0010756645,-0.003684221,-0.05787735,-0.019081287,-0.1330882,-0.062392913,-0.082547195,-0.0032155532,-0.016323084,-0.005640131,-0.0122896815,0.0006352599,-0.040328898,-0.013810044,-0.03793836,-0.002897987,-0.0033414925,0.0027120926,-0.0008496603,-0.0010029067,-0.018064806,-0.36986807,0.003346747,-0.01788135,-0.009362698,-0.08540793,-0.023824094,-0.010312807,-0.052084543,9.84791e-06,-0.00013907746,-0.007769063,0.002950758,0.000643034,-0.0004454099,-2.2116697e-05,-0.002814534,5.439317e-05,0.019597515,0.0065840567,0.012921023,-0.0024939552,-0.08486153,0.00014449468,-0.031534173,-0.008444853,0.0,0.0,0.0,0.0,0.0,0.00011899298
-0.054608155,-0.009461374,-0.027112126,-0.005615407,-0.0004580887,-0.0051822495,-0.001174558,-0.0024952726,-0.061801907,-0.02413628,-0.14176574,-0.07052178,-0.003558467,-0.0027840089,-0.017650088,-0.00040807715,-0.040672623,0.001132804,-0.03646185,-0.020709258,-0.035129175,-0.0027589533,-0.001455721,0.002964632,-0.00080565433,-0.00095123466,0.003957043,-0.48034874,0.0037154781,-0.16645004,-0.010546507,-0.017263,-0.07199082,-0.009401252,-0.052112963,9.84791e-06,-0.00033751084,-0.005231619,0.023345578,0.00063902035,-0.00010446398,-3.1204538e-05,-0.003914125,6.279464e-05,-0.007069747,-0.0019548216,0.007694622,-0.00506242,-0.047298938,0.00010918038,-0.021552803,-0.0069303853,0.0,0.0,0.0,0.0,0.0,-0.0009641755
0.008159112,-0.05057729,-0.039833933,-0.023090515,-0.002734112,-0.0012142779,-0.000974353,-0.005768563,-0.064897545,-0.019885713,-0.12925433,-0.07687715,-0.0854619,0.009404556,-0.016177528,-0.031372838,-0.00031529772,-0.016110785,-0.042017326,-0.038172577,0.023268726,0.00345246,-0.005292752,-0.018113876,-0.00020461102,-0.00088726263,-0.012823396,-0.38834956,-0.021439504,0.054112945,-0.0022360852,-0.036374718,-0.020045286,-0.008243063,0.024903754,-3.5641548e-05,0.00070304144,-0.049178697,-0.032842744,-0.007620403,-4.8725895e-05,-1.4589201e-05,-0.0015038,4.1369105e-05,-0.009195825,-0.0026029912,-0.02069662,-0.010294295,0.024337968,-0.0050442456,0.007599423,-0.021405421,0.0,0.0,0.0,0.0,0.0,-0.0021994896
-0.01701918,-0.017003013,-0.03231037,-0.017210972,-0.0010545697,-0.0064636003,-0.00054500654,-0.004213776,-0.05557199,-0.01941399,-0.12016427,-0.06595566,-0.027180672,-0.0028509123,-0.014000665,-0.015513882,-0.0010551185,0.0011930965,-0.03496438,-0.009435595,0.02822457,-0.0016892495,-0.0009967381,-0.00985447,-0.0003315101,-0.0010060826,-0.016507488,-0.49830455,-0.028750023,0.10304349,0.0150554385,0.019713169,-0.021802774,-0.0062620654,-0.0369537,-0.00012720705,0.0011464878,0.00065892807,0.03881457,0.00029942623,-0.0001429795,-1.4589201e-05,-0.0013074109,7.0300084e-05,-0.0051869345,-0.001713687,-0.01590055,-0.019973569,-0.02725317,0.0003280154,-0.006205096,-0.0031942073,0.0,0.0,0.0,0.0,0.0,-0.0029451745
-0.017354008,-0.007534801,-0.032531526,-0.0051681763,-0.00040534334,-0.0017933196,-0.0006974345,-0.00348312,-0.07153704,-0.0111991465,-0.17725885,-0.05898311,-0.007516722,-0.002389243,-0.017119018,-0.008578831,-0.029180914,0.0005329316,-0.041780677,-0.008873764,-0.030937346,-0.0021647129,-0.0013984533,0.0028767628,0.00019753861,-0.0015974906,0.0004658597,-0.44935623,0.0044752844,-0.18664019,-0.008630301,0.0013409213,-0.02707242,-0.025214445,-0.028759051,-2.1212018e-05,-0.0003882372,-0.052300896,-0.01703238,-0.0027505297,-0.0001429795,-2.229474e-05,-0.0038436393,5.6908437e-05,-0.006018447,-0.0020811683,-0.013233676,-0.017146155,-0.06650088,0.00011025648,-0.019631438,-0.0058884625,0.0,0.0,0.0,0.0,0.0,-0.0031952409
-0.05500061,-0.031164566,-0.018294582,-0.027137514,-0.0021204664,-0.00050278136,-0.00067076995,-0.010074808,-0.05503131,-0.0035182242,-0.12472843,-0.061190963,-0.09850922,-0.005859445,-0.015998188,-0.069754824,-0.0019663428,-0.013192488,-0.0364419,-0.003857675,-0.030881055,-0.0041285343,-0.0016829885,0.0035588862,-0.00015493602,-0.0013902303,0.005930596,-0.32684928,0.0029237904,-0.23496068,-0.003925017,-0.041396547,0.022921044,-0.0073743123,-0.044094894,2.4406687e-05,-6.797025e-05,-0.0017560709,-0.027470134,-0.0054531163,-0.00050802116,-1.8414214e-05,-0.0032773013,4.70078e-05,-0.00300123,-0.0013868184,0.007925233,0.0005324467,-0.010786338,7.531746e-05,0.0072975922,0.0017905901,0.0,0.0,0.0,0.0,0.0,-0.00062582147
-0.027665615,-0.017647637,0.0014103705,0.02377459,-0.007449613,-0.0016216252,-0.00044726118,-0.005586517,-0.06538219,-0.01515043,-0.1417188,-0.05656797,-0.082476564,-0.0034546163,-0.018788341,-0.008950087,0.0040828544,0.0005382509,-0.044243857,-0.011482813,-0.039846364,-0.0032475628,-0.001958082,0.0033589592,-0.0017637594,-0.0017119109,0.006797258,-0.3918811,0.0036146715,-0.21503559,-0.00883596,-0.044496026,-0.026583517,-0.007549849,-0.05135156,9.84791e-06,-0.0005097317,-0.0057313014,-0.014951058,-0.004369599,-0.00019952259,-2.2116697e-05,-0.0038030788,4.6294117e-05,-0.004487494,-0.0017171019,-0.02365544,-0.019679092,-0.035106108,0.00010418629,0.0067329705,-0.0018217367,0.0,0.0,0.0,0.0,0.0,-0.005280954
-0.0437953,-0.044390466,-0.031955604,-0.0282881,-0.002527168,-0.001798456,-0.00050145044,-0.0017701787,-0.06268205,-0.005399463,-0.1231699,-0.06250841,-0.06857157,-0.0020164317,-0.019358661,-0.03020453,-0.029807119,-0.00078339473,-0.040371425,-0.006347381,-0.06006204,-0.002899019,-0.0033641998,-0.008343778,-0.00021331361,-0.0011866046,-0.017002005,-0.39550427,-0.020000277,0.04636991,0.0066711814,-0.026632963,-0.010524346,-0.00031339118,-0.023931248,-3.5641548e-05,0.0011464878,-0.034302983,-0.0275862,-0.0019141743,-0.0001429795,-1.2135975e-05,-0.0015577886,4.3830056e-05,0.026656128,0.0075968234,-0.01283668,0.0121878255,-0.07258495,0.00032856682,-0.043034364,-0.002130383,0.0,0.0,0.0,0.0,0.0,-0.0011024154
-0.042346764,-0.035321772,0.00025693473,-0.0039224527,0.0001500487,-0.0012254574,-0.0007977889,-0.004371028,-0.054839663,-0.02620316,-0.12747128,-0.058850445,0.0010723323,-0.0052792123,-0.016754825,-0.028079351,-0.05360544,5.8019472e-05,-0.035699002,-0.012541112,-0.01185157,-0.003211132,-0.0034600496,0.0037010217,-0.0013766838,-0.0013479135,0.010837396,-0.4687929,0.0036812043,-0.30620295,-0.006322987,-0.035789814,0.017425967,-0.028334316,-0.07874082,6.621307e-06,-0.0003285103,-0.009082197,-0.025246594,-0.004384157,-0.0002523627,-3.1204538e-05,-0.0029408103,4.8095724e-05,-0.004030606,-0.0018509206,-0.010505811,-0.0026835839,0.029723223,7.4976095e-05,0.008401209,0.001814256,0.0,0.0,0.0,0.0,0.0,-0.0006317713
-0.050037585,-0.025100881,-0.048540108,-0.0201257,-0.0018058224,-0.00054666196,-0.0010511391,-0.014261524,-0.057585042,0.014833504,-0.121471465,-0.05969037,-0.07584364,-0.0032544814,-0.014930218,-0.022450568,-0.013695533,-0.012009179,-0.036612324,-0.016788842,-0.08668697,-0.003520192,-0.0008902886,-0.007987686,-0.0014489511,-0.00096964685,-0.015301438,-0.41440773,0.008482617,0.09144019,0.015577549,-0.056566115,0.0014608939,-0.005126252,-0.017756991,-2.1212018e-05,0.00035906676,-0.0067298673,-0.010191301,0.00038677503,-0.00035862013,-3.1204538e-05,-0.0014219654,5.2615505e-05,-0.0027755827,-0.0010421118,0.009053162,-0.005630019,-0.041530855,0.0003259205,-0.019339642,-0.002940531,0.0,0.0,0.0,0.0,0.0,-0.002625337
-0.013063789,-0.0057736337,-0.031119708,-0.0068332665,-0.0026220453,-0.0012191703,-0.0013859615,-0.0010815302,-0.05697835,0.048502855,-0.14152782,-0.07542064,0.0074206465,-0.0013746334,-0.012692882,-0.020522177,-0.032811586,-0.01430652,-0.038581666,-0.029534077,-0.04090705,-0.0031603244,-0.0039808336,-0.012460015,5.565831e-05,-0.0018368893,-0.0131644765,-0.39757374,0.0118110515,0.074332975,3.0267947e-05,0.0047464147,0.015627174,-0.0033611795,-0.010958389,-5.132708e-05,-0.0001492861,0.016587412,-0.021344945,-0.0040637073,-5.6189747e-05,-3.1204538e-05,-0.0012280112,5.3315744e-05,-0.00990317,-0.0036601666,-0.019672893,-0.0028767257,0.0083406875,-0.005089297,0.01671738,-0.013804515,0.0,0.0,0.0,0.0,0.0,-0.0046483576
0.035537742,-0.015763374,-0.011827558,-0.0015825756,-0.00047091834,-0.0009506806,-0.0010446621,-0.006696838,-0.057352632,0.012489609,-0.1822006,-0.0067799203,-0.0025313806,-0.0050707064,-0.01565686,-0.0014202028,-0.03325563,-0.014285284,-0.060287688,-0.01346916,-0.0064101107,-0.0043064076,-0.0010369926,0.0029655518,0.000974613,-0.0012802249,-0.0032310174,-0.41261876,0.0052273967,-0.22068298,-0.015262788,-0.03061317,-0.06836597,-0.0016786703,-0.036688082,9.84791e-06,-0.00016395567,-0.007786322,-0.0279519,-0.005507743,-0.00037834415,-3.1204538e-05,-0.0036627124,4.8708447e-05,-0.018311974,-0.0073071537,0.007006245,-0.004647497,-0.03980278,0.00011025648,0.008154315,-0.0043236814,0.0,0.0,0.0,0.0,0.0,-0.0011756914
-0.010021474,0.0007393257,-0.03974184,-0.0034897167,-0.0012559631,-0.005844811,-0.00054500654,-0.0012943228,-0.054655775,-0.0040664403,-0.11376357,-0.06060203,-0.010708752,-0.003190065,-0.013640978,-0.0039782664,0.015506625,0.0013997594,-0.03304508,-0.015449613,0.040007167,-0.0022261224,-0.0012937385,-0.008969085,0.00047607155,-0.000986623,-0.023427598,-0.47411945,0.025948368,0.11263578,0.016494265,-0.02658572,-0.013739368,-0.010205212,0.06408968,-3.5641548e-05,0.0006312089,0.0050697597,0.033778783,0.0002899658,-0.0001429795,-1.8414214e-05,-0.0016753378,6.5560795e-05,-0.004794201,-0.0016914487,-0.023619734,-0.021378092,-0.037075188,0.0003280154,-0.014457424,-0.0027763308,0.0,0.0,0.0,0.0,0.0,-0.0033134941
-0.050302494,-0.03335189,-0.0025122277,-0.005177469,-0.004242199,-0.0017456557,0.00669487,-0.0040914277,-0.054015625,-0.016571388,-0.12109214,-0.059555966,-0.1088131,-0.0047544427,-0.01597295,-0.009959266,-0.061374202,0.0015579091,-0.038141627,-0.013848083,0.006801365,-0.0035882685,-0.0034639628,0.010038991,0.0007525175,-0.001353525,0.018743714,-0.37358132,0.004109895,0.040459823,-0.006244378,-0.035667937,-0.028198753,-0.0074612517,-0.055953182,9.84791e-06,-0.00024919154,-0.011310858,-0.008383753,0.0006372885,-0.0004454099,-2.2116697e-05,-0.0015968425,4.8356596e-05,-0.0037285907,-0.0017210311,0.0101024825,-0.001932571,-0.022625081,0.00035663857,0.018704122,0.0071304697,0.0,0.0,0.0,0.0,0.0,-0.00039377843
-0.0074375486,-0.050698645,-0.00286959,-0.014039792,-0.0024591293,-0.002632606,0.00064050185,-0.0027608431,-0.06354109,-0.023031931,-0.1463369,-0.06360374,-0.023975834,-0.0033138802,-0.017166791,-0.03667745,-0.01124955,0.0003629994,-0.03957674,-0.032536272,-0.010552024,-0.0037355856,-0.0021160163,-0.01286083,-0.00044274086,-0.0013949323,-0.019140746,-0.4506999,-0.028649691,0.049397442,-0.0046432214,-0.021119786,-0.0013973404,-0.0075145434,-0.028987108,-3.5641548e-05,0.003668737,-0.03390987,-0.0290686,-0.0019263781,-0.0001429795,-1.4589201e-05,-0.0016731301,5.0270366e-05,-0.004121956,-0.0014792253,-0.021433732,-0.014956524,-0.025739035,-0.005089297,0.0056177923,-0.017009346,0.0,0.0,0.0,0.0,0.0,-0.002416163
-0.013340724,-0.011228853,0.043638576,0.00088079576,-0.0007867896,-0.0024661808,-0.0014198534,-0.0016667654,-0.061258547,-0.0030849853,-0.15326509,-0.057682227,-0.0040057003,-0.0031435802,-0.015286412,-0.0011683559,-0.033418108,0.00032622233,-0.040962797,-0.0060668844,-0.029477634,-0.0022246619,-0.0006364725,0.003241938,-0.001978451,-0.0014040306,-0.027074395,-0.41267025,0.0033227112,-0.0049566817,-0.00990194,-0.08375389,-0.0116982255,-0.035192944,0.040083457,-2.1212018e-05,0.0010221698,-0.075984,-0.010299781,-0.0013061438,-0.00019952259,-2.229474e-05,-0.002047555,5.2354626e-05,-0.004897549,-0.0016627179,-0.010150081,-0.0040505505,-0.11725197,0.00014839093,-0.046721715,-0.014974335,0.0,0.0,0.0,0.0,0.0,0.0004247535
-0.017317455,0.007356588,0.021670533,5.1952724e-05,-0.0016451493,-0.001176622,-0.0054790084,-0.0036120901,-0.05685414,-0.022949459,-0.13503504,-0.06117651,-0.01084995,-0.0063925055,-0.01650407,-0.018049104,-0.03305458,-0.056709196,-0.03826245,-0.016201684,0.026363105,-0.0022597688,-0.00067759416,-0.007040103,-0.0008039027,-0.0012624454,-0.0059179985,-0.39120197,-0.029599363,0.10813016,0.007683004,-0.00031268474,-0.0344759,-0.003403388,0.028044848,-1.687239e-05,0.0028303356,-0.0753559,-0.011881455,0.00070228666,-9.023833e-05,-0.0005340816,-0.0014222634,4.50372e-05,-0.0062053115,-0.0013248753,0.013057289,-0.019523947,-0.02480331,0.00032981674,-0.0062798527,-0.003246831,0.0,0.0,0.0,0.0,0.0,-0.0033223121
0.15333943,-0.026193326,0.00058012054,-0.011469854,-0.0019870119,-0.000856892,-0.00070841884,-0.0009434448,-0.06459314,0.0657687,-0.13367479,-0.07600685,-0.001992795,-0.007028156,-0.015345152,-0.008162488,-0.031082718,-0.010378147,-0.03461783,-0.03136926,-0.02622139,-0.0032345364,-0.0037277783,0.002296843,-0.0003462862,-0.002158724,0.0019700532,-0.3920406,0.0043554315,-0.1672656,-0.00330436,0.05285052,-0.09918145,-0.0014286181,-0.0348604,9.84791e-06,-0.00033959196,0.0021863382,-0.0041284095,0.0056635602,-7.051433e-05,-3.1204538e-05,-0.0034360709,4.959586e-05,-0.0058929576,-0.0038184328,0.005940028,-0.04236573,-0.007207449,0.00010491154,0.010512033,0.0023893318,0.0,0.0,0.0,0.0,0.0,-0.009366552
-0.0458852,-0.022842068,-0.030970888,-0.021746578,-0.0019172011,-0.0007168473,-0.0009467803,-0.014921222,-0.061923638,0.008728587,-0.14636883,-0.06802962,-0.07766538,-0.00334327,-0.01514772,-0.029339973,-0.039967608,-0.016074454,-0.041156407,-0.004759426,0.00663845,-0.0033767652,-0.0008974633,-0.02932027,-0.0010918954,-0.0012746134,-0.002092887,-0.43040472,0.005861206,-0.06298137,-0.019015528,-0.06351385,0.001533391,-0.0013926872,-0.01506958,-2.1212018e-05,0.0006916041,-0.0018841851,-0.01437429,-0.002451049,-0.00060442055,-0.0005340816,-0.0022534234,5.2069234e-05,-0.0035463166,-0.0015410847,-0.0105957845,-0.004618216,-0.08858471,0.00014911618,-0.022610664,-0.010703726,0.0,0.0,0.0,0.0,0.0,-0.004192329
-0.017332073,-0.019060018,-0.046148293,-0.017881108,-0.00076194556,-0.0019202997,-0.0012934093,-0.004747673,-0.06499231,-0.024100015,-0.1460459,-0.058250826,-0.03389421,-0.003628549,-0.018026207,-0.016901454,-0.099476986,0.0007540806,-0.037139308,-0.013167131,-0.012145341,-0.0024100165,-0.0033726965,0.0034539485,0.00040349326,-0.00095123466,0.0028983883,-0.3854303,0.004289279,-0.24092518,0.00069536536,0.0047806576,-0.03958966,-0.007940791,-0.049179863,9.84791e-06,-0.0005483644,-0.0025428776,-0.01601413,0.00020761538,-9.0139394e-05,-2.2116697e-05,-0.0032405606,4.0400293e-05,-0.0060558436,-0.0021041948,-0.012675888,-0.016226206,0.0034322832,0.00013920275,0.00999345,0.0038779946,0.0,0.0,0.0,0.0,0.0,-0.0032362854
-0.015166502,-0.007166761,-0.052197058,-0.012069346,-0.0020983054,-0.0012204616,-0.00067634985,-0.0029863282,-0.06404031,-0.029398369,-0.14581425,-0.06563358,0.0051606735,-0.0028489006,-0.016863603,-0.009995877,-0.043172963,-0.0048803394,-0.03611923,-0.0017162688,-0.018737478,-0.0027037761,-0.0010765864,-0.050260168,-0.0004713063,-0.0009529146,-0.0016868147,-0.5013927,0.005260265,0.008023275,-0.007866101,-0.050618157,-0.033571403,-0.0020019745,-0.027328026,-5.132708e-05,-0.00033751084,0.0031410654,0.0063054683,0.0003846471,-0.00010446398,-3.1204538e-05,-0.003679518,6.99589e-05,-0.0042734514,-0.0014793725,0.008121741,-0.0010431177,-0.08697086,0.00014911618,0.031510584,-0.013350682,0.0,0.0,0.0,0.0,0.0,0.00027573088
-0.012073764,-0.00705618,-0.058760162,-0.0061362563,-0.0003519187,-0.0019870333,-0.00066889595,-0.00298758,-0.05622707,-0.013287864,-0.12423702,-0.062044173,0.009560838,-0.003290173,-0.013688329,-0.0068093273,-0.021797955,0.0022311073,-0.035473276,-0.005631541,-0.019078698,-0.0025362922,-0.0009868736,-0.06494786,0.0007077759,-0.0009390601,-0.0044770082,-0.4796529,0.0044543534,0.04373041,-0.0010362642,0.0125196455,-0.023293944,-0.0045360634,-0.020805316,-0.00012720705,-0.00033751084,0.0053816796,-0.018759284,-0.0024266783,-0.0003925698,-1.8414214e-05,-0.0013951395,5.3472555e-05,-0.0046795597,-0.0016494311,0.010830392,-0.015002649,0.05299305,-0.004572996,0.025678959,-0.009946334,0.0,0.0,0.0,0.0,0.0,-0.0024072377
-0.005036631,-0.009521158,0.02873798,0.003599154,-0.00090589,-0.0033427523,0.00060365687,-0.0022403917,-0.058321845,-0.0053150556,-0.14351961,-0.058919955,0.016540159,-0.0014314197,-0.014787627,-0.018866304,-0.005688376,0.0003230866,-0.039474938,-0.022779902,0.0059211813,-0.002959875,-0.00077849947,-0.012695195,-0.0006964989,-0.0014072065,-0.019953165,-0.4519678,-0.032433696,0.084895514,0.007221218,-0.030283825,-0.011793126,-0.006629922,0.06044104,-3.5641548e-05,0.003668737,-0.0648769,-0.014529174,0.00026115685,-0.0001429795,-1.8414214e-05,-0.002583442,-0.0032494187,-0.005282382,-0.002008652,-0.021665664,-0.019491786,-0.026466472,0.00038712184,-0.012858288,-0.0027268766,0.0,0.0,0.0,0.0,0.0,-0.0035861137
-0.016322741,-0.008537898,-0.045533232,-0.005294341,-0.00042787116,-0.0021899266,-0.0006830416,-0.0034898168,-0.06883867,-0.012310334,-0.15728547,-0.058939848,-0.0036324516,-0.0024313924,-0.017736718,-0.0014839683,-0.054092642,0.00012892862,-0.036832605,-0.004915439,-0.031256594,-0.0020380775,-0.000765034,0.0029608572,0.00019753861,-0.00095123466,-0.0020831057,-0.42909852,0.0036686664,-0.18362531,-0.010385177,0.008736282,-0.027326584,-0.030656444,-0.033677842,-2.1212018e-05,-0.0003882372,-0.056853876,-0.0005558735,0.00014897,-0.00019952259,-2.229474e-05,-0.0049455618,-0.0035068884,-0.005803067,-0.0019301573,-0.013440688,-0.017711462,-0.06909607,0.00011025648,-0.021653347,-0.0063393977,0.0,0.0,0.0,0.0,0.0,-0.0030467848
-0.017432624,-0.03477582,-0.021748183,-0.010422941,-0.0020549132,0.00020210085,-0.0008648618,0.009849992,-0.0618173,-0.029140381,-0.12023677,-0.063251175,-0.015405923,-0.000645376,-0.017250305,-0.017526807,-0.016748255,-0.017335305,-0.03662536,-0.04604144,-0.077142976,-0.0028574066,0.0049609537,-0.008382656,-0.00020665291,-0.0010953153,-0.015571198,-0.4159191,-0.020323945,0.04856432,0.015949233,-0.041496936,-0.03035168,-0.01016947,-0.020627664,-3.5641548e-05,0.00070304144,-0.040535342,0.056482177,0.0007408424,-5.6189747e-05,-7.589419e-05,-0.0011913935,6.516554e-05,-0.01516007,-0.0026266237,-0.016182236,0.010293485,-0.059151944,0.0003303469,-0.050077625,-0.002835774,0.0,0.0,0.0,0.0,0.0,-0.003262869
0.0054843184,-0.00039336242,0.0060377256,-0.011116034,-0.0029197405,-0.00085044355,-0.001277984,-0.0047450378,-0.052193392,-0.02827101,-0.16967748,0.00911074,-0.11170149,-0.010228535,-0.0136522055,-0.02781602,-0.033692602,-0.018107481,-0.06109559,-0.003256525,-0.015353446,-0.0032496569,-0.00039328673,0.0056843287,0.00073736266,-0.00135187,-0.0844918,-0.42030302,0.004314134,0.052950528,-0.009820883,-0.028707668,-0.03216013,-0.004680096,-0.018365378,-0.00012720705,0.00037171837,0.010273573,-0.013802068,0.0008248351,-0.00037834415,-1.8414214e-05,-0.002701273,-0.0031874196,-0.0059842644,-0.0019258072,0.008152611,0.004298491,-0.0032724102,0.00011200058,0.020150041,0.0046482147,0.0,0.0,0.0,0.0,0.0,-0.0022581294
-0.011480329,-0.003715567,-0.0017845455,-0.020188922,-0.0012343269,-0.0027742083,-0.0015765749,-0.0030352115,-0.054588113,-0.0061905547,-0.11929117,-0.06218419,0.0152097065,-0.004677027,-0.015063239,-0.015251796,-0.04591596,0.0012217022,-0.031153267,-5.799882e-05,-0.0069574127,-0.0027169106,-0.0012906799,0.0063001025,0.00046819943,-0.0013942386,-0.027546994,-0.39305615,0.0050210548,0.053327136,-0.007413517,0.055798493,-0.021554237,-0.0031478007,-0.03267702,9.84791e-06,-0.0003112983,0.0024314818,-0.015501256,-0.0016825844,-0.0002523627,-3.1204538e-05,-0.0013210431,5.2069234e-05,-0.0047007767,-0.0016692365,-0.021904266,0.023076504,0.08111611,0.00035956356,0.023531089,0.0052609746,0.0,0.0,0.0,0.0,0.0,-0.0019546337
-0.0079465015,-0.014281642,0.010578243,-0.018346487,-0.0011892142,-0.0032118813,-0.0005953657,-0.0040358533,-0.06077984,-0.008969381,-0.1365871,-0.058153532,-0.064217225,-0.0030176854,-0.013328537,-0.0065991986,-0.053063303,0.0011101787,-0.04006844,-0.02825521,-0.028387737,-0.0020770675,-0.0014609094,0.0044208025,-0.0017652122,-0.0013523584,-0.038770735,-0.4104944,0.005250874,0.054546528,-0.0007992787,-0.066233285,-0.017515799,-0.016057704,0.07565439,-2.1212018e-05,0.0010221698,0.0019443342,-0.0010805107,7.47627e-05,-9.0139394e-05,-2.2116697e-05,-0.0014524111,6.775351e-05,-0.005120158,-0.0016163831,-0.015378367,-0.0021772622,0.0061261505,0.00035956356,0.028859807,0.009074157,0.0,0.0,0.0,0.0,0.0,0.0018152467
-0.020402784,-0.02048147,0.0074193906,0.017476358,-0.0012732919,-0.0023678755,-0.00021331126,-0.0036348875,-0.056412563,-0.007098426,-0.108918115,-0.058908716,-0.030745603,-0.0035869475,-0.017369842,-0.012222801,0.006445088,0.0006631428,-0.032040183,-0.009220845,-0.045073308,-0.0029934836,-0.0005908119,0.0035701797,-0.0016267787,-0.0017028627,-0.052879985,-0.43636167,0.0039913533,0.027017532,-0.009609445,-0.062492654,0.002380198,-0.010368652,-0.03488855,4.0698615e-06,-0.00028026046,-0.01080577,-0.014831884,-0.0040574702,-0.00019952259,-3.1204538e-05,-0.0018462057,4.7708985e-05,-0.0030056948,-0.0015780266,-0.029578857,-0.04505725,-0.023094682,0.00020310665,0.014073848,0.0007468113,0.0,0.0,0.0,0.0,0.0,-0.014552867
-0.029050501,-0.029092656,0.0031088796,-0.0018133338,-0.00013584994,-0.00121784,-0.0014877107,-0.004632031,-0.059427906,-0.010354398,-0.14006811,-0.05919739,-0.0009335514,-0.004900713,-0.014633692,-0.017409159,-0.041338928,0.0010604971,-0.03936398,-0.000551559,-0.012564067,-0.003212216,-0.00074366725,0.0040783198,-0.0016484268,-0.0014144419,0.004590544,-0.40739536,0.00285943,-0.2927566,-0.0016532587,-0.062933564,0.017730072,-0.024402184,-0.03768046,-2.1212018e-05,0.00024416368,-0.046467103,-0.02189255,-0.0028789479,-0.0003925698,-3.1204538e-05,-0.0036966011,5.2615505e-05,-0.0035283603,-0.0015311824,0.009782629,-0.011382531,-0.007476234,7.4976095e-05,0.011544171,0.0017958407,0.0,0.0,0.0,0.0,0.0,-0.0025574032
-0.056673136,-0.031471018,0.0040940912,-0.009091604,-0.0043815025,-0.000680368,-0.0012363562,-0.005925837,-0.05084721,0.051253594,-0.101316474,-0.08040213,-0.010574806,-0.005810102,-0.018041486,0.0017091073,-0.0643589,-0.015141262,-0.03287431,-0.012892097,-0.026078831,-0.0044043874,-0.0033791538,0.0030932776,-0.0010153223,-0.0017502154,0.0063127084,-0.37186867,0.0026348904,-0.21830316,-0.0033223922,-0.027791455,0.04669412,-0.013183162,-0.055619866,6.621307e-06,-2.8936367e-05,0.0051119514,-0.03004967,-0.0046684314,-0.00037834415,-3.1204538e-05,-0.0029126923,4.576439e-05,-0.0035234024,-0.0015372793,0.0058355075,-0.034509566,0.005027324,6.508767e-05,0.006561279,0.0015842824,0.0,0.0,0.0,0.0,0.0,-0.008959528
-0.016412267,-0.00048344771,-0.032129046,-0.007883746,-0.011974484,-0.00071206834,-0.0012206157,-0.0042322306,0.055259623,-0.0041343593,0.38364065,-0.144202,0.002864906,-0.002785522,0.014925713,-0.0047829463,-0.1219886,-0.010878779,0.096360765,-0.024250587,-0.021994773,-0.005057214,-0.0092848465,0.0041212,0.0009307474,-0.00467636,0.009237448,0.6472117,0.007993262,0.027290914,-0.0019279369,0.0020329151,-0.0148641085,0.0022623376,-0.012974096,-5.5383294e-05,0.00058406446,0.0008682464,-0.00186929,0.00011850185,-0.0005905598,-3.5855403e-05,-0.00067831174,0.00019229382,-0.005254934,-0.00206042,0.010173869,0.021714473,0.02066426,7.2202e-05,0.008135938,0.0018554375,0.0,0.0,0.0,0.0,0.0,0.00028555864
-0.047970522,0.0006241598,-0.03941748,-0.005780389,-0.00081611075,-0.0018629506,-0.0014548125,-0.0022815524,-0.0520944,-0.011202474,-0.11466045,-0.06685365,0.006343297,-0.005143931,-0.011615511,-0.008329212,0.005243588,0.00022596745,-0.03288823,-0.0031264115,0.050951496,-0.00261265,-0.001703044,0.0013638085,0.0020073024,-0.00097021833,-0.013979319,-0.47055128,0.01430304,0.11145453,0.016979976,-0.042383626,-0.015380696,-0.015075065,-0.042379234,-3.5641548e-05,0.00046797475,-0.008611295,-0.009811581,-0.00024933694,-0.0004454099,-1.8414214e-05,-0.0016706081,4.9810682e-05,0.015439579,0.005652629,0.015027432,0.008977309,-0.02782308,0.0003280154,0.0039120875,-0.0022323532,0.0,0.0,0.0,0.0,0.0,-0.0005225257
-0.0487568,-0.02068181,-0.0071371915,0.03281876,-0.0002783403,-0.0016945291,0.0010295825,-0.0035956346,-0.056909163,-0.0061307424,-0.13741912,-0.05745906,0.0027350548,-0.0037012687,-0.018255992,-0.004601429,-0.022282837,0.0005016685,-0.037201475,-0.01170028,0.0206497,-0.0032837035,-0.0011157101,0.0028655373,-0.0018115591,-0.001353525,0.0066117616,-0.49251562,0.0056818975,-0.21230629,-0.024217442,-0.015220887,-0.049663715,-0.007655728,-0.06306813,2.4406687e-05,-0.0005097317,-0.004975949,-0.0132506285,0.00076368975,-0.0002523627,-1.8414214e-05,-0.0037275534,4.8952774e-05,-0.0041974136,-0.001741697,-0.019179853,-0.003975202,-0.027070118,0.00011025648,-0.008152632,-0.00443821,0.0,0.0,0.0,0.0,0.0,-0.00085373747
0.0010173506,-0.008787009,0.044141546,0.006073507,-0.00075518514,-0.0022691763,-0.0006551934,-0.0020249805,-0.05599811,-0.0019599008,-0.13347866,-0.059095986,0.01708818,-0.0019985402,-0.014231662,-0.017235743,-0.00010432495,0.0003457108,-0.035883736,-0.013608103,0.017642787,-0.0033443703,-0.00076639577,-0.012613095,-0.0006536547,-0.0014072065,-0.011337877,-0.4205967,-0.03371067,0.096913785,0.00812495,0.01503255,-0.010900062,-0.01801692,0.059536565,-3.5641548e-05,0.0028303356,-0.06492629,-0.014012785,-0.00042185438,-0.00015730408,-1.8414214e-05,-0.0025435828,-0.0034721594,-0.0051807794,-0.0018692494,0.01263025,0.025158223,-0.027751172,0.00032909148,-0.010549157,-0.0036249927,0.0,0.0,0.0,0.0,0.0,-0.00040376635
-0.03559993,-0.03694715,0.0072521614,-0.0074826158,-0.00033595422,-0.0015682136,-0.0014877107,-0.0027072032,-0.06024626,-0.0050565503,-0.14494261,-0.05865583,-0.005451057,-0.0039926805,-0.015523468,-0.025769837,-0.04720254,0.0010960221,-0.039595943,-0.008253911,-0.006744179,-0.0029860372,-0.0007867771,0.00391289,-0.0014395441,-0.0013436105,0.0066971304,-0.4013919,0.0045414753,-0.25798637,-0.0071632983,-0.06260351,0.0071087806,-0.031708438,0.033165276,-2.1212018e-05,0.00024416368,-0.07832979,-0.0075935735,0.00046423788,-0.0004454099,-2.229474e-05,-0.003362331,5.9499533e-05,-0.003510605,-0.0014348604,0.0048235087,-6.2017556e-05,-0.032138873,0.00013627773,0.009396417,0.002997656,0.0,0.0,0.0,0.0,0.0,0.0003416687
-0.015846528,-0.015614103,0.0022013148,0.0021611436,-0.001620881,-0.0012797317,-0.0012347323,-0.0019040304,-0.05850316,-0.00939124,-0.1360543,-0.058202725,0.002257792,-0.0036196094,-0.013336191,-0.0025174983,-0.012313797,0.0029132513,-0.036752418,-0.014347625,-0.023683386,-0.0024282886,-0.00071986037,-0.05286063,-0.0007675765,-0.0013357812,0.0034041815,-0.465508,0.004660333,0.04090624,-0.0035540084,-0.08989262,0.005139795,-0.017638396,0.0527598,-2.1212018e-05,0.00024416368,-0.0087711485,-0.016645314,0.00033964298,-0.0003925698,-3.1204538e-05,-0.0020481898,5.538435e-05,-0.0031720016,-0.0012451172,0.0077320384,0.0021996747,0.01520892,-0.0047395704,0.024651662,-0.008976959,0.0,0.0,0.0,0.0,0.0,0.0030460746
-0.016246976,-0.02849385,-0.0021120857,-0.021218674,-0.0011974802,-0.003082131,8.7702065e-05,-0.0031832142,-0.056322135,-0.012687412,-0.13195239,-0.05774522,0.013808878,-0.004588723,-0.014021246,-0.0055296663,0.014412577,0.0014793114,-0.038917106,-0.002056772,-0.034024812,-0.002791476,-0.0005879088,0.0049021617,-0.001346429,-0.0013596434,-0.03226579,-0.4356978,0.004118635,0.05324482,-0.0013543022,-0.0834371,-0.020984886,-0.010153207,-0.04113212,-2.1212018e-05,0.0010221698,-0.016503833,-0.0009844917,-0.0006113158,-0.00019952259,-3.1204538e-05,-0.001875241,6.00784e-05,-0.004622158,-0.0017121702,-0.032784704,-0.007177956,0.008081714,0.00035956356,0.027369518,0.007340267,0.0,0.0,0.0,0.0,0.0,-0.013168657
-0.038357165,-0.024621716,-0.0048980927,-0.005810576,9.4162024e-05,-0.001534611,-7.915504e-05,-0.003483604,-0.057397574,-0.019062398,-0.13888286,-0.060015127,-0.002117381,-0.004721057,-0.017647186,-0.021861564,-0.013336999,0.00051786046,-0.03655817,-0.011792619,0.02038494,-0.0034106537,-0.0011036063,0.0031017514,-0.001766924,-0.0013569618,0.0026241492,-0.48771727,0.0054483437,-0.24284394,-0.005789305,0.001942141,-0.02959603,-0.007267115,-0.06698179,2.4406687e-05,-0.00024919154,-0.005751096,-0.018868824,-0.004435928,-0.0004454099,-1.8414214e-05,-0.0034420812,4.9213646e-05,-0.0043502967,-0.0017128094,0.01419194,0.0025471325,-0.025121188,0.00011025648,-0.014151032,-0.003414493,0.0,0.0,0.0,0.0,0.0,-0.0010729503
-0.019745111,0.0070391223,-0.017599901,-0.048256993,-0.00026883447,-0.00091250543,0.0024325978,-0.0016603152,-0.038273767,-0.0035739222,-0.09387094,-0.039658375,0.0025381083,-0.0018424217,-0.009257751,-0.00014521662,-0.30242634,0.002643097,-0.028046839,-0.0071902494,0.07033292,-0.00211912,-0.005484257,-0.01800351,0.0007526079,-0.0008172123,0.014173342,0.7313056,0.0305496,0.1360184,0.025629662,-0.041499443,-0.01796329,-0.016945675,-0.014354633,-4.3017906e-05,0.0005093685,-0.113615766,-0.012433132,-0.0045997025,-0.00076573674,-8.4985644e-05,-0.0011101655,0.0001830334,0.012959201,0.0043370565,0.0028030674,-0.017163437,-0.013729446,0.0003515594,0.0011603985,-0.0047268677,0.0,0.0,0.0,0.0,0.0,-0.0013299728
-0.019443123,-0.039142724,-0.030613892,-0.018169628,0.0063524437,0.021527339,-0.0018359892,-0.0032084193,-0.06503923,-0.10327791,-0.12367396,-0.06297907,-0.0017443845,-0.0029508702,-0.016525503,-0.029455815,-0.08847884,-0.0050427243,-0.036342155,-0.019374516,-0.068854325,-0.0027447776,-0.0021981539,-0.010322867,-0.00010134437,-0.00093895436,-0.012983613,-0.31458178,-0.021807196,0.059642654,0.006714466,-0.028356494,-0.087699436,-0.0325123,0.103569515,-2.1212018e-05,0.00070304144,-0.050687764,-0.028350884,-0.0030535643,-9.0139394e-05,-2.229474e-05,-0.0019085468,4.346796e-05,-0.015040914,-0.0035990356,-0.0076370523,0.0058390396,-0.06706453,0.0003303469,-0.045127336,-0.0033449605,0.0,0.0,0.0,0.0,0.0,-0.0032193072
-0.03744201,0.0009945325,-0.00047896252,-0.0044853855,-0.0032122855,-0.0014699397,-0.0011100575,-0.0054841894,-0.06215166,-0.034314364,-0.14318128,-0.06557708,0.0013667202,-0.0046664746,-0.017283583,0.003157452,-0.020921499,-0.002882875,-0.041683193,-0.0072114677,-0.007948661,-0.0021526774,-0.0033695837,0.0037323695,-0.001407041,-0.0013949323,0.008387631,-0.49472302,0.0037645656,-0.3304248,-0.004158833,-0.016427696,0.019343812,0.0002961162,-0.031074053,-6.685208e-05,-0.0005097317,-0.026003,-0.019959444,-0.0028641652,-0.0002523627,-1.8414214e-05,-0.0029706787,5.5748387e-05,-0.00414545,-0.0014709133,-0.010527788,-0.008869409,0.055006593,7.531746e-05,0.009062857,0.0017714554,0.0,0.0,0.0,0.0,0.0,-0.0071252193
-0.025701119,-0.018128738,-0.034735337,-0.009218889,-0.00043110666,-0.0015144679,-0.0014809914,-0.0032188222,-0.053464796,-0.027891051,-0.13112034,-0.06128337,0.013364284,-0.004813706,-0.014653844,-0.008465413,-0.012104728,0.0016667858,-0.038722504,-0.0015060034,-0.012130971,-0.00306731,-0.0010321701,-0.052165728,-0.0007675765,-0.0014144419,-0.0023619768,-0.4738337,0.004665917,0.028909579,-0.008594848,-0.09579176,0.008164217,-0.008353033,-0.023387726,-5.132708e-05,0.0005283699,-0.0035581256,-0.009893181,0.00031612633,-0.0003925698,-3.1204538e-05,-0.0025031278,5.2615505e-05,-0.0033741014,-0.0014446086,0.010478025,0.0059740627,-0.038630143,0.00035956356,0.028162312,0.010720812,0.0,0.0,0.0,0.0,0.0,0.00097002374
-0.02781632,-0.025970325,-0.048752267,-0.02129018,-0.0008458211,-0.0027896718,-0.0005928135,-0.0021158357,-0.05832271,-0.021418195,-0.12914005,-0.05859042,0.006407849,-0.004255139,-0.017434442,-0.020269044,-0.038535863,0.0004979127,-0.034608234,-0.008169417,-0.04314875,-0.0029545866,-0.0009991652,0.0031595235,-0.0012019792,-0.0009424969,-0.025803145,-0.44550124,0.0033940526,-0.011855191,-0.010062331,-0.06396912,-0.02158745,-0.00815709,-0.053195562,9.84791e-06,-0.00018980386,-0.0054342416,-0.0015605565,0.00015476045,-0.00019952259,-3.1204538e-05,-0.0020495562,5.497204e-05,-0.0049570915,-0.0016572217,-0.015718693,-0.007661403,-0.096745506,0.00014839093,-0.045622434,-0.009122094,0.0,0.0,0.0,0.0,0.0,-0.00078138674
-0.0416839,-0.01610112,-0.07855384,-0.008661691,-0.0030359128,-0.0021860313,-0.0005862548,-0.0024946856,-0.06333719,-0.00471479,-0.14819577,-0.059711013,-0.078566335,-0.0025715628,-0.015668608,0.01469839,-0.07857516,-8.479064e-05,-0.046425954,-0.006871923,-0.035853103,-0.002297238,-0.0029794006,0.0025526562,0.00029501627,-0.0009834471,-0.022332408,-0.3429026,0.0033945185,-0.015387693,-0.009039044,0.016162219,-0.01055232,-0.026651103,-0.0014185162,-2.1212018e-05,0.0006312089,-0.07164353,-0.011751652,0.000120435194,-0.0002523627,-1.7136434e-05,-0.0017896558,5.2069234e-05,0.0255639,0.007399351,-0.01506657,-0.017542878,-0.10407497,0.00014839093,-0.03399349,-0.008115172,0.0,0.0,0.0,0.0,0.0,-0.0019427836
-0.0051855915,-0.034951717,-0.0414024,-0.024308102,-0.002658895,-0.0011420375,-0.001502228,-0.00479305,-0.06012162,-0.024467822,-0.12795126,-0.05994467,-0.08862595,-0.002887306,-0.014993643,-0.032545816,-0.012579248,-0.020572148,-0.04250132,-0.026128817,-0.033346556,-0.0028211167,-0.0031885975,-0.048463173,0.0008960024,-0.0009696533,0.0011299613,-0.31114525,-0.03516465,0.06387771,0.0067245443,-0.013800452,-0.019955786,-0.039569337,0.012015902,-2.1212018e-05,0.0013993217,-0.080946,-0.026177974,-0.0063285166,-9.0139394e-05,-1.7136434e-05,-0.001763603,3.9175473e-05,-0.010907843,-0.0030169098,-0.019061483,-0.0022355595,-0.031184329,-0.0050442456,0.017965619,-0.020877061,0.0,0.0,0.0,0.0,0.0,-0.0010307876
-0.044154342,-0.040788185,0.010278644,-0.035439204,-0.0012760486,-0.0017833192,-0.0007589186,-0.0029696885,-0.061853204,-0.021582909,-0.12411175,-0.056669157,-0.09711411,-0.0018139415,-0.018111276,-0.031177036,0.028411679,0.0004609063,-0.037231278,-0.024862703,-0.03997734,-0.0030179028,-0.0025820557,-0.048705168,0.00035529278,-0.0016407792,0.0055147763,-0.25218636,-0.029837945,0.062258575,0.0076904777,-0.009641934,-0.013756362,-0.041953288,0.008036511,-2.1212018e-05,0.0019379222,-0.0557299,-0.022196028,-0.006082517,-4.2426866e-05,-1.7136434e-05,-0.001820306,3.5094752e-05,-0.023558699,-0.0085545685,-0.017746538,-0.045527056,-0.041070048,0.00023035366,0.012576158,-0.008637601,0.0,0.0,0.0,0.0,0.0,-0.012131495
-0.034312338,-0.008093905,-0.0022803186,-0.011318281,-0.0016230572,-0.00091006915,-0.0011748702,-0.004181004,-0.06084989,0.03526932,-0.15913855,-0.06420949,0.0052930554,-0.008583872,-0.016355848,-0.0055244197,-0.010412936,-0.014589062,-0.042144157,-0.015632413,-0.022351477,-0.0028830639,-0.003939521,0.002458965,-0.001510164,-0.0016434401,0.0021363352,-0.48295432,0.0043579047,-0.22577156,-0.005336461,-0.049913038,-0.06460866,-0.004947978,-0.03808752,9.84791e-06,-0.0005097317,0.00336535,-0.020241944,-0.004487867,-5.6189747e-05,-3.1204538e-05,-0.004399944,5.245261e-05,-0.0045245555,-0.0018355859,-0.015617141,0.0014606608,-0.016811073,0.00013992799,0.013541539,0.003833049,0.0,0.0,0.0,0.0,0.0,6.537348e-05
-0.024073754,-0.0034711272,-0.055955105,-0.0026579557,-0.0005726387,-0.0016744379,-0.0006174919,-0.0016195095,-0.061314106,-0.023373716,-0.13857007,-0.06369323,0.0012862216,-0.002772807,-0.016679365,-0.0022793259,-0.02738593,0.00060948817,-0.034306437,-0.0070196358,-0.01422112,-0.0024265882,-0.0009368802,0.0031775094,-0.001159135,-0.0011769072,-0.024186054,-0.48027313,0.003503937,-0.008198475,-0.0096643055,-0.043360073,-0.021097189,-0.003767367,-0.052088767,9.84791e-06,-0.00013907746,0.0047025965,-0.018508457,-0.004328592,-0.0003925698,-3.1204538e-05,-0.0020438673,5.2872114e-05,-0.0041265427,-0.0015178084,0.009319196,-0.005916895,-0.11680373,0.00014449468,-0.047035262,-0.009423716,0.0,0.0,0.0,0.0,0.0,-0.00011514801
-0.0011906348,-0.03921885,0.018061414,-0.025484882,-0.0014809266,-0.0024028476,-0.00054500654,-0.0024020849,-0.060039617,-0.00822633,-0.14305916,-0.060218792,-0.043931548,-0.0022237992,-0.015059142,-0.017079718,-0.014951776,0.00077952933,-0.039099526,-0.0033463156,-0.022229707,-0.002501824,-0.0015473273,-0.011081082,-0.0004476076,-0.0015780311,-0.021965714,-0.45677495,-0.021594375,0.063002974,-0.0045452323,-0.022224927,-0.014015974,-0.013336986,0.044864167,-3.5641548e-05,0.0028303356,-0.06382453,-0.021352373,-0.002092996,-0.00015730408,-1.2135975e-05,-0.0012025144,5.8106256e-05,-0.005147436,-0.0019683957,0.007623852,-0.015072308,-0.016938526,0.00038712184,0.024586638,0.0033845955,0.0,0.0,0.0,0.0,0.0,-0.0027004015
-0.004196837,-0.016945591,-0.06545218,-0.02315342,-0.0013143028,-0.002520071,-0.0006244359,-0.0017003474,-0.05588996,-0.0037011341,-0.116517685,-0.059772804,0.008794543,-0.0026749575,-0.0135641815,-0.020148654,-0.051994387,0.0009083345,-0.034137923,-0.00254721,-0.014076126,-0.0029392052,-0.000982123,0.0048005166,0.0004639165,-0.00095419557,-0.025764307,-0.40756592,0.005852386,0.028126065,-0.016304515,0.025770556,-0.011791703,-0.014468386,0.033287097,-2.1212018e-05,0.00046797475,-0.0040481226,0.005875114,-0.0005719895,-0.0004454099,-3.1204538e-05,-0.0018198078,5.9499533e-05,-0.0043079588,-0.001447885,0.010635134,0.019485509,-0.0369777,0.00035566732,0.024816014,0.006103729,0.0,0.0,0.0,0.0,0.0,-0.0028883554
-0.0105187595,-0.048952904,-0.027789757,-0.028151458,-0.0026517543,-0.00080448145,-0.001037117,-0.005995217,-0.064842746,-0.023231927,-0.13214776,-0.062415946,-0.071764134,-0.009439353,-0.013770626,-0.031494863,-0.014224303,-0.016997077,-0.04321193,-0.018682512,0.03829957,-0.0029916333,-0.0029611639,-0.015735041,8.371089e-05,-0.001051978,-0.0009384042,-0.3973794,-0.03648167,0.08669198,0.007506639,-0.01879847,-0.00899004,-0.0052900603,-0.022993468,-3.5641548e-05,0.0013993217,-0.037769586,-0.028837014,-0.0066425097,-0.0001429795,-1.2135975e-05,-0.0017053777,4.2643656e-05,-0.027786823,-0.009109099,-0.0154080605,0.010797104,-0.03948798,-0.004307815,-0.0142080095,-0.00015041471,0.0,0.0,0.0,0.0,0.0,-0.0018966958
-0.0070599853,-0.015563971,-0.05428954,-0.01942792,-0.0014918377,-0.0025574237,-0.0014607954,-0.0045296713,-0.059180893,-0.0008456547,-0.11826748,-0.059065912,-0.042031284,-0.0034669347,-0.01648251,-0.021452857,-0.05783786,0.0007582815,-0.036325157,-0.032617226,-0.03756622,-0.0027550752,-0.003198666,-0.022138523,-0.0004520152,-0.000931775,-0.025244376,-0.35812628,-0.018742053,0.057237152,-0.0066886693,-0.02428082,-0.015459463,-0.021380797,0.029747669,-2.1212018e-05,0.0009832537,-0.052594468,-0.023833461,0.00022194762,-0.00010446398,-2.2116697e-05,-0.0011681437,5.636926e-05,-0.0051792455,-0.0018074212,0.0037357807,-0.01615526,0.05127227,0.0003839477,0.025508946,0.0031297961,0.0,0.0,0.0,0.0,0.0,-0.0030909802
-0.043433953,-0.0009824305,0.0022850195,-0.021938657,-0.0032058544,-0.0009817821,0.0002123477,-0.008680515,-0.054642655,-0.0015651863,-0.16786657,0.00091258355,-0.105882645,-0.012445106,-0.018167946,-0.010333551,-0.026863787,-0.011895283,-0.059486672,-0.015847782,-0.011098003,-0.003133766,-0.0035750272,0.0022613062,-0.0016429063,-0.001359068,0.00075301103,-0.41952482,0.0033674156,-0.25613028,-0.0064220587,-0.033042967,-0.008464236,-0.010650156,-0.05296595,6.621307e-06,-7.3555275e-05,-0.0153835565,-0.019886486,-0.004552295,-0.00037834415,-3.1204538e-05,-0.0032506448,4.7851398e-05,-0.0031414253,-0.0013805762,0.009238865,-0.011937267,0.03092049,7.531746e-05,0.004052937,0.0016704234,0.0,0.0,0.0,0.0,0.0,-0.0017428398
-0.015847746,0.00091543456,-0.06918466,-0.0030541273,-0.0032179723,-0.0013913739,-0.0006308021,-0.0025184716,-0.057350915,-0.023592522,-0.11571527,-0.06611792,0.013833419,-0.0030835548,-0.012771134,0.0008597288,-0.054241423,-0.0044917106,-0.035618264,-0.00080036744,-0.022135915,-0.0023899204,-0.0010137212,0.0053692427,0.000269017,-0.0011591277,-0.023504045,-0.45866248,0.0045151953,0.05830573,-0.0010190445,0.008953645,-0.021371385,-0.018772928,0.040585335,-2.1212018e-05,0.0009832537,-0.046330888,0.0058229547,0.000316106,-0.00050936197,-3.1204538e-05,-0.002901363,6.99589e-05,-0.003403844,-0.001025075,0.010777969,-0.015003494,0.0824457,0.0003563926,0.032904208,0.007623048,0.0,0.0,0.0,0.0,0.0,-0.0026780413
0.015938,-0.008708719,-0.04322048,-0.018444546,-0.0018852366,-0.0008668844,-0.0010356628,-0.0030711333,-0.066685624,-0.038603954,-0.15840429,-0.06431713,-0.0026790162,-0.0025372456,-0.013911443,-0.0128084645,-0.006755797,-0.016242553,-0.037392594,-0.0041389787,-0.011071303,-0.0019902596,-0.0005517649,-0.03434352,0.00065587566,-0.0009556991,-0.00065619074,-0.48559433,0.005497419,-0.020283021,-0.0065057636,-0.029396458,-0.011698111,-0.015870694,-0.016371978,6.838396e-06,-0.00034771947,-0.018355884,-0.014023838,0.0013614326,-4.2426866e-05,-1.8414214e-05,-0.0020712179,5.6416684e-05,-0.009934718,-0.004370006,-0.010740334,-0.007853806,-0.123157576,0.00014911618,-0.04155864,-0.013336331,0.0,0.0,0.0,0.0,0.0,-0.000860158
-0.05318773,-0.0064155664,-0.043564107,-0.017456774,-0.00055874424,-0.0022834816,-0.000684893,-0.003178033,-0.06347319,-0.023285408,-0.13784567,-0.059695736,-0.031083185,-0.0031986448,-0.017998327,-0.0084617715,-1.9795934e-06,0.0009288998,-0.035733562,-0.010179117,-0.02351419,-0.0032462815,-0.0015360314,0.0034362308,-0.001976747,-0.0011769072,0.0075895023,-0.49313462,0.004466078,-0.23783448,-0.0016170029,-0.027795305,-0.053178728,-0.0068002143,-0.05426664,2.4406687e-05,-0.0005483644,-0.0041431035,0.0049027936,0.00012451274,-0.0001429795,-1.4589201e-05,-0.0033788309,6.260432e-05,-0.0052631577,-0.0019155968,-0.011509283,0.0002167092,0.0033843578,0.00013920275,0.00972749,0.0026337586,0.0,0.0,0.0,0.0,0.0,-0.0031879868
-0.00412872,-0.009963607,0.0025201857,-0.015459669,-0.001611136,-0.0011464455,-0.0006766687,-0.0043139867,-0.0719139,-0.02699147,-0.17335163,-0.06343146,-0.0027505576,-0.0029328354,-0.01574607,-0.01511937,-0.033628467,-0.011371632,-0.045383032,-0.029180765,-0.033473946,-0.0030696956,-0.0005976319,0.0029448983,0.0003734279,-0.0014096962,-0.0070037427,-0.43978134,0.0046160994,-0.17944364,-0.0088646,0.030853957,-0.03895703,-0.0038523877,-0.03331445,-5.132708e-05,-0.00024919154,-0.0006800309,0.008413068,0.00035740636,-5.6751454e-05,-3.1204538e-05,-0.0038890224,7.023424e-05,-0.005052142,-0.0016649925,0.01022918,0.017299391,-0.050356872,0.00011098173,-0.017181098,-0.0052042934,0.0,0.0,0.0,0.0,0.0,-0.0003835244
0.018410753,-0.0014866694,-0.033093277,-0.0142172305,-0.0018589641,-0.0022476306,-0.0008925468,-0.0024839905,-0.057387937,-0.05365643,-0.103695005,-0.07771209,-0.009353193,-0.0047775507,-0.014907638,-0.022688238,-0.04869419,-0.0013130362,-0.030044476,-0.042154584,0.023144031,-0.004207392,-0.0025086945,-0.013789049,0.00065634627,-0.0009743488,-0.017032756,-0.4519585,0.022696972,0.084864385,0.018578306,-0.02759917,0.014457576,-0.01058472,-0.042942613,9.84791e-06,-0.00018278578,-0.018040048,0.0029746054,0.0008315688,-4.8725895e-05,-3.1204538e-05,-0.0011741093,5.5051147e-05,-0.009360574,-0.0036622658,-0.029379275,-0.007624141,-0.0068817283,0.00038837726,0.0010363902,0.002970202,0.0,0.0,0.0,0.0,0.0,-0.002477485
-0.012216164,-0.0011471532,-0.009533865,-0.011137771,-0.0020818764,-0.005467377,-0.00085985794,-0.0036996338,-0.041780338,-0.0068988213,-0.10029,-0.045985717,-0.0691879,-0.002638352,-0.012126278,-0.008995353,0.09177571,0.0048122075,-0.029492395,-0.049804844,-0.08971449,-0.0017763366,-0.0014863124,0.0034946299,0.0010153985,-0.0006614312,-0.0379125,0.81846917,0.01238737,0.06626998,0.0007664226,-0.020778114,-0.032962482,-0.017215412,0.015659373,-0.00010194289,0.00037739697,-0.013431663,0.010097401,-0.0047832737,-0.00019518514,-2.4853873e-05,-0.00092268566,0.00028745877,-0.0029764753,-0.0009069425,-0.012042608,-0.013995982,0.029432727,0.00039661487,0.021272568,0.0031723944,0.0,0.0,0.0,0.0,0.0,-0.004940103
-0.01121139,-0.004747417,-0.036418088,-0.0008741345,-0.0020201346,-0.0011008605,-0.000918671,-0.0033792693,-0.06576382,-0.008574388,-0.14482142,-0.055790346,0.003725267,-0.0030916708,-0.014462423,-0.00024196027,-0.039679635,-0.004965114,-0.03915332,-0.009761063,-0.0013990973,-0.0025922463,-0.0013530662,0.0026303174,-0.0018918553,-0.0013906293,-0.033660546,-0.4460955,0.005201669,-0.048321422,-0.01851849,0.016261555,-0.006996815,-0.037492927,0.07178334,-2.1212018e-05,0.00046797475,-0.083034046,-0.021454668,-0.0034291083,0.00013202833,9.947118e-06,-0.0021309368,5.5407196e-05,-0.0034292191,-0.0012561625,0.009790018,0.0026984601,-0.089819305,0.00014911618,-0.03774005,-0.008173805,0.0,0.0,0.0,0.0,0.0,-0.0041330326
0.0012755891,-0.042004045,-0.064566806,-0.021238673,-0.001400387,-0.0014116622,-0.0005169686,-0.0019990264,-0.05566218,-0.00437375,-0.10730201,-0.06251216,-0.031192686,-0.0030684178,-0.015337672,-0.017829642,-0.050421476,0.00022324084,-0.02939974,-0.003925794,-0.035849296,-0.0029975276,-0.0030795124,-0.021966236,-0.000261766,-0.0012493526,-0.0199706,-0.35926282,-0.015635693,0.06275971,-0.0063022273,-0.004566677,-0.014248581,0.013123228,-0.057259873,-3.5641548e-05,0.0009832537,-0.038927108,-0.027228205,-0.0022467265,-0.00010446398,-1.2135975e-05,-0.0014938924,4.7496338e-05,-0.00543226,-0.0017962183,0.008137092,-0.05802751,0.020807965,0.00023066493,0.015699437,0.0019431623,0.0,0.0,0.0,0.0,0.0,-0.012553599
-0.01276638,-0.0043794024,-0.042146277,-0.01600531,-0.0019715363,-0.0053438144,-0.0010074363,-0.0048484975,-0.059890587,-0.024433779,-0.11897589,-0.06533557,-0.04175549,-0.0034247919,-0.015446171,-0.028227396,-0.007470276,-0.0138120325,-0.040273204,-0.05667192,-0.09415987,-0.0032387443,-0.0013614207,-0.01019295,-0.00027792846,-0.0009874329,-0.01696235,-0.37129173,0.011550536,0.07968147,0.015647035,0.002022235,-0.025947453,-0.008160712,-0.030381942,-2.1212018e-05,0.0011464878,-0.015202806,0.029533315,0.00038900122,-9.0139394e-05,-2.2116697e-05,-0.0017194056,6.78932e-05,-0.005617759,-0.001913071,-0.041758377,-0.010307528,-0.06425799,0.0003280154,-0.034827143,-0.0041101915,0.0,0.0,0.0,0.0,0.0,-0.0019946257
-0.01982888,-0.008162731,-0.030380106,-0.0031556024,-0.0011144539,-0.0020785553,-0.0006726068,-0.0027551954,-0.062059607,-0.024268568,-0.15058468,-0.060409725,0.0011876145,-0.0033395484,-0.01794145,-0.0015028188,-0.044369627,0.0011872952,-0.040658515,-0.017676527,-0.019529155,-0.002498321,-0.0015931166,0.0035416358,0.0006160117,-0.0013718179,0.0013852225,-0.47144696,0.0037515028,-0.24978448,-0.0032006372,0.007826153,-0.037003465,-0.008355631,-0.051370308,9.84791e-06,-0.0003882372,-0.009079485,-0.009863114,0.0002237661,-9.0139394e-05,-3.1204538e-05,-0.0032405606,5.08921e-05,-0.005635149,-0.0019220711,-0.011119679,-0.015626308,-0.0069867987,0.00013920275,0.013320838,0.0038231965,0.0,0.0,0.0,0.0,0.0,-0.0031900718
-0.010689823,-0.025579035,-0.005059898,-0.013560165,-0.0011079137,-0.0038475893,-0.0006475943,-0.0049911267,-0.0542538,-0.022565648,-0.11579891,-0.06877807,-0.051466618,-0.004847513,-0.017141683,-0.027240507,-0.06693636,0.0010969085,-0.03534486,-0.035382338,0.019118285,-0.0038684728,-0.0022498886,-0.019190483,-0.00042068015,-0.001426666,-0.017401667,-0.3393239,-0.023768958,0.059236526,-0.0008806818,0.009967882,-0.033666376,-0.012748252,-0.059383083,9.84791e-06,-0.0011337408,-0.00544556,0.010248874,-0.00043960218,-4.8725895e-05,-2.2116697e-05,-0.0014691693,4.501771e-05,-0.005411076,-0.0018981261,-0.025415944,0.023430413,-0.040052637,0.00038419684,0.003288785,0.002640416,0.0,0.0,0.0,0.0,0.0,-8.5162945e-05
0.00095258,-0.007907104,-0.050966404,-0.014224725,-0.0019631232,-0.002399793,-0.0006096145,-0.001513273,-0.06892825,-0.009814593,-0.15962015,-0.059481405,0.0033053278,-0.0024041587,-0.015163604,-0.015987396,-0.042939264,0.00050373987,-0.041784942,-0.011607036,-0.029035281,-0.0029131249,-0.0013361865,0.0031099592,-7.219045e-05,-0.0013540384,-0.022996884,-0.42208865,0.0048129186,-0.008043161,-0.0062398966,0.017920772,-0.020081414,-0.013780477,0.029654475,-2.1212018e-05,0.0011464878,-0.049675252,-0.015750969,-0.0005642795,-9.0139394e-05,-3.1204538e-05,-0.0019978578,5.701874e-05,-0.00474258,-0.0014743826,-0.017483758,0.013477818,-0.11479322,0.00014911618,-0.047789276,-0.0082042385,0.0,0.0,0.0,0.0,0.0,-0.004054769
-0.02775372,-0.009760751,-0.006635584,-0.012492008,0.0034344972,0.017555926,-0.00066061376,-0.0028804517,-0.06178745,-0.038836684,-0.15873075,-0.06171333,0.003937963,-0.003653642,-0.01818994,-0.0079679,-0.03892318,-0.019623805,-0.038055796,-0.008431385,-0.033373885,-0.002573705,-0.0010047333,0.0029729453,0.00041977686,-0.0015856033,-0.004736521,-0.44530866,0.004671193,-0.17423536,-0.00800258,0.020728018,-0.021674987,-0.008966921,-0.046212144,9.84791e-06,-0.0005097317,-0.0003678414,0.0050717797,0.00029813257,-9.0139394e-05,-3.1204538e-05,-0.0065733455,6.174727e-05,0.02849405,0.007899996,-0.011554224,0.01155079,-0.06873621,0.00011098173,-0.018589724,-0.0045138537,0.0,0.0,0.0,0.0,0.0,-0.00019731728
-0.018662632,-0.0011262706,-0.025453774,-0.016415998,-0.0005043294,-0.0018358689,-0.0016161589,-0.004773111,-0.06907472,-0.02329539,-0.16539153,-0.0621144,-0.0357784,-0.003142434,-0.018532403,-0.011678372,-0.08938913,0.0005524908,-0.042850148,-0.007148088,-0.023929492,-0.002849095,-0.0028825486,0.0030199972,-0.0022621753,-0.0013718179,0.0077945264,-0.40207738,0.004334642,-0.1800145,-0.007479779,-0.044439986,-0.030417763,-0.0023665456,-0.055557515,9.84791e-06,-0.0005483644,0.0016211204,-0.017928882,-0.0026102895,-9.0139394e-05,-2.2116697e-05,-0.003977049,5.334121e-05,-0.0065175327,-0.0023741354,-0.010364663,-0.0045291767,-0.059595115,0.00011025648,-0.017002817,-0.0065773013,0.0,0.0,0.0,0.0,0.0,-0.0006483927
0.0062275613,-0.04632337,-0.0014676424,-0.009591253,-0.0032202045,-0.0016481335,-0.00094309385,-0.0042414307,-0.061241705,-0.042421438,-0.14198604,-0.065972574,-0.02765238,-0.004008746,-0.014168135,-0.014296676,-0.004535426,-0.011979878,-0.039477877,-0.03683345,-0.024567867,-0.0024853148,-0.0010002076,0.0043582,0.0006228978,-0.0014096962,-0.033678316,-0.46765727,0.005411357,0.05422611,-0.0009726517,-0.025858045,-0.027063264,-0.0074493163,-0.028470539,-3.5641548e-05,-0.00037950097,0.001631802,-0.014367303,0.00103562,-4.2426866e-05,-1.4589201e-05,-0.0013253831,5.1732146e-05,-0.011308763,-0.0030450188,-0.016925715,-0.0018034751,0.019093612,0.00036028883,0.029572714,0.010195267,0.0,0.0,0.0,0.0,0.0,0.00064044644
-0.011940257,0.00069295,-0.069811985,-0.012047764,0.0005987435,-0.0043603405,-0.0013064527,-0.0019181281,-0.039976243,-0.014755965,-0.11352438,-0.040000364,0.0039287796,-0.0014122517,-0.013523817,-0.0033187107,-0.07418229,0.0049854666,-0.022546524,-0.0531014,0.0034194894,-0.0016114892,-0.0043202676,0.012481276,0.0062042503,-0.00072064705,0.022170182,0.8903658,0.004946836,0.009972651,-0.017172657,-0.019979548,-0.018880628,-0.00013820015,-0.011982558,3.1849137e-05,-0.00013903546,0.007970341,-0.011531859,1.3229508e-05,-0.00076573674,-8.4985644e-05,-0.0030511413,-0.01011331,-0.0028468955,-0.0008983543,0.0042092125,0.0023273472,-0.0790077,0.00014148816,0.030469615,-0.01280666,0.0,0.0,0.0,0.0,0.0,0.0046168957
-0.035460453,-0.0034552624,0.004340563,0.018608728,-0.00035375002,-0.0023050068,-0.0008410091,-0.008882743,-0.061008815,-0.010549968,-0.19052932,-0.007575754,-0.04559665,-0.0072361976,-0.016256237,-0.012148424,-0.06427588,-0.008439724,-0.06463905,-0.007488179,0.004744146,-0.0029175854,-0.0008977698,0.0020414519,-0.001993198,-0.0012463849,-0.013658184,-0.44560683,0.004978945,-0.059754904,-0.021359107,-0.051919363,-0.020228924,-0.005135451,-0.026817191,-2.1212018e-05,8.081552e-05,-0.043358352,-0.0008711638,0.00044847897,-0.00037834415,-0.0005340816,-0.0022871755,5.7661247e-05,-0.0031350716,-0.0012595698,0.007979315,-0.006782884,-0.07438593,0.00014839093,-0.024006722,-0.0087317005,0.0,0.0,0.0,0.0,0.0,-0.0032588476
-0.012650403,-0.018352523,0.016148647,0.02231486,-0.0010282244,-0.0026860323,-0.0008128123,-0.003010214,-0.05683295,-0.0064349766,-0.112968184,-0.060602803,-0.024033029,-0.0037449016,-0.017763814,-0.005232001,-0.039974112,0.0012280267,-0.032565445,-0.007755349,-0.0051081665,-0.003136096,-0.0006181562,0.003513958,-0.0011409878,-0.0016453826,-0.036541205,-0.45725265,0.0057433257,0.030886397,-0.011906117,-0.07340091,-0.014765489,-0.008213789,-0.042198323,-2.1212018e-05,-0.0003112983,-0.003986435,-0.012854848,-0.002331916,-0.0002523627,-3.1204538e-05,-0.0014494024,4.7423586e-05,-0.0036676235,-0.0015102786,-0.013641568,-0.059403557,-0.011170454,0.00020310665,0.010501612,0.0067056385,0.0,0.0,0.0,0.0,0.0,-0.024060218
-0.032381292,-0.0021317848,0.0031969908,-0.010292769,-0.0006036374,-0.0017322067,-0.00020532121,-0.003780727,-0.06375566,-0.019917613,-0.13495395,-0.058831446,-0.01543345,-0.004749836,-0.01878249,-0.0042261556,0.0031825507,0.0010442506,-0.037242517,-0.013269346,-0.037049383,-0.0028405453,-0.0007502048,0.0035289386,-0.0018706296,-0.0016107875,0.007694777,-0.46666095,0.0036023408,-0.24640982,-0.0069390396,-0.006907474,-0.033901867,-0.008722985,-0.05757682,4.0698615e-06,-0.0005097317,-0.010585303,-0.015901977,-0.0041009784,-0.00019952259,-3.1204538e-05,-0.0038133182,4.6875495e-05,-0.0041811406,-0.0016495191,-0.022438854,-0.030367706,-0.027911479,0.00010418629,0.0066823047,-0.0017953024,0.0,0.0,0.0,0.0,0.0,-0.010470215
-0.024962246,-0.021209218,-0.0039484333,-0.017358605,-0.00024801953,-0.0016690232,0.00011793661,-0.0045466986,-0.067317225,-0.010102238,-0.16295397,-0.05962519,-0.0040783226,-0.004516162,-0.015660489,-0.003140417,-0.030938411,0.00047995846,-0.039349385,-0.0044068997,0.0077158194,-0.002728957,-0.0006956664,0.0031292422,-0.0027791054,-0.0013908017,0.004809464,-0.4469938,0.0053812778,-0.24353915,-0.011922076,-0.0006508559,-0.030856727,-0.029237643,-0.04638776,4.0698615e-06,-0.0005097317,-0.060756765,-0.017409515,-0.0040293396,-0.0002523627,-2.229474e-05,-0.0040563266,5.2069234e-05,-0.0061710365,-0.0021387364,-0.015356898,-0.0031251123,-0.0451145,0.00011025648,-0.014580257,-0.0036578993,0.0,0.0,0.0,0.0,0.0,7.831926e-05
-0.035951577,-0.02227811,-0.01132129,-0.019331139,-0.002679387,-0.00011865888,-0.0013606679,-0.004794399,-0.05820518,-0.032561887,-0.11253865,-0.061816696,-0.05182738,-0.007201428,-0.016137231,-0.02814968,-0.021379627,-0.016861934,-0.03607075,-0.039004393,-0.047952417,-0.00219602,-0.004154471,-0.010516452,-9.411754e-05,-0.0009696533,-0.011678822,-0.34255412,-0.019168166,0.07218518,0.009100932,-0.014203249,-0.024149198,-0.026455421,0.024706803,-2.1212018e-05,0.0006389818,-0.06178448,0.036189444,0.00029243794,-0.00021991535,-2.2116697e-05,-0.0017518983,5.78944e-05,-0.009826854,-0.0026705556,0.016241763,0.0016345461,-0.0077765984,0.00038837726,0.024595715,-0.0024024018,0.0,0.0,0.0,0.0,0.0,-0.0036359907
0.017040927,-0.025162421,-0.012814485,-0.012637429,-0.002111413,-0.0010466113,-0.0020007212,0.0015382125,-0.066264026,0.01605961,-0.21009304,0.021635545,-0.009891781,-0.0014119417,-0.014481261,-0.01264097,-0.09564344,-0.01380983,-0.06725886,-0.0028616893,-0.026573483,-0.0023578992,0.010438955,0.0023567048,0.00038597677,-0.002095976,-0.0041476954,-0.37301904,0.00430672,-0.2174076,-0.00080682593,-0.045922652,-0.0798233,-0.0028919668,-0.018339364,-2.1212018e-05,-0.00034495853,0.008126242,0.017404325,0.0007499011,-7.051433e-05,-3.1204538e-05,-0.0058265277,-0.0035641876,-0.010100797,-0.0038390774,0.0063287048,-0.0027029277,-0.002888351,0.00013992799,0.012220064,0.0039816485,0.0,0.0,0.0,0.0,0.0,-0.00046354832
-0.015811317,-0.010404248,-0.0027763504,0.0029596428,0.0037756972,0.015597668,-0.0014206222,-0.0033538071,-0.06519491,-0.0101068495,-0.15166588,-0.060920127,-0.09258727,-0.0025359886,-0.014540891,-0.0046413494,-0.002058002,-0.0044467393,-0.039528247,-0.0047937934,-0.0056853676,-0.002466299,-0.0005668875,0.0029077176,-0.0011193466,-0.0015614539,-0.014744276,-0.44084105,0.0035654565,-0.006419375,-0.009547106,-0.095032156,-0.0071420446,-0.002183111,0.044474643,-2.1212018e-05,0.00018376857,0.0033063942,-0.015487549,-0.0018227663,-0.00021991535,-3.1204538e-05,-0.0055175214,5.72492e-05,-0.0036460573,-0.0012322182,0.006124744,-0.001515311,-0.10657259,0.00014911618,-0.042065088,-0.0104757985,0.0,0.0,0.0,0.0,0.0,0.00095568283
-0.014479513,0.004724575,0.007641797,-0.017730856,-0.0015123619,-0.0012448255,-0.0007045415,-0.0021320775,-0.07017821,0.0005915671,-0.1592199,-0.05851285,-0.005370914,-0.0032323536,-0.015559269,-0.005898365,-0.024444805,0.0009888727,-0.040423848,-0.01172895,-0.0039388007,-0.002656624,-0.0010549544,0.0037314177,-0.0027643323,-0.0013906293,0.007355625,-0.41745913,0.0053702267,-0.26666272,-0.0052811676,-0.04701583,-0.027193736,-0.028916655,0.07011907,-2.1212018e-05,0.004365017,-0.07488747,-0.025214754,-0.0029024472,-0.0001429795,-2.229474e-05,-0.0034604408,5.6404002e-05,-0.004530261,-0.0015788529,-0.004303249,0.0026087991,0.06797402,0.00013661908,0.008322363,0.0025937972,0.0,0.0,0.0,0.0,0.0,-0.0019112178
-0.058877617,-0.004150726,-0.045988183,-0.0050726123,-0.0012235051,-0.0015207416,-0.00069200003,-0.004472005,-0.060984466,-0.03336939,-0.14029288,-0.063112356,0.0017467192,-0.004345221,-0.018109329,0.00075487257,-0.011324469,-0.0043203994,-0.03770795,-0.0065599536,-0.029527482,-0.0029551946,-0.0010599346,0.0028611931,-0.0010679439,-0.0011785872,0.003321973,-0.5131073,0.0047612605,-0.19801253,-0.013846016,-0.027188906,-0.04541063,-0.006143056,-0.041403,2.4406687e-05,-0.00033751084,-0.0040205885,0.003858242,0.00107611,-0.0007974678,-1.8414214e-05,-0.004691903,-0.003220729,-0.0038914133,-0.00142579,0.007761347,-0.0026962305,-0.03754297,0.00011098173,-0.019853491,-0.005654818,0.0,0.0,0.0,0.0,0.0,-0.00047724452
-0.037287686,-0.006376033,0.007432894,0.015041886,-0.0012877884,-0.002627776,-1.578307e-05,-0.0021465975,-0.056428462,-0.006868811,-0.11006738,-0.056954414,-0.030621618,-0.0035511958,-0.017620403,0.011450922,0.019253202,0.00075564906,-0.03361362,-0.010417778,-0.046952147,-0.0028351247,-0.00077818555,-0.013202145,-0.0028778645,-0.0016142243,-0.025267033,-0.45388618,-0.017015714,0.07929977,0.019505596,-0.09044209,-0.01768711,-0.016000377,-0.05288354,9.84791e-06,-0.0011337408,-0.0035145392,-0.003811205,-4.4452056e-05,-9.0139394e-05,-3.1204538e-05,-0.0018526297,4.765518e-05,-0.0035616665,-0.0014330487,-0.027016038,-0.035845872,-0.013551009,0.00023066493,0.0070781745,-0.005016994,0.0,0.0,0.0,0.0,0.0,-0.008886157
-0.02945834,-0.005431678,-0.046577573,-0.01868758,-0.00027500978,-0.0029807917,-0.0011783076,-0.00466866,-0.066128604,-0.024004016,-0.15467526,-0.06766719,0.0014316473,-0.004109946,-0.017701758,-0.021159343,-0.027415909,0.0009271494,-0.03659945,-0.006221041,-0.037551105,-0.0020708377,-0.0010494927,0.0029762636,-0.00084849854,-0.0009424969,0.002910252,-0.4442788,0.0036620698,-0.17800525,-0.009875343,-0.07431231,-0.0358358,-0.00513063,-0.039102625,-5.132708e-05,-0.0003882372,0.00022428493,0.00956775,-0.0005680846,-9.0139394e-05,-3.1204538e-05,-0.0047830236,6.4670196e-05,-0.005374438,-0.0018006106,-0.015430407,-0.00863818,-0.058460996,0.00011025648,-0.01888079,-0.004934083,0.0,0.0,0.0,0.0,0.0,-0.003147242
0.009145932,-0.009779075,-0.007133362,-0.013382927,0.001250647,0.012133315,-0.0010236279,-0.00366967,-0.07392923,-0.018913962,-0.18132222,-0.06850502,-0.008725314,-0.005569563,-0.015198404,-0.01656466,-0.043336928,-0.013515552,-0.045895934,-0.03974775,-0.036598455,-0.002132845,0.005365461,0.0017935905,-2.4224566e-05,-0.0018703031,-0.0062772166,-0.41337547,0.0043624835,-0.14781831,-0.006718781,-0.03321983,-0.044700336,-0.03414239,-0.01931014,-2.1212018e-05,-0.0005205948,-0.056454107,-0.025273403,-0.005472673,-7.051433e-05,-3.1204538e-05,-0.0045691757,4.3312204e-05,-0.009884755,-0.0036969767,0.00617879,-0.0089122625,-0.060558535,0.00011098173,-0.022530954,-0.00594593,0.0,0.0,0.0,0.0,0.0,-0.0016897926
-0.025374686,-0.037866175,-0.003145835,-0.020177634,-0.0028601356,-0.0022626882,-0.0008460669,-0.003475681,-0.058340456,-0.047285575,-0.17049941,-0.018658323,-0.0056471718,-0.004282203,-0.017190408,-0.028569072,0.013813681,-0.010209385,-0.058038868,-0.033528056,-0.042951297,-0.002593882,-0.0021171283,-0.012561834,-0.0002024177,-0.0016619187,-0.016543526,-0.38668284,-0.02648696,0.069263,0.007274342,0.0020987375,-0.03335791,-0.015711743,-0.034509372,9.84791e-06,-0.00035016032,-0.016981106,-0.022384962,-0.0046564396,-5.6189747e-05,-3.1204538e-05,-0.0016183679,3.598191e-05,-0.009076423,-0.0027167352,-0.02559255,-0.047986,-0.011779609,0.00023139018,0.014246,-0.004868242,0.0,0.0,0.0,0.0,0.0,-0.009407368
0.02871633,-0.00518736,-0.0064915414,-0.011601908,-0.0016306558,-0.0008317211,-0.0015658055,-9.747171e-05,-0.06798343,-0.006988953,-0.16696139,-0.06663014,0.0019157137,-0.0038650413,-0.013866311,-0.010790508,-0.046076644,-0.016445233,-0.04580617,-0.02155439,-0.0029445665,-0.0029084582,0.011783169,0.0022459554,-0.0010125116,-0.0015610495,0.003131797,-0.41070926,0.0052983393,-0.22015622,-0.0053022867,-0.02083361,-0.0380825,-0.046909053,-0.031336028,-2.1212018e-05,0.0019379222,-0.089482024,-0.03946003,-0.008919661,-7.591375e-05,-2.229474e-05,-0.0034725599,5.4373235e-05,-0.007760693,-0.0040837834,-0.009255637,-0.01005681,-0.02137887,0.00013661908,0.010017525,0.002488642,0.0,0.0,0.0,0.0,0.0,-0.0029086913
-0.073003285,-0.01802947,-0.002779042,0.01249148,-0.0003151038,-0.001345912,0.0025157216,-0.0067658555,-0.05331121,0.023736827,-0.15668167,0.009114605,-0.077861525,0.0022896407,-0.019303314,-0.035711534,-0.104978845,-0.045134123,-0.055294305,-0.015409702,-0.007929708,-0.00431491,-0.0011515624,0.0017293959,-0.006787005,-0.001246873,0.0068644527,-0.41393486,0.0054483437,-0.16865124,-0.014309497,-0.017151294,0.013051682,-0.0043415832,-0.040112223,6.6646526e-06,-0.00028947648,0.005219109,-0.021223925,0.0011190481,-0.00018529693,-0.0005340816,0.11705631,-0.002291848,-0.0058359946,-0.0015407978,-0.013139641,-0.0018650715,-0.01914703,0.00013920275,-0.009750482,-0.004403882,0.0,0.0,0.0,0.0,0.0,-3.0254312e-05
0.06912542,-0.023874545,-0.022777323,-0.0043233926,0.0010732734,0.01353882,-0.0011873915,0.029842082,-0.057199568,0.10892411,-0.12283344,-0.060320113,0.0058879317,-0.0029066452,-0.014526781,-0.00032287947,-0.032578394,-0.034579117,-0.0293462,-0.018351937,-0.026294028,-0.002017133,0.00500272,0.0016270382,0.00031846433,-0.0012778771,-0.0031072402,-0.40032592,0.0059329206,-0.075671434,-0.009240399,-0.11172357,0.019941248,-0.0044749305,-0.008722589,9.84791e-06,-0.00022933849,0.021856934,0.066934444,0.0010288669,-7.591375e-05,-3.1204538e-05,-0.0043581235,5.3149994e-05,0.02038388,0.0061696726,-0.014019281,-0.0058210758,-0.07300764,0.00011151189,-0.016309297,-0.004787913,0.0,0.0,0.0,0.0,0.0,-0.0011208861
-0.0059334505,-0.0063122073,-0.015407844,0.0020995843,-0.001216432,-0.002827014,-0.0006088457,-0.003053123,-0.05866166,-0.013605945,-0.13367635,-0.05972843,0.01258551,-0.0030987987,-0.013789501,0.0008436095,-0.004092245,0.001383738,-0.035956223,0.003364478,-0.013478373,-0.0020648297,-0.00096605835,0.0062688566,0.0004866119,-0.0013718179,-0.028331256,-0.45145914,0.0037428688,0.06166432,-0.00014325383,0.038455274,-0.027866418,-0.005402119,-0.036857877,-0.00012720705,-0.0003112983,0.0041343663,-0.016311074,-0.00046874824,-0.00019952259,-1.8414214e-05,-0.0013017498,5.603378e-05,-0.0050428035,-0.0017686355,-0.019189779,0.019428195,0.08424309,0.00035956356,0.030241732,0.0055114324,0.0,0.0,0.0,0.0,0.0,-0.0013248085
-0.0013910229,0.0071372637,-0.05165621,-0.01658297,-0.0021375644,-0.0013005517,-0.0009050884,-0.0072616665,-0.05692075,-0.02285802,-0.12839492,-0.06273604,-0.007031591,-0.0038326688,-0.01130601,-0.020248422,-0.0096785715,-0.010965259,-0.03798791,-0.0052643055,0.028472606,-0.0028637443,-0.0036473456,-0.006857655,-0.00012486434,-0.0014851083,-0.006865675,-0.45715344,-0.029801488,0.10223768,0.014172797,-0.019518282,-0.031515233,-0.023960406,0.029453697,-3.5641548e-05,0.0006389818,-0.032233275,-0.023262283,-0.004109073,-9.023833e-05,-1.8414214e-05,-0.0016548692,5.41725e-05,-0.009340134,-0.0040435703,0.0103274165,-0.010221468,-0.025938975,0.0003259205,-0.014307586,-0.0029637795,0.0,0.0,0.0,0.0,0.0,-0.0011554273
-0.009389805,-0.0003758468,-0.057680245,-0.0011944269,-0.0012711658,-0.0028255284,-0.00055180135,-0.002627269,-0.055800796,-0.018544704,-0.13321787,-0.059512805,0.011786684,-0.0029035544,-0.014534483,0.0048690117,-0.026244191,0.00086162455,-0.037085693,-0.0006072385,-0.00466747,-0.0020630136,-0.0013731965,-0.015684593,-0.00035872287,-0.0015780311,-0.020421142,-0.44592163,-0.018579386,0.0741772,-0.0023732109,-0.0010555398,-0.016513597,-0.007849379,0.051577643,-2.1212018e-05,0.0011464878,0.01103775,-0.020264516,-0.0024649643,-9.0139394e-05,-3.1204538e-05,-0.001177175,5.7590398e-05,-0.004951404,-0.0017675632,-0.0142332325,-0.016515523,-0.026077377,0.00038712184,0.024182057,0.0031520596,0.0,0.0,0.0,0.0,0.0,-0.0027530552
-0.027493589,-0.043798666,-0.030809697,-0.024062857,0.008987855,0.0166264,-0.001353511,-0.0051407125,-0.057945643,-0.03980675,-0.116284996,-0.06329493,-0.08334442,-0.0033078326,-0.0188626,-0.03635196,0.019209953,-0.0220131,-0.04142783,-0.019481217,-0.048395477,-0.0033557322,-0.0029602607,-0.011928214,3.979323e-05,-0.0008423378,-0.009199918,-0.32304123,-0.021889403,0.06247959,0.009366289,-0.008068176,-0.02807583,-0.012846096,-0.039038297,9.84791e-06,-0.00019221935,0.0026544158,-0.028016414,-0.0047246623,-5.6751454e-05,-2.2116697e-05,-0.0019824307,3.9526865e-05,-0.008924166,-0.002533202,0.014681532,-0.0021211007,-0.056692265,-0.004307815,0.030333435,-0.0012678166,0.0,0.0,0.0,0.0,0.0,-0.002231653
0.0048238016,0.004095142,-0.03294889,-0.008019887,0.0072068847,0.014492796,-0.001412993,-0.0045384453,-0.046678305,0.06031622,-0.0885769,-0.06622102,0.060817406,0.0007053578,-0.015264738,-0.016202323,0.0221426,-0.01139926,-0.027718741,-0.030156838,-0.030516172,-0.0024080067,-0.0025284654,-0.012186905,-2.209227e-05,-0.0009556991,-0.009742722,-0.3924339,-0.021917082,0.05645415,0.0012891416,-0.0056635994,0.031619497,-0.0045846202,-0.025701096,9.84791e-06,-9.834125e-05,0.018308075,-0.033194676,-0.0048689963,-0.00035862013,-3.1204538e-05,-0.0021800282,5.0769835e-05,-0.006680958,-0.0019630461,0.01509354,-0.0033175624,0.0095937755,0.00038837726,0.026048873,0.0028054276,0.0,0.0,0.0,0.0,0.0,-0.0027840936
0.023453055,-0.001094097,-0.039010864,-0.017755581,0.0026332655,0.015784416,-0.0007506803,-0.002655766,-0.06078819,-0.026997937,-0.20346598,-0.017172523,0.013419,-0.003893845,-0.013401257,-0.008932016,-0.0003945597,-0.01960195,-0.06488952,-0.0016664455,-0.02481672,-0.002686854,-0.0008588708,-0.04872172,0.0010052412,-0.0015976523,-0.009905651,-0.42962253,0.0066052643,0.0010971645,-0.011139151,-0.022866225,-0.046813685,-0.044399515,0.014649085,-3.5641548e-05,0.0007189743,-0.098071344,-0.023657579,0.0010316144,-9.023833e-05,-1.4676903e-05,-0.0025682533,5.6788092e-05,0.033662274,0.014903311,0.0026217285,0.009738097,-0.081016436,-0.002059697,0.031057913,-0.011633222,0.0,0.0,0.0,0.0,0.0,-0.002458031
-0.009026715,-0.015845625,0.012944926,-0.00012440418,-0.0025253114,-0.0022770842,-0.0018988454,-0.0017613813,-0.058914915,-0.0005530967,-0.12479843,-0.05945152,0.004747653,-0.003789474,-0.012550726,-0.008072692,-0.09620958,0.0012251261,-0.03804615,-0.0018572634,-0.019455487,-0.0021306267,-0.0013998442,0.006293818,0.00035356672,-0.0015614539,-0.033324864,-0.39994854,0.00507871,0.05930325,0.0017347507,0.00089400273,0.006054284,-0.021059107,0.04062717,-2.1212018e-05,0.0009132619,-0.053269763,-0.02564574,-0.0014585335,-0.0001429795,-3.1204538e-05,-0.0014067087,5.6733348e-05,-0.003732897,-0.0015852266,-0.015625814,-0.014951245,0.077891536,0.00036028883,0.03190475,0.0079060625,0.0,0.0,0.0,0.0,0.0,-0.0024421809
-0.054723836,-0.026308939,0.0033285965,-0.019956423,-0.001128594,-0.0019071795,-0.0005928135,-0.0021491298,-0.050587103,-0.01163569,-0.11275884,-0.059934728,0.014988713,-0.005691636,-0.015394747,-0.022115186,-0.032143455,0.00053238834,-0.03326462,-0.0016844275,-0.031444047,-0.0033152676,-0.001707289,0.0062849955,-0.00094589626,-0.0013630802,-0.032138795,-0.41980165,0.0037368992,0.059035208,-0.0010679497,-0.04268175,-0.02276353,-0.009147019,-0.051211145,9.84791e-06,-5.0758128e-05,-0.008292999,-0.006599212,0.0006600761,-0.0003925698,-3.1204538e-05,-0.0014606332,4.9499045e-05,-0.0035895766,-0.0014934253,0.011344384,-0.0021813824,0.09127825,0.00035956356,0.030270385,0.0057388726,0.0,0.0,0.0,0.0,0.0,-4.4182525e-06
-0.015262355,-0.008451296,-0.059381306,-0.0064857765,-0.0006898155,-0.0020866564,-0.007841257,-0.0019859807,-0.052278988,-0.02304392,-0.11203625,-0.055970073,0.0111076115,-0.0029320375,-0.01525668,-0.005458597,-0.015722489,0.0024881847,-0.030507237,-0.004825108,0.0050623156,-0.0026591583,-0.0014501405,0.007141718,-0.02444979,-0.0011769072,0.0063062822,-0.47435245,0.0038345696,0.043005105,-0.0080814045,-0.002476973,-0.027599918,-0.011455218,-0.05077668,9.84791e-06,-0.0003882372,-0.006895429,-0.010246843,0.00015382368,-0.00019952259,-3.1204538e-05,-0.0019507973,5.0917828e-05,-0.004683963,-0.001781734,-0.011886223,-0.012460265,-0.035862174,0.00035956356,0.03326609,0.008367853,0.0,0.0,0.0,0.0,0.0,-0.00271472
-0.022389544,-0.022227366,-0.053250946,-0.024881685,-0.0010240437,-0.0029362526,-0.0024327405,-0.0031027081,-0.05477264,-0.019835792,-0.116220005,-0.062958315,0.012462232,-0.004735959,-0.013817669,-0.016421394,-0.089878805,0.0006153871,-0.035045724,-0.0026263332,0.0007441848,-0.0027089566,-0.0017398426,0.0027651582,0.004927485,-0.0009736551,-0.021091232,-0.38574886,0.014208369,0.09689931,0.00531458,-0.061315976,-0.015341593,-0.004614052,-0.035166934,-5.132708e-05,0.0006312089,-0.0046874997,-0.009174193,-0.0005354797,-0.0002523627,-3.1204538e-05,-0.0012905418,5.2069234e-05,-0.0045655104,-0.0015611589,-0.016229674,0.005217543,-0.030122956,0.0003832256,0.0010276238,0.0026084438,0.0,0.0,0.0,0.0,0.0,-0.0035362388
-0.010830152,-0.020013297,-0.061838754,-0.018067598,0.004024892,0.013243714,-0.005865986,-0.0054709604,-0.057077415,-0.08226367,-0.11372899,-0.062086888,0.002795084,-0.003873238,-0.015618839,-0.014028269,-0.023735458,-0.06141221,-0.033088148,-0.023544807,0.018239064,-0.0010031894,-0.0013865203,0.011878444,0.00428122,-0.0008832256,0.007183607,-0.37927437,-0.014061619,0.05016144,-0.0060415976,-0.010980676,-0.0773068,0.0019781068,0.13663343,-2.543168e-05,0.001679534,-0.047130227,-0.026344033,-0.0027895237,-0.00050936197,-0.00011180799,-0.0048344964,5.548568e-05,-0.010507466,-0.0012422459,0.010640728,-0.017889647,-0.03431297,0.00036028883,0.030603353,0.009493752,0.0,0.0,0.0,0.0,0.0,-0.004393982
-0.019220814,-0.008204501,-0.030021444,-0.009742248,0.004868499,0.02099036,-0.00069669617,-0.0027480528,-0.049332228,-0.039835397,-0.1047753,-0.061740298,0.013191677,-0.004177726,-0.017039808,-0.0120309,-0.038742643,-0.02079909,-0.03414085,-0.021792196,-0.022303184,-0.0024986528,-0.0010891269,-0.04797936,0.00088688673,-0.0009556991,-0.00022604114,-0.4782094,-0.03417289,0.071213745,0.0032713176,0.010164706,-0.019313458,-0.0096582435,-0.036260974,9.84791e-06,-0.0003882372,-0.0030257648,0.01479279,0.0012355221,-0.00020559077,-3.1204538e-05,-0.004248698,6.0529954e-05,-0.0040696217,-0.0013214486,-0.014874162,-0.014283329,-0.015381316,0.00038837726,0.021610383,0.0032076368,0.0,0.0,0.0,0.0,0.0,-0.0028292774
-0.051323645,0.003126297,-0.0012056777,0.00018087722,-0.0038434346,-0.00088003214,-0.0011220465,-0.0062069315,-0.055824302,0.031606566,-0.124909475,-0.06454575,0.018009571,-0.0052660345,-0.018880747,-0.000625305,-0.035022918,-0.014306362,-0.036711756,-0.006629545,-0.014659241,-0.0025794304,-0.0037954566,0.003282024,-0.0014800462,-0.0013762824,0.0071518132,-0.46746072,0.0026323355,-0.27752945,-0.0022935993,0.0051848167,-0.002611367,-0.013639473,-0.06931883,6.621307e-06,-0.0005097317,4.7740923e-05,-0.019722255,-0.004743347,-0.00016557294,-3.1204538e-05,-0.0029799356,5.109155e-05,-0.0040342216,-0.0015684381,-0.010692306,-0.0013926942,0.025657348,7.531746e-05,0.0121332705,0.0019843732,0.0,0.0,0.0,0.0,0.0,-0.00037594693
-0.06033302,-0.024940219,-0.027747316,-0.015589004,-0.00035814094,-0.0020114582,-0.0011750698,-0.00412167,-0.061705958,-0.02160486,-0.15099059,-0.058972947,-0.0042996462,-0.0030064269,-0.017558577,-0.023678442,-0.024350474,0.0006682814,-0.038315054,-0.0074264356,-0.035205085,-0.0032259733,-0.0011653419,0.0029603797,-0.0016051999,-0.0013630802,0.0036008002,-0.44547197,0.0036901748,-0.18255901,-0.010699613,-0.01995259,-0.03145205,-0.010968056,-0.059539538,9.84791e-06,-0.0003882372,-0.006990266,-0.004501489,0.0006871823,-0.00019952259,-3.1204538e-05,-0.004521362,5.497204e-05,-0.005029456,-0.0019344905,-0.016170928,-0.002769795,-0.051814277,0.00011025648,-0.021808658,-0.0054492033,0.0,0.0,0.0,0.0,0.0,-0.0007178609
-0.016986588,0.0022720476,-0.0017256831,-0.0028208154,-0.01635055,-0.00068307034,-0.0055793314,-0.004950161,0.02121643,-0.031309813,0.38391262,-0.03131394,-0.027685083,-0.011797198,-0.03684268,-0.021826517,-0.019278625,-0.012129318,0.129526,-0.0026191357,-0.009128953,-0.009367359,-0.0038897204,0.0033459484,0.00043239363,-0.004065261,0.008479577,0.46884567,0.0044500795,0.024011292,-0.0016735045,0.0047359336,-0.028105069,0.0046801753,-0.019888593,-0.00024226174,-0.00011476221,-0.004128756,-0.019942746,-0.0034103356,-0.00013827585,-3.5855403e-05,-0.0006298214,0.00033104807,-0.0042701033,-0.0015794497,-0.021733446,0.028953781,-0.06598942,7.2202e-05,0.010556414,0.0021179705,0.0,0.0,0.0,0.0,0.0,0.006042318
-0.041537598,-0.015729705,0.0027656003,-0.005594037,-0.00023565632,-0.0014475125,-0.0008088575,-0.0037306088,-0.056768853,-0.026906248,-0.12794806,-0.059061613,0.0043822294,-0.00534375,-0.016891772,-0.034852378,-0.052068114,0.00053940224,-0.03591223,-0.012450218,-0.0071449275,-0.0032075786,-0.0011320413,0.0036563776,-0.0012522663,-0.0013479135,0.009962969,-0.50839305,0.005278804,-0.26111555,-0.008183712,-0.033765912,0.021176755,-0.0061405455,-0.053998917,9.84791e-06,-0.0003285103,-0.0018220257,-0.025233535,-0.004301661,-0.0002523627,-3.1204538e-05,-0.0033455824,4.8095724e-05,-0.004035196,-0.0019099464,-0.011579414,-0.0015770243,-0.00809699,0.00013920275,0.008366611,0.0029312093,0.0,0.0,0.0,0.0,0.0,-6.501133e-05
-0.022228051,-0.027608043,-0.005212071,-0.014798866,-0.007611422,-0.0014946426,-0.001193047,-0.0056028096,-0.06676943,-0.008957748,-0.16601706,-0.05907095,-0.080364525,-0.0041997856,-0.015288194,-0.0042802226,-0.027459633,0.0013018603,-0.048824452,-0.0058625424,-0.018630905,-0.0030229294,-0.0020858604,0.0035045813,-0.0016886978,-0.0014234901,0.0029431637,-0.3723503,0.00326359,-0.22786684,-0.0009892433,-0.08301367,-0.020626383,-0.019828726,-0.042398438,-2.1212018e-05,0.00088004884,-0.031965364,-0.01463893,-0.0029041101,-0.0004454099,-2.2116697e-05,-0.0038123336,5.2330106e-05,-0.004374815,-0.0017993316,0.009809451,0.0012172966,-0.032387704,0.00013627773,0.008977141,0.0027354471,0.0,0.0,0.0,0.0,0.0,0.0007639513
0.070854425,-0.013971343,-0.0017159181,0.0001647276,-0.0016034179,0.0005065734,-0.0056145126,0.0031130805,-0.058301978,0.05355498,-0.18263327,0.0023148376,0.023726547,-0.0035701073,-0.01573048,0.006365439,-0.024894308,-0.059965678,-0.06260431,-0.015920661,-0.0006726932,-0.0029957395,-0.000955093,0.0016658902,0.00019325348,-0.0015515132,-0.006289409,-0.37166005,0.0054411665,-0.15880828,-0.013176146,-0.027534196,-0.05786158,-0.04148985,-0.014484634,-2.543168e-05,-0.00016395567,-0.11823431,0.015264254,0.0009306215,-9.023833e-05,-0.00011180799,0.11467087,-0.0030913744,-0.003078669,0.00024516755,0.006244416,-0.0050561377,-0.035979174,0.00011098173,-0.01307355,-0.0068981615,0.0,0.0,0.0,0.0,0.0,-0.0011409768
-0.016877182,-0.007841425,-0.057228778,-0.0034131305,-0.0016211862,-0.0007948548,4.213038e-05,-0.0031359808,-0.069695204,-0.021376645,-0.16104913,-0.059287596,0.00075855776,-0.0094853975,-0.015575118,-0.006689997,-0.049976867,-0.011325656,-0.04428777,-0.0030265246,-0.029835965,-0.0020458195,-0.0014357759,0.0020204578,-0.00067400327,-0.0009513961,-0.0065856795,-0.48480907,0.004342264,-0.18162097,-0.00758376,-0.006978477,-0.01945902,-0.02250445,0.018019581,-2.1212018e-05,0.0011642551,-0.05763837,-0.014822153,0.00043969724,-0.00035862013,-3.1204538e-05,-0.0050182063,-0.0034217595,-0.0046652188,-0.0020477937,0.007036207,-0.020571679,-0.052174408,0.00011098173,-0.020466615,-0.0064390847,0.0,0.0,0.0,0.0,0.0,-0.0030854368
-0.013382371,-0.0144521,-0.061700612,-0.017155906,-0.0024632055,-0.0011926568,-0.0011454998,-0.003584147,-0.05966887,-0.016762035,-0.13287854,-0.058142696,-0.04132262,-0.0039879438,-0.015242864,-0.02069119,-0.11761645,-0.0166685,-0.038371414,-0.02396965,-0.033656895,-0.0018157916,-0.002506584,-0.011989748,-0.00033927622,-0.0008211983,-0.019316569,-0.33224604,0.009053408,0.0730756,-0.0018675481,0.00011871467,-0.008230079,-0.022798693,0.027148755,-2.1212018e-05,0.0011464878,-0.06894689,-0.01906411,0.0003883076,-9.0139394e-05,-1.7136434e-05,-0.0012787646,4.3637323e-05,-0.0058148704,-0.0017746206,-0.015885629,-0.016517224,-0.0054335706,0.0003878471,0.021400336,0.0033289627,0.0,0.0,0.0,0.0,0.0,-0.0031151637
-0.027481766,-0.016954537,-0.04723202,-0.023009682,-0.00050263444,-0.005828819,-0.0011138456,-0.0017261603,-0.056547355,-0.0273588,-0.11850781,-0.06480239,0.006310951,-0.0042259535,-0.015857996,-0.026178349,-0.025623458,0.0008421343,-0.030758869,-0.017413614,0.0239956,-0.002858336,-0.0017369345,0.0031128742,-0.00097339624,-0.00096460676,-0.024351524,-0.4521847,0.005244424,-0.055982113,-0.01884359,-0.06776725,0.008757942,-0.008937955,-0.046833593,9.84791e-06,-0.00015876608,-0.001180231,0.012505859,0.00028316755,-0.0002523627,-3.1204538e-05,-0.002777215,-0.0029050491,-0.0040131733,-0.0015742842,-0.021005597,-0.009981652,-0.0881686,0.00014449468,-0.037359223,-0.008811062,0.0,0.0,0.0,0.0,0.0,-0.0015135485
-0.021985894,-0.012355896,-0.061282802,-0.0019532135,-0.0019275642,-0.0017294936,-0.0011679971,-0.002117926,-0.057053506,-0.031780966,-0.11866361,-0.061896622,0.01086684,-0.0025624784,-0.013514627,-0.0010582035,-0.015624489,0.0013790447,-0.032226924,-0.01729284,-0.02884551,-0.0022795172,-0.0010315998,0.0048435577,-0.00094589626,-0.00091519783,-0.03095667,-0.44439104,0.0039879256,0.042496804,-0.0053977505,-0.09210498,0.0077306693,-0.009338121,0.040835872,-2.1212018e-05,0.00035906676,-0.0025236043,0.003292004,4.517883e-07,-0.0003925698,-3.1204538e-05,-0.0016226158,6.310812e-05,-0.0031201593,-0.00092999643,0.012099998,-0.0040161363,0.019257372,0.0003563926,0.032891776,0.007203806,0.0,0.0,0.0,0.0,0.0,-0.013047666
-0.007470534,-0.0067884084,-0.045316063,-0.0003841127,-0.0013895619,-0.0021960915,-0.00053925987,-0.0022023437,-0.048048962,-0.020488163,-0.101274885,-0.058260113,0.009592394,-0.0026983365,-0.015413027,0.0054392028,-0.015989957,0.0007272002,-0.027646538,-0.0034006382,-0.009322286,-0.0027578785,-0.0013605851,-0.026563747,-0.000103360246,-0.0011769072,-0.017129896,-0.41755837,-0.016470352,0.070419595,8.93123e-05,0.029053926,-0.025684545,-0.013742748,-0.04808958,2.4406687e-05,-0.00013907746,-0.005666718,-0.016876688,-0.00036439396,-0.00010446398,-1.8414214e-05,-0.0011423952,5.365179e-05,-0.0047291345,-0.0015584604,0.011009982,0.023274096,-0.0204822,0.0003839477,0.023879863,0.002682512,0.0,0.0,0.0,0.0,0.0,-0.00025017915
-0.03864884,-0.016499853,-0.006284219,-0.0013864959,-0.00070127146,-0.0013780752,-0.0008809185,-0.0029081907,-0.05954646,-0.026109662,-0.14871733,-0.06464077,0.002474412,-0.0040237377,-0.014661594,-0.01589112,-0.010512743,0.00050503446,-0.039477177,-0.005520589,-0.0280812,-0.0025891636,-0.00048062595,0.0031069175,-0.0010107378,-0.0014144419,-0.02406864,-0.46908304,0.0034900305,-0.013800057,-0.008966065,-0.0913234,0.0042845323,-0.0041575055,-0.028624754,-0.00012720705,-1.9720406e-05,0.0037616428,-0.009157447,9.2762064e-05,-0.0003925698,-1.8414214e-05,-0.0019434346,5.3472555e-05,0.014950985,0.0057844757,0.0075834123,0.002884556,-0.10575286,0.00014839093,-0.042732656,-0.010219683,0.0,0.0,0.0,0.0,0.0,-0.0012418864
-0.037712652,-0.026865471,-0.002402328,-0.022325164,-0.00031200238,-0.0015884328,-0.0006662682,-0.0030223369,-0.059178963,-0.020794734,-0.14394808,-0.05868975,0.0047795805,-0.005228607,-0.017718136,-0.026361113,-0.032481853,0.001044643,-0.039077256,-0.003619682,-0.029903846,-0.0033846877,-0.0011357944,0.003720617,-0.0009469614,-0.0013630802,0.005797741,-0.44923234,0.0036883997,-0.25345016,-0.0011200744,-0.03575547,-0.028234472,-0.010339056,-0.05870512,9.84791e-06,-0.00024919154,-0.008489783,-0.017788133,-0.004445716,-0.0003925698,-3.1204538e-05,-0.0034049193,4.8641996e-05,-0.004163841,-0.0017098958,0.0088639315,-0.0030413058,-0.0013198184,0.00013920275,0.012685571,0.0029919534,0.0,0.0,0.0,0.0,0.0,-0.00030756593
-0.028163236,-0.01819851,-0.006768743,-0.01362908,-0.00059311354,-0.0027714404,-0.0005387168,-0.0018613825,-0.056334775,-0.019285195,-0.12716317,-0.058880687,-0.003318545,-0.004357708,-0.016707186,-0.00665852,-0.028823134,0.0012862616,-0.033882923,-0.0075067705,0.023273379,-0.0032160715,-0.0009559466,0.0031755571,-0.0014921621,-0.001353525,-0.021392908,-0.46638164,0.0060957433,-0.020479891,-0.019111805,-0.0835156,-0.022667272,-0.0123175485,-0.06279607,9.84791e-06,-0.0003112983,-0.0052751964,-0.0088913785,-0.0005530145,-0.0002523627,-3.1204538e-05,-0.0020354067,4.8095724e-05,-0.004725112,-0.001735151,-0.019353991,-0.002762364,-0.025911266,0.00014839093,-0.028574826,-0.008192353,0.0,0.0,0.0,0.0,0.0,-0.0024095504
-0.06190641,-0.023741337,-0.032308914,-0.014495486,-0.0005207203,-0.005202324,-0.0011682195,-0.003009804,-0.05744692,-0.022442216,-0.1222734,-0.07016479,0.00026300945,-0.003215207,-0.016926365,-0.021530136,-0.022447435,0.0008463738,-0.033554193,-0.006051605,-0.023920901,-0.003466028,-0.0015709543,0.0035538303,-0.0005630705,-0.0009424969,0.005461873,-0.46116748,0.0037019802,-0.24380058,-0.0034545779,-0.03546572,-0.053450637,-0.01003666,-0.048877917,9.84791e-06,-0.0003882372,-0.0032100852,0.02145715,0.0006871823,-0.00015181006,-3.1204538e-05,-0.003736562,5.497204e-05,-0.005522258,-0.0017849418,-0.016254505,-0.0011649703,0.008263204,0.00013812665,0.013242192,0.0028292246,0.0,0.0,0.0,0.0,0.0,-0.00038166347
-0.056428444,-0.026093302,-0.010094425,-0.01956811,-0.000753873,-0.0018566292,-0.0005965631,-0.0033329236,-0.061355814,-0.021156903,-0.14977802,-0.063068606,0.0058021527,-0.004852639,-0.016425245,-0.024123942,-0.014395786,0.0003788044,-0.037691988,-0.0031191783,-0.04115672,-0.0028696968,-0.00048555498,0.0031588937,-0.001159135,-0.0013630802,-0.024425425,-0.4396421,0.003576414,0.00019155977,-0.009665677,-0.039670583,-0.019406097,-0.0029521496,-0.03699674,2.4406687e-05,-5.0758128e-05,0.0021677422,-0.0065897987,0.0007464923,-0.0003925698,-1.8414214e-05,-0.0032389367,-0.003212383,-0.0038252592,-0.0015694206,0.011820542,-0.005754492,-0.07480081,0.00014839093,-0.043726288,-0.010692563,0.0,0.0,0.0,0.0,0.0,0.0001384043
-0.009436528,-0.003938288,-0.029302012,-0.012633247,-0.0011879066,-0.0036720112,-0.0006621011,-0.0050588707,-0.053370893,-0.021180429,-0.10522916,-0.0664697,-0.048370544,-0.0037739652,-0.017583163,-0.007467727,-0.044830676,0.0031493688,-0.029985573,-0.022190353,-0.026098339,-0.0024548387,-0.0014936123,-0.051153798,0.0006387498,-0.0012396553,0.0062891785,-0.36454144,0.005887831,0.028896818,0.0011590611,0.024369087,-0.032097224,-0.0068441527,-0.039755795,-2.1212018e-05,0.0018427682,-0.008099607,0.008428155,-0.0005574867,-9.0139394e-05,-2.2116697e-05,-0.0014393092,6.563714e-05,-0.0049086087,-0.0017616664,-0.011507057,-0.055013727,-0.012034618,0.00020203055,0.020282364,0.008957505,0.0,0.0,0.0,0.0,0.0,-0.019405173
-0.018901989,-0.03572108,-0.009536789,-0.007631172,-0.00029176965,-0.0017737171,-0.0011788195,-0.0042618723,-0.06334847,-0.010927536,-0.15878512,-0.06581868,0.00025775091,-0.0037302603,-0.015472574,-0.007940738,-0.028468989,0.0015013628,-0.043971647,-0.0073919096,-0.024185855,-0.003152445,-0.0008358738,0.003934606,-0.001549894,-0.0013596434,0.00632077,-0.42497933,0.0033369437,-0.2651452,-0.001224788,-0.06806163,-0.02436324,-0.022608604,-0.039367817,-2.1212018e-05,0.0017184501,-0.03590211,-0.0033093072,0.00015226293,-0.00019952259,-3.1204538e-05,-0.0038211648,6.00784e-05,-0.005472721,-0.001905979,-0.015922649,0.0020513993,-0.024546627,0.00013627773,0.013421072,0.0026328384,0.0,0.0,0.0,0.0,0.0,0.00067669933
-0.05288546,-0.03051728,0.0038639829,0.0044948156,4.1205592e-05,-0.0011212449,-0.00084728823,-0.00420244,-0.05861041,-0.009246559,-0.17349173,0.0059398757,-0.04799815,-0.005115507,-0.018204642,-0.025050534,-0.055335857,-0.0021755907,-0.059728682,-0.023382794,0.013481488,-0.0037165598,-0.0015283606,0.0035452596,-0.0010795845,-0.0013569618,0.0054369373,-0.42387357,0.004363186,-0.26039833,-0.009009501,-0.03410724,-0.025035465,-0.00952613,-0.056952752,9.84791e-06,-7.3555275e-05,-0.014485606,-0.009271736,0.00074003485,-0.00035115628,-3.1204538e-05,-0.0035511337,4.7851398e-05,-0.0038526847,-0.0017149298,0.011216378,3.7965343e-05,-0.044006556,0.00013627773,0.0049652336,0.0020664728,0.0,0.0,0.0,0.0,0.0,-0.00030714847
-0.019422183,-0.024209198,-0.04394733,-0.006942538,-0.0006981639,-0.0012753549,-0.0019411622,-0.0033531415,-0.056342434,0.024344947,-0.1157129,-0.06166314,0.006633102,-0.0029840812,-0.018341355,-0.004650777,-0.089430206,-0.011236873,-0.03210572,-0.010921154,-0.020643346,-0.003983397,-0.0016905355,0.0032083627,0.0005163074,-0.0012636791,-0.0065166624,-0.35890988,0.0037032312,-0.21758674,-0.010333425,0.022166261,-0.061784346,-0.002147205,-0.032132227,9.84791e-06,-0.00033751084,0.007328155,0.006249493,4.055811e-05,-0.00050802116,-3.1204538e-05,-0.0037626722,5.314592e-05,-0.004991601,-0.0017017919,0.008236347,-0.01591718,-0.015521215,0.00010418629,0.0113274725,0.0020652912,0.0,0.0,0.0,0.0,0.0,-0.0021817917
0.03715011,-0.0042958953,-0.028909829,-0.003611628,-0.0013279816,-0.0014198518,-0.00045310563,-0.002380879,-0.055877544,-0.056212176,-0.12365972,-0.07425689,0.023261465,-0.0076932614,-0.014661516,-0.01901344,-0.058365498,-0.001957044,-0.03353971,-0.036508992,0.024163084,-0.0037050978,-0.0013872568,-0.009673227,-0.00011229713,-0.0013949323,-0.009201324,-0.4280486,-0.02746455,0.091249324,0.007260781,-0.0074307243,0.012385649,-0.010922807,-0.04392549,9.84791e-06,-0.0001628787,-0.0152298715,-0.026430156,-0.005356287,-6.305048e-05,-3.1204538e-05,-0.0013035289,5.0737333e-05,-0.008595896,-0.003916286,0.019144723,-0.008513138,-0.020511383,0.00032981674,-0.007082214,-0.003352816,0.0,0.0,0.0,0.0,0.0,-0.0024683578
-0.025678359,-0.0018440139,0.011289113,-0.01399504,-0.00040833003,-0.0017641024,-0.0011936389,-0.0028166869,-0.06115811,-0.019187609,-0.15037951,-0.06160029,0.004970292,-0.0039669946,-0.01788925,-0.023961736,-0.02322647,0.0010281288,-0.0403647,-0.0046831127,-0.0111332815,-0.0025642482,-0.00088035705,0.0036889699,-0.0009223,-0.0014607669,0.0064187977,-0.5026896,0.00529148,-0.26883867,-0.015652202,-0.030895777,-0.02061959,-0.007862634,-0.059958458,4.0698615e-06,-0.0005097317,-0.00089303375,-0.01684576,-0.0040057753,-0.0002523627,-3.1204538e-05,-0.0039128456,4.8677102e-05,-0.004730857,-0.0018427334,-0.010437336,-0.0011116079,-0.03372634,0.00013920275,0.012096776,0.0030892496,0.0,0.0,0.0,0.0,0.0,7.0807284e-05
-0.038256496,-0.017969748,-0.0029013208,-0.0092478655,-0.00016206814,-0.0015852693,-0.00028568818,-0.0037195731,-0.058843706,-0.020352818,-0.1346354,-0.057629324,-0.008849618,-0.0046272613,-0.01718831,-0.003190959,-0.024205772,0.0012184043,-0.03541888,-0.008777986,0.013215113,-0.0035106426,-0.0010947938,0.0031168053,-0.001766924,-0.001353525,0.0013648724,-0.48227522,0.005490314,-0.24357283,-0.011414918,-0.017329453,-0.04563058,-0.008932294,-0.06661908,9.84791e-06,-0.00024919154,-0.0038899563,-0.018577455,-0.00429796,-0.0004454099,-3.1204538e-05,-0.0037326068,4.8356596e-05,-0.0041875523,-0.001785891,0.012046481,-0.0037530956,-0.015166248,0.00011025648,-0.01033971,-0.0033940799,0.0,0.0,0.0,0.0,0.0,-0.00037862026
-0.05334324,-0.018115977,-0.00074332557,-0.0051164893,-0.00090174546,-0.002448925,-5.113753e-05,-0.0017846257,-0.057258837,-0.021881001,-0.12740932,-0.059461366,0.0071649416,-0.0047530783,-0.016790897,-0.015808828,-0.009951596,0.0006690764,-0.03361996,-0.00873752,-0.00081060117,-0.0033274298,-0.0007191996,0.0031419855,-0.0014921621,-0.0016453826,-0.023849506,-0.47926933,0.0051421463,-0.03849099,-0.018612683,-0.07046831,-0.017987859,-0.009075375,-0.054797873,9.84791e-06,-0.0003112983,-0.0025316856,-0.0060909,-0.00017280092,-0.0002523627,-3.1204538e-05,-0.0023472414,4.6008718e-05,-0.0039132624,-0.0015455396,-0.022387309,-0.030708913,-0.061486103,0.00012343428,-0.026098305,-0.008643191,0.0,0.0,0.0,0.0,0.0,-0.0099516045
-6.2751475e-05,-0.03987871,-0.02692815,-0.016309924,-0.0020462966,-0.0016818333,-0.0008648618,0.009082994,-0.063914545,-0.02728219,-0.1382312,-0.06741955,-0.02785693,-0.00012993533,-0.016148562,-0.022153592,-0.023454266,-0.0062453533,-0.040360715,-0.042423785,-0.06356096,-0.0027291083,-0.0014482422,-0.008200273,-0.00029185376,-0.0011894747,-0.014667536,-0.41801614,-0.022521844,0.045438644,0.0075534796,-0.044579998,-0.028510874,-0.014897572,-0.035193793,-3.5641548e-05,0.00070304144,-0.06032661,-0.030697541,-0.0038648094,2.0258349e-05,3.8686035e-06,-0.001094734,5.083946e-05,-0.01587308,-0.0032431004,-0.015298655,-0.008089045,-0.055386662,0.0003303469,-0.048329692,-0.0030217553,0.0,0.0,0.0,0.0,0.0,-0.0027115643
-0.009822328,-0.0149110025,-0.080920674,-0.007578183,-0.0042713154,-0.00079431577,-0.0059650997,-0.0032583764,0.0014357616,-0.026350506,0.38715464,-0.14598332,-0.0072767586,-0.0060114893,-0.021237195,-0.01614047,-0.065631285,-0.010922443,0.050781716,-0.039271507,-0.03597895,-0.016310368,-9.272788e-05,0.0034802402,0.001258527,-0.008484461,0.007463836,0.5828389,0.006291441,0.000841149,-0.0040224553,-0.028188972,-0.05351058,-0.095750764,-0.08230642,-4.3017906e-05,0.00034678663,-0.18126874,-0.007053537,-0.0012216689,-0.004628243,-4.705954e-05,-0.0010491937,0.0001410701,-0.0033617516,-0.0011851658,-0.030593911,-0.29429078,-0.03322428,8.9274785e-05,-0.017473353,-0.0065353513,0.0,0.0,0.0,0.0,0.0,-0.108368635
0.01961618,-0.003144877,-0.025630152,-0.008823335,0.0007865547,0.00957693,-0.0010426668,-0.0042577893,-0.06479598,-0.016742852,-0.14377062,-0.07592523,0.021879397,-0.005966544,-0.01624656,-0.0033453864,-0.04410057,-0.009588005,-0.037112333,-0.008906498,-0.032973442,-0.0030236894,-0.0018280335,0.0016361924,-2.4224566e-05,-0.0018941442,-0.00633419,-0.34373546,0.004330199,-0.12222378,-0.0065985047,-0.06386795,0.017523667,-0.06281066,-0.0040090326,-2.1212018e-05,0.0006993769,-0.15645751,-0.022931471,0.00062339526,-7.051433e-05,-2.229474e-05,-0.0045616156,5.1570794e-05,-0.007868976,-0.0031625074,0.0044716517,-0.041583996,-0.056539435,0.000100751924,-0.012305131,-0.0033831263,0.0,0.0,0.0,0.0,0.0,-0.0112946965
-0.037641533,-0.01669994,-0.050114628,-0.0070918915,-0.00033988935,-0.0012747702,-0.0008088575,-0.002561931,-0.05528954,-0.028501026,-0.11800086,-0.058247797,0.004325164,-0.004827553,-0.017597904,-0.027347371,-0.048680544,0.000698704,-0.033878576,-0.0073083127,-0.01612169,-0.0033994678,-0.0015287737,0.0035221498,-0.0008164965,-0.0009938583,0.0067777154,-0.4859886,0.0035751176,-0.23929736,-0.008601987,-0.075345814,0.019588418,-0.008024906,-0.04028351,9.84791e-06,-0.00015628952,0.0006544847,-0.013322731,0.00030138233,-0.0003925698,-3.1204538e-05,-0.0038903444,4.8641996e-05,-0.003960693,-0.0013660254,0.0075401,-0.0013568175,-0.02549189,0.00013920275,0.011871376,0.0029210614,0.0,0.0,0.0,0.0,0.0,-0.0006375841
-0.01452269,-0.02625866,-0.060427476,-0.0205275,-0.0013004206,-0.002988879,-0.001126387,-0.0016773493,-0.05221888,-0.007968674,-0.10881012,-0.05873984,0.009558305,-0.0029532935,-0.016015776,-0.020724418,-0.021420088,0.0009061196,-0.02956391,-0.0043375334,-0.014158452,-0.0032427548,-0.0010167238,0.0048005166,-0.0016117884,-0.0012426164,-0.032860275,-0.3809092,0.0057832366,0.016395435,-0.016451675,-0.09398777,-0.012078038,-0.023072623,0.011798261,-2.1212018e-05,0.0006312089,-0.055422,0.0011479415,-0.0006550891,-0.0002523627,-3.1204538e-05,-0.00210606,5.4593005e-05,-0.0042873463,-0.0014447696,-0.02105292,-0.07412426,-0.040076315,0.00020310665,0.016426533,-0.0073099188,0.0,0.0,0.0,0.0,0.0,-0.017658044
-0.005975159,-0.014772984,-0.049639106,-0.0012354658,-0.001034194,-0.0019634203,-0.00055180135,-0.003263906,-0.05142025,-0.022828583,-0.1017747,-0.06644352,0.0025036456,-0.0026338801,-0.015674675,0.016027467,-0.034734678,0.0005686034,-0.027256738,-0.00668031,0.026272416,-0.002693208,-0.0009748362,-0.010201148,-0.00033980986,-0.0012945035,-0.008945697,-0.4235277,-0.025223622,0.106553815,0.02089987,0.0331212,-0.018796353,-0.007133941,-0.035153262,9.84791e-06,-0.00029920466,0.0026160982,-0.014744483,-0.0021238674,-0.00015730408,-3.1204538e-05,-0.0012808924,5.3460608e-05,-0.004527684,-0.0015914044,0.0070515554,-0.02045292,-0.019852467,0.00030305877,0.0046934,-0.0030009148,0.0,0.0,0.0,0.0,0.0,-0.0066232826
0.025355872,-0.05054763,-0.01626574,-0.014526804,-0.0024224198,-0.0014875919,-0.0008672125,0.013655642,-0.0611247,-0.040446494,-0.1285589,-0.06826191,-0.08592221,0.0034430537,-0.017652504,-0.038150184,-0.008421922,-0.01406992,-0.040472757,-0.024367345,-0.06379773,-0.0034990509,-0.0045665647,-0.009406624,-0.00016996916,-0.0010856182,-0.019608064,-0.39906156,-0.022108423,0.036935,0.006952196,-0.08273753,-0.033529498,-0.0134496465,-0.04492719,2.4406687e-05,-0.00021212643,-0.005637724,-0.01716764,0.0013762695,-4.2426866e-05,-0.00011056838,0.0002583253,-0.002269744,-0.009345837,-0.0031553733,-0.019029569,-0.00767897,-0.060861763,-0.004307815,-0.036909673,-0.003252702,0.0,0.0,0.0,0.0,0.0,-0.001172633
-0.0016072001,-0.03809079,-0.039881635,-0.021340968,-0.0019006028,-0.0023862072,-0.0008772156,-0.0023174912,-0.06525916,-0.025290139,-0.13753957,-0.059345536,-0.010606196,-0.0028786024,-0.01634681,-0.026889604,-0.014308676,0.00016287851,-0.03863334,-0.029636508,-0.071751915,-0.0027075226,-0.0017853356,-0.010720177,-0.0001570955,-0.000933455,-0.019918898,-0.4651295,-0.019246403,0.05479771,0.006471298,-0.034196258,-0.025031772,-0.021396639,0.014626973,-3.5641548e-05,0.00070304144,-0.04996952,-0.027657563,-0.003160142,-4.2426866e-05,-1.8414214e-05,-0.001260058,5.5346507e-05,-0.010549957,-0.004204825,-0.01324759,-0.011162094,-0.06656198,0.0003303469,-0.04341886,-0.0043440396,0.0,0.0,0.0,0.0,0.0,-0.0018086965
-0.02244066,-0.0032175188,-0.008341546,0.0020871244,-0.00025451256,-0.0017803712,-0.00068304164,-0.0035065839,-0.06931439,-0.010997615,-0.17238784,-0.05779393,-0.00052282366,-0.0033044126,-0.017290818,0.0014162662,-0.00416723,0.0008735372,-0.04038341,-0.0023079412,-0.013413516,-0.0021390943,-0.00080804364,0.003588478,-0.001549894,-0.0013718179,0.00802334,-0.5142021,0.0038181697,-0.2553591,-0.0076990486,-0.050121173,-0.024395717,-0.015271297,-0.040955048,-3.5641548e-05,-0.0005097317,-0.032447465,-0.012084704,0.0002879325,-0.00019952259,-1.8414214e-05,-0.0039242087,5.603378e-05,-0.005718119,-0.0020481066,-0.011331184,0.00018921355,-0.03617127,0.00013920275,0.011855235,0.0040383525,0.0,0.0,0.0,0.0,0.0,-0.0001574046
-0.056165546,-0.01708417,-0.037740503,-0.0011610835,-0.0008479209,-0.0021871226,-0.0009123048,-0.002836993,-0.060104154,-0.03061065,-0.14348981,-0.06681624,0.003234164,-0.006568255,-0.01560004,-0.018892428,0.0034637137,0.0002501592,-0.03637974,-0.006519256,-0.02667662,-0.0025549417,-0.001562152,0.0031088418,-0.00035124988,-0.0014144419,-0.02760231,-0.45575225,0.0034693843,-0.020276194,-0.0077839475,-0.039341405,0.012957091,-0.0021905429,-0.018899338,2.4406687e-05,-0.00015876608,0.005300461,-0.0067743785,0.000843176,-0.00019952259,-1.8414214e-05,-0.0023317249,5.072044e-05,-0.003623128,-0.0017626383,-0.014460256,-0.004534918,-0.107577965,0.00014839093,-0.044185054,-0.009331426,0.0,0.0,0.0,0.0,0.0,-0.00039725506
0.04514529,-0.053034738,-0.023652967,-0.021067085,0.0043583014,0.009604685,-0.00059206784,0.0076399026,-0.05927597,-0.028162964,-0.13902393,-0.066029236,-0.022370879,0.000754875,-0.013610904,-0.016216181,-0.024273107,-0.019795986,-0.03678043,-0.014538973,0.025201933,0.00819609,-0.006360345,-0.006734485,-0.0001275465,-0.0011502334,-0.014758503,-0.460359,-0.02603053,0.07425232,0.0072562504,-0.046815243,-0.07640397,0.00019787015,-0.033520944,-3.5641548e-05,0.0006389818,-0.03377946,-0.024855997,0.0010346584,-9.023833e-05,-7.589419e-05,-0.0017369997,-0.0032603468,0.06490421,0.012873334,0.00824421,-0.0073084678,-0.04190092,0.0003303469,-0.03392235,-0.0027422747,0.0,0.0,0.0,0.0,0.0,-0.0012539371
-0.001968682,-0.046486806,0.027181957,-0.024979584,-0.0014747919,-0.003749637,-0.00054500654,-0.0025441162,-0.058723435,-0.005877142,-0.12971944,-0.06049149,-0.043538377,-0.0023511627,-0.015356175,-0.02693332,-0.008355173,0.0006650777,-0.038808167,-0.0052249953,-0.012665595,-0.0031207993,-0.0015593733,-0.010771325,-0.0004060298,-0.0016071879,-0.023304526,-0.45111328,-0.025152383,0.072884224,0.0076547256,-0.020755004,-0.017000599,-0.012121065,0.008148383,-3.5641548e-05,0.003668737,-0.03959307,0.0056214477,0.00029390902,-0.0001429795,-1.2135975e-05,-0.0015141054,7.0300084e-05,-0.005434767,-0.0020018343,-0.012233997,-0.0156216165,-0.02160229,0.00038712184,0.023705576,0.0032093197,0.0,0.0,0.0,0.0,0.0,-0.0032312758
-0.051248223,-0.01575492,0.0055787996,0.028322885,-0.0053374516,-0.00186669,0.000983047,-0.0056659374,-0.0639974,-0.017035326,-0.1514382,-0.061146844,-0.08556012,-0.0037642643,-0.018672176,-0.007455555,-0.056771923,0.0003565983,-0.04555227,-0.0054560876,0.00092539284,-0.0031809106,-0.0023557057,0.0028611657,-0.001978908,-0.0013569618,0.0062777344,-0.41322187,0.005748414,-0.20906685,-0.019134292,-0.0364569,-0.026561098,-0.006919036,-0.06349341,9.84791e-06,-0.0005097317,0.0055424273,-0.009368877,0.0006418871,-0.0002523627,-2.2116697e-05,-0.004774046,-0.002806465,-0.005013552,-0.0018410959,-0.0114724785,-0.0035762792,-0.03411637,0.00011025648,-0.009393052,-0.009564018,0.0,0.0,0.0,0.0,0.0,-0.00040793387
-0.019445537,-0.021935456,-0.0068898387,-0.02021969,-0.0026566715,-0.0010208263,-0.0051795687,-0.0059015136,-0.063129336,-0.032989748,-0.1434414,-0.06582498,-0.031202026,-0.008068422,-0.016900435,-0.011460876,-0.0046190643,-0.060162265,-0.038071405,-0.045461126,-0.010634748,-0.0013421773,-0.0041637397,0.004489671,-0.00251215,-0.0015515132,-0.067861065,-0.41777143,0.0049200393,0.03695198,-0.004920901,-0.054631885,-0.028329674,-0.010493879,-0.048989635,1.2943177e-05,-0.0011337408,-0.010365374,-0.021328626,-0.00229005,-0.00049503735,-0.00011056838,-0.0015507492,3.921916e-05,-0.0075160693,-0.0014458019,-0.01858366,-0.0026933718,-0.009741936,0.00011200058,0.016699135,0.005307823,0.0,0.0,0.0,0.0,0.0,-0.00048965483
0.1246855,-0.0226294,-0.016324596,0.00022814941,-0.00042486622,-0.00089214626,-0.0011639808,-0.0021134024,-0.055711813,0.061293673,-0.1726114,-0.013725474,0.007169195,-0.0066661737,-0.014505661,0.0011874919,-0.031680137,-0.025575805,-0.053700496,-0.02424763,-0.0018503441,-0.003943322,-0.0012605423,0.0016340987,-0.0006628334,-0.0018382542,0.0031331023,-0.34603944,0.00515403,-0.18898787,-0.011512761,-0.0011259418,-0.06045963,-0.004378264,-0.048859287,9.84791e-06,-0.00022129522,-0.01773126,-0.080320515,-0.028951861,-0.00018529693,-3.1204538e-05,-0.0034519965,4.8338443e-05,0.053210124,0.02180711,-0.00880357,-0.03111437,-0.03781692,0.00010002667,-0.009626799,-0.0035444885,0.0,0.0,0.0,0.0,0.0,-0.00963086
-0.0113430675,-0.029958244,-0.002157604,-0.012352473,-0.0019477138,-0.0031225546,0.00059698854,-0.002165437,-0.062131368,-0.022879545,-0.13796766,-0.06772703,-0.080974065,-0.0032528664,-0.019120716,-0.039376795,-0.009663024,0.00053480786,-0.041327298,-0.034670904,-0.01045828,-0.0039167227,-0.0029730275,-0.012844014,-0.00030660443,-0.001426666,-0.01901247,-0.40948445,-0.02813044,0.04983211,-0.004508773,-0.02296672,-0.024407504,-0.012796684,-0.05651514,2.4406687e-05,-0.0011337408,0.005965914,-0.026108224,-0.0022772127,-0.0001429795,-1.4589201e-05,-0.0015801352,4.581591e-05,-0.005185408,-0.0020253526,-0.021683555,-0.018329987,-0.028042732,-0.0050631566,0.0019049199,-0.014211573,0.0,0.0,0.0,0.0,0.0,-0.002479565
-0.047466032,-0.0037052075,-0.0074733784,-0.016557315,-0.0012306116,-0.0008173278,-0.00067960424,-0.0030066585,-0.06586846,-0.030508716,-0.16454059,-0.06225216,-0.0048887515,-0.008786961,-0.018315075,-0.011259188,-0.036913477,-0.014483975,-0.0431036,-0.008218381,-0.032304786,-0.0034277255,-0.0017587561,0.0020005426,-0.0027561684,-0.0014966651,0.0035311063,-0.483331,0.0043386216,-0.16578546,-0.0076919827,-0.02409726,-0.039481215,-0.0057755588,-0.053605705,9.84791e-06,-0.0013321742,-0.003005133,-0.014570431,0.00090866274,-5.6189747e-05,-0.0005340816,-0.004056586,5.227889e-05,-0.0048891646,-0.0023073186,-0.011392694,-0.0072333743,-0.05302627,0.00011098173,-0.017738298,-0.006360331,0.0,0.0,0.0,0.0,0.0,-0.0003975671
-0.01574839,-0.018444533,-0.035515323,-0.014952838,-0.00058071676,-0.0016727014,-0.00063128636,-0.0030419864,-0.06469625,-0.020132894,-0.16326812,-0.065964535,0.0014796867,-0.0027271465,-0.014406801,-0.019095853,-0.042922612,0.00054548145,-0.042484593,-0.0016449544,-0.01956727,-0.0028597862,-0.0009933386,0.0029905287,-0.0010916294,-0.0014607669,-0.02301437,-0.44621745,0.0051042982,-0.015549285,-0.016469171,-0.070927426,-0.013761271,-0.0034338478,-0.036135104,-2.1212018e-05,0.00046797475,-0.0046380875,-0.014904258,-0.0017315196,-0.0004454099,-3.1204538e-05,-0.0020444472,5.2330106e-05,-0.005128602,-0.0017853495,0.010259854,-0.0011676473,-0.103076935,0.00014839093,-0.04509188,-0.008824117,0.0,0.0,0.0,0.0,0.0,-0.0044997223
-0.00980075,-0.042608444,0.0026275553,-0.014345027,-0.0020823684,-0.0029276859,-0.0008648618,-0.00450164,-0.061814044,-0.03307123,-0.14274915,-0.05864647,-0.034349486,-0.0027769962,-0.016193286,-0.02244086,-0.016855503,-0.005939407,-0.040121753,-0.04510307,-0.062930375,-0.0029557673,-0.00090940093,-0.010065149,-0.00016018677,-0.0013885567,-0.02061529,-0.425715,-0.0191709,0.041374985,-0.003049594,-0.041648723,-0.012928247,-0.020764153,0.01956154,-3.5641548e-05,0.0012416419,-0.048568957,-0.022434445,0.00096513896,-9.0139394e-05,-1.4589201e-05,0.042825397,-0.003066678,-0.02102421,-0.009248838,-0.011773004,-0.008285062,-0.0437977,0.00032981674,-0.042116717,-0.003953034,0.0,0.0,0.0,0.0,0.0,-0.0021651946
-0.009030277,-0.030015232,-0.004980364,-0.015116216,-0.0029284717,-0.0008686715,-0.00066062086,-0.003293783,-0.06474772,-0.0333889,-0.15269528,-0.070775755,-0.0077052484,-0.008488749,-0.018655192,-0.022999674,-0.032107223,-0.013815674,-0.038832914,-0.031546388,-0.019689538,-0.0033890419,-0.004652111,0.0027578701,-0.0001806939,-0.0019318609,-0.0021980482,-0.39487475,0.0034851239,-0.21454906,-0.0046837055,0.009620069,-0.047622345,-0.0062310267,-0.03853603,9.84791e-06,-0.0013321742,-0.00085182494,-0.011656886,-1.630008e-05,-5.6189747e-05,-3.1204538e-05,-0.0033340503,4.8475413e-05,-0.004997829,-0.0015540995,-0.013957209,-0.018192893,-0.010938713,6.508767e-05,0.006708272,0.0020016201,0.0,0.0,0.0,0.0,0.0,-0.0035005978
-0.025591224,-0.024340697,-0.039185468,-0.024787884,-0.0011350523,-0.0023835064,-0.0015487021,-0.0034094786,-0.057998717,-0.021755325,-0.1319499,-0.06271392,0.013096367,-0.0047595566,-0.014860289,-0.017623888,-0.089289136,0.0006661825,-0.03854003,-0.0005915669,-0.030676689,-0.0027902438,-0.0013866375,0.0048427023,-0.00094589626,-0.0009424969,-0.028646285,-0.41187745,0.00413586,0.028699111,-0.009358531,-0.06602882,-0.018158356,-0.0038244268,-0.031989012,-5.132708e-05,-0.00013907746,0.004080514,0.0020537798,6.2420506e-05,-0.0003925698,-3.1204538e-05,-0.0019306685,6.0339273e-05,-0.004484677,-0.0015320255,0.010276865,-0.0028120833,-0.044481732,0.00014731483,0.02996591,-0.008627061,0.0,0.0,0.0,0.0,0.0,0.00010271456
-0.016030343,-0.014964138,-0.0149360765,-0.0048349802,-0.0008526753,-0.0019287999,-0.00055180135,-0.003660337,-0.05452444,-0.018103667,-0.13810425,-0.064266,0.005121847,-0.004150158,-0.014545133,-0.000709522,-0.033766255,0.0007579397,-0.03680189,-0.025490545,-0.0049946536,-0.0035937908,-0.0007342633,-0.025664974,-2.77543e-05,-0.0013908017,-0.070549406,-0.42396805,-0.019220792,0.06588011,-0.0004257581,0.005185568,-0.021571787,-0.0070539066,-0.03483978,-2.1212018e-05,0.00018376857,-0.00044128165,-0.025800653,-0.0024000441,-0.00015730408,-3.1204538e-05,-0.0011647649,5.384277e-05,-0.0046700467,-0.001729539,0.016799027,-0.016291987,-0.054970235,0.0001392175,0.00519051,0.0023074544,0.0,0.0,0.0,0.0,0.0,-0.0027853404
-0.018009745,-0.018983146,-0.016804392,-0.00791146,-0.012347971,-0.0023500032,-0.000617641,-0.00556112,-0.0646983,-0.018908393,-0.14730474,-0.063675866,-0.083925836,-0.0035794645,-0.018332833,-0.007304501,-0.04712979,0.00017127465,-0.042696938,-0.008532906,-0.029903539,-0.0031036588,-0.0026233983,0.0026020992,-0.0016202646,-0.0017119109,-0.031296328,-0.37259728,0.0033591115,-0.013432338,-0.009928143,-0.058111355,-0.020421356,-0.0040839296,-0.04784126,-5.132708e-05,-0.0003112983,0.0026660478,-0.013960038,-0.0027857684,-0.0002523627,-2.2116697e-05,-0.002015288,4.7423586e-05,-0.0045208163,-0.0016773916,-0.015799941,-0.0261683,-0.0900147,0.00012343428,-0.022105029,-0.007889436,0.0,0.0,0.0,0.0,0.0,-0.012118635
0.10717738,-0.0021765796,-0.03798233,-0.009314847,0.0013730708,0.01668012,-0.0010990982,-0.0032630754,-0.0633121,-0.048153717,-0.16689925,-0.024805263,0.005462833,-0.00808423,-0.018556101,0.005188353,-0.056026544,-0.022740997,-0.052557584,-0.012846719,-0.031425573,-0.0030772192,-0.000692846,0.0029438876,-0.00012735266,-0.0012441198,0.005249035,-0.34942004,0.0054287645,-0.10363866,-0.012991829,0.018836739,0.016512526,-0.07026199,-0.07083344,-2.1212018e-05,0.00058081787,-0.11665702,-0.002660149,0.0021717148,-0.00016557294,-2.229474e-05,-0.004629708,5.475721e-05,-0.0085545145,-0.004879621,-0.009170193,-0.04432169,-0.055422243,9.685568e-05,-0.018508518,-0.004659205,0.0,0.0,0.0,0.0,0.0,-0.011842325
-0.044151317,-0.01773746,-0.0020549237,-0.0051902677,-0.00026244237,-0.0017010862,6.96976e-06,-0.0025331466,-0.061412502,-0.010175926,-0.14768547,-0.05923738,-0.00085173716,-0.0046912334,-0.01752935,-0.018550165,-0.018127788,0.0008092175,-0.04004889,-0.006734494,0.0021058084,-0.0030495133,-0.0007231811,0.002978863,-0.0022758294,-0.0013569618,-0.0005443018,-0.49946526,0.0054629957,-0.23743089,-0.018389262,-0.048317835,-0.019259783,-0.013076667,-0.057970297,4.0698615e-06,-0.00024919154,-0.032729056,-0.0074422723,0.0005900365,-0.0004454099,-3.1204538e-05,-0.005493636,-0.0028380672,-0.004194238,-0.001785891,0.011242547,-0.0013495984,-0.042269904,0.00011025648,-0.0140316,-0.0047361045,0.0,0.0,0.0,0.0,0.0,0.00038593847
0.06485743,-0.00620182,-0.027600178,-0.008119275,-0.0021366833,-0.0011945253,-0.00516213,-0.0032317422,-0.04798782,0.115169495,-0.086578675,-0.074811734,0.004562317,-0.0055650184,-0.016110273,0.0012041109,-0.014013769,-0.053455368,-0.028914146,-0.02099212,0.018109744,0.0034431817,-0.0026367214,-0.010302161,-0.0001312755,-0.00086377206,-0.011202873,-0.38433212,-0.028178103,0.08044649,0.002448513,-0.0012295736,0.0071737994,-0.00839371,-0.051301137,1.2943177e-05,-0.00021212643,-0.00056924205,-0.024720766,-0.005141983,-7.591375e-05,-0.00018149699,-0.0011056524,4.0658466e-05,-0.005222121,-0.0004391203,-0.029401729,-0.008446304,0.015013437,0.00038837726,0.0062374314,0.0030520316,0.0,0.0,0.0,0.0,0.0,-0.002211017
-0.026907263,-0.0028521186,-0.03434933,-0.0024547107,-0.00023859381,-0.001759623,-0.0006916878,-0.0026064182,-0.065301105,-0.023427399,-0.15621638,-0.061797652,0.00031317674,-0.0035615473,-0.017734947,-0.0048901415,-0.01007495,0.00130762,-0.040357906,-0.006883197,-0.0046652677,-0.0022666864,-0.0011865015,0.0035150654,-0.0007918351,-0.001426666,0.007935425,-0.52080727,0.0055075847,-0.27063757,-0.010351592,-0.030271623,-0.026959565,-0.00415694,-0.051131785,2.4406687e-05,-0.0003882372,0.002497097,-0.021642027,-0.004465446,-0.0002523627,-1.8414214e-05,-0.0033758776,5.2356256e-05,-0.004971284,-0.0018584953,-0.009681692,-0.0015760013,-0.0040211678,0.00013920275,0.008235315,0.002974743,0.0,0.0,0.0,0.0,0.0,-0.000237503
-0.022216063,-0.0068854685,0.0070646666,-0.00042819235,-0.002680202,-0.0013313424,-0.000636106,-0.0022009842,-0.048879847,0.022697352,-0.11793006,-0.07359042,0.02402142,-0.0058940863,-0.014806028,-0.005470971,0.011048768,-0.014718124,-0.033307306,-0.022340564,-0.029456932,-0.003064347,-0.00078690593,0.0045529054,0.0005457169,-0.0014096962,-0.021887708,-0.44717696,0.004219396,0.054094255,-0.0012519417,-0.0216071,-0.05352352,-0.0076479563,-0.039215095,2.4406687e-05,-2.1417509e-05,-0.013508786,-0.00079164637,0.0007418345,-7.051433e-05,-1.8414214e-05,-0.0017175798,6.155041e-05,-0.0030815972,-0.0011157376,0.012985334,-0.011318236,0.04280115,0.00036028883,0.03165924,0.009676776,0.0,0.0,0.0,0.0,0.0,0.00058875245
0.0861221,-0.015461643,-0.04888909,-0.00939041,-0.0013600382,-0.00056716555,-0.0007576843,-0.0027464218,-0.066751555,0.0054656505,-0.1653083,-0.06419341,0.0005271772,-0.0066523743,-0.012967544,-0.0038085547,-0.048824634,-0.010360533,-0.040699273,-0.0063743535,-0.026718179,-0.0024983394,-0.0014484699,0.0014557805,-0.00069935125,-0.0011770688,0.0016661842,-0.44474217,0.0055033267,-0.15182403,-0.009622459,-0.0005047057,-0.04268661,-0.0653402,-0.042288754,-2.1212018e-05,0.0007189743,-0.10662224,-0.009177756,0.0018937951,-9.023833e-05,-3.1204538e-05,-0.0037682576,5.5931043e-05,0.05069371,0.022639737,0.003530234,0.00039415818,-0.07403338,-0.001575755,-0.017828647,-0.0054167286,0.0,0.0,0.0,0.0,0.0,0.00034937507
-0.026461327,-0.018742934,0.0077396254,0.014255892,-0.00081560644,-0.0026929365,0.0011703507,-0.002952099,-0.060297027,-0.006971626,-0.123725004,-0.06128869,-0.023460638,-0.0039617848,-0.018536832,-0.0054963105,-0.038842387,0.0005516168,-0.033794943,-0.01463818,-0.0009907043,-0.0043690903,-0.0017060486,0.0030736073,-0.0015989362,-0.0016419458,-0.025267493,-0.44059289,0.007486785,-0.018639049,-0.014991286,-0.05533858,-0.016305413,-0.0061417576,-0.041038908,4.0698615e-06,-0.0003112983,-0.004555707,-0.01661771,-0.0040275515,-0.0002523627,-3.1204538e-05,-0.0020533635,4.9360453e-05,-0.0038724656,-0.0015284196,-0.019613367,-0.038052667,-0.03593623,0.00020310665,-0.017017754,-0.009769422,0.0,0.0,0.0,0.0,0.0,-0.010562231
-0.075858876,-0.0126831,0.019247793,-0.0027022902,-0.0019162042,-0.0007209753,0.00046113564,-0.0054347147,-0.054879703,-0.0011096173,-0.113768056,-0.0798411,-0.0321278,7.9603735e-05,-0.016078725,0.014460846,-0.06865892,-0.015154769,-0.032226056,-0.022813812,0.012956529,-0.0037598275,-0.0013558208,0.0014527584,-0.0018927467,-0.0015091716,0.0016560075,-0.41729376,0.0060856636,-0.12019014,-0.012915732,-0.030615954,0.049098995,-0.005553996,-0.0332774,9.84791e-06,-0.0003285103,0.011639485,-0.019134125,0.0009629388,-0.00018529693,-0.0005340816,-0.0038692353,4.7453206e-05,0.011646749,0.010993229,-0.011986499,-0.03320751,-0.03824103,0.00010491154,-0.0053926418,-0.0038880298,0.0,0.0,0.0,0.0,0.0,-0.010394264
-0.054373827,-0.019263571,-0.029789206,-0.02340769,-0.00035817313,-0.0014123685,-0.006179844,-0.0006135676,-0.056849424,0.043571282,-0.11630063,-0.066132374,0.018307943,-0.0048470646,-0.018319178,-0.024752358,-0.08416672,-0.049088746,-0.035409838,-0.013013634,-0.0072945794,-0.0044257124,-0.0016939235,0.0022329062,-0.0012776996,-0.0010968223,0.00052237825,-0.37603113,0.005129406,-0.23974149,-0.010106649,-0.049567528,-0.046684686,-0.006897074,-0.052856624,6.6646526e-06,-0.00033751084,0.0003564348,-0.003914614,0.0003748177,-0.00037834415,-0.0005340816,-0.0035138952,4.4255434e-05,-0.007915292,-0.0014794032,0.0074687907,-0.0020757723,0.013864019,0.00013812665,0.0081409775,0.002224736,0.0,0.0,0.0,0.0,0.0,-0.000708283
-0.04611917,-0.020590222,-0.00074520323,0.022234485,-0.011837233,-0.0018195459,-0.00041625326,-0.0043908986,-0.05945421,-0.016235681,-0.13537312,-0.060918707,-0.10661894,-0.0036242865,-0.01799693,-0.009241911,-0.05850493,0.00034024386,-0.04254457,-0.004826797,-0.0021859237,-0.003337414,-0.002946164,0.0027147103,-0.001479176,-0.0013569618,-0.030287506,-0.40163675,0.0057353154,-0.020939758,-0.015000251,-0.038812976,-0.021907533,-0.0077113863,-0.062655926,9.84791e-06,-5.0758128e-05,-0.0047944197,-0.006266512,0.0006040184,-0.0004454099,-2.2116697e-05,-0.0015334226,4.8356596e-05,-0.0040832455,-0.0016629474,0.011949071,-0.0061063115,-0.03181629,0.00035956356,-0.024557345,-0.006685512,0.0,0.0,0.0,0.0,0.0,-5.4087723e-06
-0.02582413,-0.018342217,-0.0037424634,-0.008551951,-0.0005479553,-0.0016329736,-0.00028568818,-0.0034056765,-0.06010465,-0.007885391,-0.1347757,-0.05978751,-0.011291985,-0.004754324,-0.018519055,-0.005748073,-0.031189606,0.00081692386,-0.035739988,-0.009162398,0.014865194,-0.0035205383,-0.00069121877,0.0030257378,-0.0027791054,-0.0016419458,0.003282181,-0.46322426,0.0054458794,-0.24483182,-0.018990513,-0.038195107,-0.02714089,-0.014044987,-0.058649972,4.0698615e-06,-0.0005097317,-0.04178644,-0.01773036,-0.003908126,-0.0002523627,-3.1204538e-05,-0.0045530717,4.6590096e-05,-0.004455796,-0.00176201,-0.017509185,-0.02827452,-0.038007695,0.00010002667,-0.008049814,-0.0035844722,0.0,0.0,0.0,0.0,0.0,-0.010113703
0.014104365,-0.050270233,-0.015088662,-0.003524098,-0.0030412013,-0.0013455874,-0.0008672125,0.008040573,-0.058546387,-0.03225875,-0.1289266,-0.06535799,-0.105328865,0.010460033,-0.016953103,-0.03304538,-0.018516444,-0.012554748,-0.039643805,-0.0059662857,-0.028001027,-0.0037963968,-0.005250534,-0.024140898,-3.2404354e-05,-0.001634879,-0.018082123,-0.35747594,-0.022544693,0.040259063,-0.0025486066,-0.05842202,-0.024876023,-0.017291741,-0.045381743,2.4406687e-05,-0.00032216142,-0.0065972465,-0.030400623,-0.0097007165,-5.6751454e-05,-1.4589201e-05,-0.0015534115,3.9534505e-05,-0.020670779,-0.009003357,0.012704694,-0.0043641515,0.05211895,-0.005069388,0.018070752,-0.01723825,0.0,0.0,0.0,0.0,0.0,-0.000281015
0.026270296,-0.00031009992,-0.04344315,-0.011849688,0.0034836736,0.020348215,-0.001199752,-0.0036769824,-0.052183606,-0.068559214,-0.14155711,0.01389432,0.024860855,-0.010623043,-0.016467428,0.005720032,-0.014038529,-0.011487133,-0.052119505,-0.01019208,-0.073877744,-0.002447319,-0.00040111184,-0.009425994,0.00018503913,-0.0013230176,-0.01731354,-0.33476743,0.02074552,0.08914046,0.022924902,-0.020918347,-0.014518515,-0.0054895803,-0.025810974,-3.5641548e-05,0.00033381267,0.007267152,0.0124762105,0.0008133458,-0.00035862013,-0.00018149699,-0.0018828136,5.681811e-05,-0.004904923,-0.0018869459,0.0031054518,-0.057907764,-0.033374753,0.00030096387,-0.028683856,-0.004016306,0.0,0.0,0.0,0.0,0.0,-0.0136188865
0.012445194,-0.023466792,-0.042786334,-0.013833573,-0.0020160843,-0.0009915717,-0.001019332,-0.004269216,-0.05933962,-0.052931786,-0.13768111,-0.028542787,-0.083142206,-0.009422713,-0.014567857,-0.022352058,-0.027740266,-0.009060199,-0.036527768,-0.005549925,-0.034363568,-0.0031662409,-0.00046321301,0.0027859646,0.0004755627,-0.0009803751,-0.013965111,-0.42433894,0.0032368784,-0.017796805,-0.010428387,-0.0022842104,-0.033175986,-0.0074538053,-0.01783385,-2.1212018e-05,0.00033381267,0.00530043,0.0017551484,0.00060359295,-0.00035862013,-3.1204538e-05,-0.0018869326,5.8500988e-05,-0.006504055,-0.0033041334,0.011126164,-0.006733242,-0.090960324,0.00014911618,-0.039412603,-0.009761801,0.0,0.0,0.0,0.0,0.0,-0.00071797764
-0.02492389,-0.025308141,0.0028228292,-0.006648761,-0.0033987754,-0.0022279986,-0.0005400286,-0.00311952,-0.04984828,-0.030591803,-0.11127375,-0.061608683,0.009565388,-0.0053605833,-0.017956559,-0.0058852024,-0.05217964,-0.0051852767,-0.03313197,-0.005338196,-0.028903943,-0.0024921321,-0.00093147234,-0.013304272,-0.00030626258,-0.0015974906,-0.014523227,-0.4581443,-0.022371499,0.07144824,0.0017258356,0.018264072,-0.029081207,-0.013110642,-0.059733767,9.84791e-06,-0.0011337408,-0.0065573254,0.0029446913,0.00047423915,-7.591375e-05,-3.1204538e-05,-0.0027750044,6.174727e-05,-0.004541475,-0.001704301,-0.016128585,-0.015933128,-0.01002929,0.0003878471,0.01963101,0.0031914755,0.0,0.0,0.0,0.0,0.0,-0.002429689
-0.017789127,-0.0072651906,-0.04998361,-0.0052779014,-0.0005557031,-0.0015617043,-0.001959731,-0.0026993814,-0.06363843,-0.022414265,-0.14224379,-0.058754504,-0.0033907827,-0.0025787598,-0.016769696,-0.0037302326,-0.103995465,0.0008763257,-0.034579813,-0.015696352,-0.0009200374,-0.0027675391,-0.002588034,0.002735726,0.0002284151,-0.0010060825,-0.0062649758,-0.42587218,0.005610098,-0.22963232,-0.018487263,0.007309287,-0.03604442,-0.007698655,-0.054543454,9.84791e-06,-0.000497638,-0.0037968326,-0.013046284,0.00021631146,-0.00015730408,-3.1204538e-05,-0.0038294825,5.279474e-05,-0.0054710335,-0.0018809565,0.0069162073,-0.018987445,-0.04694722,0.00011025648,-0.013059038,-0.0055532088,0.0,0.0,0.0,0.0,0.0,-0.0036058186
0.0025163386,-0.0017407244,-0.058520127,0.005089775,-0.0003747338,-0.0022392836,-0.0018455117,-0.0018886371,-0.0551889,-0.052940115,-0.12091771,-0.011509658,-0.0021184376,-0.006765114,-0.012166046,0.019078525,0.0025127244,-0.0030581516,-0.032426413,-0.019665774,0.032603078,-0.0024366013,-0.0010120524,0.0013193442,-0.010183922,-0.000986623,-0.016307093,-0.4452053,0.0139735,0.12508723,0.011574249,-0.007787514,-0.01143272,-0.0043791644,0.031336628,-3.5641548e-05,0.00039787235,0.01620992,-0.024989415,-0.0035129422,-4.8725895e-05,-1.8414214e-05,-0.0012179518,5.4849494e-05,-0.018966272,-0.008363226,-0.029003818,-0.010545268,-0.03552191,0.00032519523,-0.006786659,-0.0035710619,0.0,0.0,0.0,0.0,0.0,-0.0029870414
-0.06393981,-0.0017935352,-0.03590489,-0.015431529,-0.00017087335,-0.005524164,-0.0006535067,-0.0027757164,-0.060846012,-0.022701936,-0.13833657,-0.06268259,-0.024673162,-0.002792437,-0.017240783,-0.005914823,-0.003202777,0.00084718067,-0.035988733,-0.010401985,-0.027456548,-0.0023857867,-0.0017766376,0.0032443192,-0.00030428925,-0.0011769073,0.0098729925,-0.48946738,0.0042724875,-0.20019703,-0.009061091,-0.054308098,-0.054200232,-0.008119391,-0.05469218,2.4406687e-05,-0.0003882372,-0.0064560305,0.016843973,0.0003159992,-9.0139394e-05,-1.4589201e-05,-0.0036047203,6.260432e-05,0.0474683,0.010463495,-0.008766116,-0.0028042956,-0.0544792,0.000106360225,0.011510695,-0.0063979053,0.0,0.0,0.0,0.0,0.0,-0.00020396829
-0.008637995,-0.011508334,-0.04580999,-0.0216868,-0.0013282478,-0.0025231082,-0.0006899739,-0.004431041,-0.06324431,-0.018683188,-0.14981675,-0.06176063,-0.04521831,-0.0036270504,-0.0151253585,-0.012862321,-0.03141911,0.0023106106,-0.041146312,-0.00789303,-0.002819354,-0.0024790042,-0.0036199961,-0.050173458,0.0005168276,-0.0015780311,0.008355497,-0.43819767,0.0076315766,0.019178458,-0.009813545,-0.025155844,-0.018540362,-0.005064407,0.053092573,-2.1212018e-05,0.0018427682,0.012598585,-0.020928906,0.0002957793,-0.0001429795,-2.2116697e-05,-0.001956277,5.7590398e-05,-0.005476057,-0.0021616386,-0.010620528,-0.014253966,-0.057820614,0.00035956356,0.024894116,0.008803093,0.0,0.0,0.0,0.0,0.0,-0.0031784936
-0.032405604,-0.0011698873,-0.049574863,-0.00125795,-0.0018325689,-0.00063518976,-0.0014943614,-0.004278764,-0.06534478,0.008824287,-0.14990123,-0.0642974,0.0034802107,-0.0035222496,-0.016720895,-0.00019114492,-0.025309216,-0.013294256,-0.03573071,-0.00704619,-0.008472555,-0.0026515394,-0.0010331927,0.0026176083,-0.0015225728,-0.0011813717,-0.004279808,-0.45659876,0.00364734,-0.16767924,-0.010543738,-0.0723027,-0.023783913,-0.044614237,-0.011862834,-2.1212018e-05,-0.00033751084,-0.08280854,0.012258889,0.00045543804,-0.00050802116,-3.1204538e-05,-0.007258541,-0.0035357901,-0.0041396054,-0.0013816139,0.0104348045,-0.00066587346,-0.058737323,0.00010708548,-0.021740155,-0.0050526136,0.0,0.0,0.0,0.0,0.0,0.00017428992
-0.0491299,-0.0213142,-0.028911818,-0.01710642,-0.00040943312,-0.002063688,-0.0016116879,-0.0022793158,-0.057619754,-0.01974016,-0.12457601,-0.059504896,0.00022556934,-0.0028573812,-0.016552586,-0.01731149,-0.08612256,0.0012048315,-0.033403642,-0.0069192396,-0.0334918,-0.0034087435,-0.0017299278,-0.03442334,-0.0010885721,-0.0009424969,0.00018581864,-0.4003724,0.0040535596,-0.020429352,-0.010685674,-0.033346303,-0.021627171,-0.007729239,-0.052130707,9.84791e-06,-0.00033751084,-0.005541976,0.0061471215,0.0006924302,-0.0003925698,-3.1204538e-05,-0.0021424273,5.523291e-05,-0.004224961,-0.0016618507,0.0083753355,-0.00558467,-0.10961495,0.00014731483,-0.045470558,-0.013259467,0.0,0.0,0.0,0.0,0.0,-0.0007314193
-0.0429502,-0.008650598,0.0080148345,0.0031603714,-0.000271985,-0.003105088,-0.00035596723,-0.0033015404,-0.057704806,-0.007737634,-0.1318138,-0.06290067,-0.043634385,-0.0048653474,-0.016582396,-0.022826113,-0.037280742,0.0022532963,-0.034917865,-0.012600273,0.0052746236,-0.0023188344,-0.0020396009,-0.0500953,-0.0009873544,-0.0013569618,0.00577296,-0.48937687,0.0064077545,0.03208596,-0.010081329,-0.024478827,-0.02075922,-0.0046553924,-0.03717415,9.84791e-06,-0.0005097317,0.0046595633,-0.0009572485,0.0007182889,-0.0001429795,-3.1204538e-05,-0.0018814924,6.662094e-05,-0.0038842603,-0.0016709062,-0.01611111,-0.00044102102,-0.010470917,0.00035956356,0.014994332,0.009779509,0.0,0.0,0.0,0.0,0.0,0.0018487416
-0.018558461,-0.0010247763,-0.03398584,-0.0038692823,-0.0010666113,-0.0055760005,-0.0012568221,-0.003066692,-0.062052313,-0.023673775,-0.13620019,-0.06633335,0.008779098,-0.002651883,-0.01423689,-0.0018467882,-0.046602525,0.0008626144,-0.0365966,-0.004056512,-0.010885631,-0.002228946,-0.0011052716,0.0048086415,-0.00071731344,-0.0010060826,-0.029833052,-0.5119093,0.005795115,0.022516664,-0.017005786,-0.05510977,-0.022847813,-0.003666387,-0.033707473,-5.132708e-05,-0.00013907746,0.004105246,0.008717936,6.017084e-05,-0.0004454099,-3.1204538e-05,-0.0019650187,6.2576626e-05,-0.004852571,-0.0016314245,0.010240098,-0.0023602645,-0.04197,0.00035848748,0.025677022,-0.007547463,0.0,0.0,0.0,0.0,0.0,0.00017839058
-0.08182783,-0.022345597,-0.056147,-0.017837951,-0.00027840803,-0.0014780571,-0.00063488196,-0.0028152824,-0.05714395,-0.020320345,-0.12737532,-0.059516545,-0.002107958,-0.0029640845,-0.018246436,-0.023666952,-0.034296986,0.00031530607,-0.03250826,-0.0071034255,-0.024221247,-0.0034557031,-0.0013690685,0.0031896709,-0.0006680992,-0.0012309178,0.004133749,-0.4031559,0.0034606536,-0.20691085,-0.009367586,-0.0505121,-0.026940838,-0.008159838,-0.04543114,9.84791e-06,-0.00033751084,-0.004095556,-0.015769556,-4.650186e-05,-0.0003925698,-3.1204538e-05,-0.0037787587,4.655499e-05,0.025215529,0.008694608,0.0048261867,-0.02864483,-0.054290857,9.6130425e-05,0.010316208,-0.0048724194,0.0,0.0,0.0,0.0,0.0,-0.008283374
-0.026592018,-0.03453201,-0.029972527,-0.021631157,-0.0024886904,-0.001058926,-0.002140405,-0.0030840917,-0.061277032,-0.047869958,-0.10957781,-0.06659534,-0.008561378,-0.0030844542,-0.01729991,-0.026214786,-0.100317836,-0.009993278,-0.03120942,-0.03138936,-0.076714985,-0.003622746,-0.001578325,-0.009943242,-8.922187e-05,-0.0012872309,-0.012459668,-0.2838375,-0.023234658,0.067890525,0.0076949834,-0.0066923974,-0.027053667,-0.014169364,-0.014048259,-2.1212018e-05,0.0006389818,-0.051480465,-0.024200091,-0.0030518963,-5.6751454e-05,-2.229474e-05,-0.0011552682,5.2240634e-05,-0.015795415,-0.002866879,0.009715093,-0.033304602,-0.05741655,0.00030539028,-0.027700223,-0.003492553,0.0,0.0,0.0,0.0,0.0,-0.00685187
-0.015890863,-0.010223051,-0.036747534,-0.0041221827,-0.00046812318,-0.0051822346,-0.00068304164,-0.00337273,-0.07007524,-0.014219835,-0.16517963,-0.06306606,-0.0027597619,-0.0023784277,-0.014492083,-0.0022557355,-0.01355253,0.00092766964,-0.040497225,-0.005834613,-0.025505673,-0.002334719,-0.0006953832,0.0029608575,0.00045208365,-0.00095123466,-0.0055467603,-0.503222,0.003963218,-0.17910539,-0.010227402,0.00330211,-0.041351303,-0.010911945,-0.027034206,-3.5641548e-05,-0.00033751084,-0.032048635,0.013411888,0.00017201397,-0.00010446398,-1.8414214e-05,-0.0040636696,7.16557e-05,-0.007865052,-0.0021846017,0.009865427,-0.01681968,-0.05930998,0.00010918038,-0.01921494,-0.0069276555,0.0,0.0,0.0,0.0,0.0,-0.0029757316
-0.071214356,-0.018699413,-0.037170183,-0.006075579,-0.0003233782,-0.001019408,-0.0055093775,-0.014454254,-0.05635688,0.052833013,-0.1280876,-0.0714361,0.019808067,-0.004852207,-0.015371488,-0.021495227,-0.013137292,-0.05319664,-0.0360706,-0.008686288,0.0032404084,-0.0034984034,-0.0008065918,-0.028610153,-0.0009060073,-0.00081675325,-0.002120108,-0.43811837,0.0057779904,-0.068242,-0.018130995,-0.03948983,0.0067441626,-0.0035392803,-0.016784098,-2.543168e-05,0.0005283699,0.0062787854,-0.0072000786,0.0010424067,-0.0007974678,-0.00018149699,-0.0019961325,4.2789994e-05,0.01758559,0.006669163,0.0038205152,-0.0028303694,-0.09519783,0.00014731483,-0.032926574,-0.010398872,0.0,0.0,0.0,0.0,0.0,0.0005752966
-0.01532777,-0.06112657,-0.015233532,-0.024259092,-0.0031490256,-0.0012141864,-0.00089823804,-0.0033699886,-0.057100367,-0.048363116,-0.11309268,-0.060692973,-0.034532156,-0.004804191,-0.017035328,-0.02581353,-0.005305632,-0.014705503,-0.029609745,-0.020551695,0.023513626,-0.00026106648,-0.00200266,-0.0073242863,-0.00016172603,-0.0011856066,-0.009110785,-0.39709902,-0.026302008,0.08168276,0.008619723,-0.03377423,-0.039118327,-0.008665058,-0.029079841,-3.5641548e-05,0.0006389818,-0.00450544,-0.02355365,-0.0033164397,-0.00015730408,-1.4589201e-05,-0.001238785,4.863182e-05,-0.009980027,-0.0027130186,0.0108511485,-0.047313403,-0.03742729,0.00030539028,-0.0030971863,-0.0029728098,0.0,0.0,0.0,0.0,0.0,-0.01112314
-0.014732401,0.0006658449,-0.06492773,-0.011331804,-0.0005388269,-0.0027147352,-0.00055180135,-0.0023732726,-0.049335234,-0.015958745,-0.09609009,-0.062154066,-0.003107403,-0.0027204372,-0.015450209,-0.014416862,-0.0019052591,0.0003102678,-0.027243098,-0.00660801,0.031005736,-0.0027256033,-0.0013650471,-0.010197148,-0.0016454878,-0.0012426166,-0.017493594,-0.40877274,-0.02457039,0.112079546,0.02233665,-0.07765054,-0.007903967,-0.006803749,0.0342753,-3.5641548e-05,0.0006312089,0.0052143927,-0.017562399,-0.0022305383,-0.0002523627,-1.8414214e-05,-0.00145386,4.8280635e-05,-0.0048633087,-0.0015671498,-0.012738118,-0.0408247,-0.029796198,0.0003002386,0.0026771817,-0.003175605,0.0,0.0,0.0,0.0,0.0,-0.011774355
-0.022255363,-0.016705362,-0.003928477,-0.0039569563,-0.0011842782,-0.0015469252,-0.0009123048,-0.0030097398,-0.050305452,-0.028399106,-0.10918933,-0.06363125,0.012866932,-0.004920216,-0.016263679,-0.009681915,-0.037969455,0.00081413623,-0.030702656,-0.0028612753,-0.013594858,-0.003431837,-0.0005964602,0.004885725,-0.0010318143,-0.0017028627,-0.03310736,-0.44174108,0.0039637596,0.046706293,-0.00036463997,-0.105798125,0.0076496885,-0.003937979,-0.031890467,-5.132708e-05,-1.9720406e-05,0.0037628997,-0.011492745,-0.0013911059,-0.0003925698,-3.1204538e-05,-0.0014680484,4.7969857e-05,-0.0032728382,-0.001280499,0.0103019085,-0.063475706,0.0009902971,0.00020310665,0.023946228,0.007616645,0.0,0.0,0.0,0.0,0.0,-0.023384184
-0.041482173,-0.0069599557,-0.04723574,-0.01554889,-0.0014901622,-0.003016269,-0.0015355139,-0.0038958674,-0.057867996,-0.021663569,-0.12299655,-0.06282257,-0.03782927,-0.0033090222,-0.018114097,-0.013397988,-0.07903705,0.0008295603,-0.030697906,-0.005727391,-0.02682645,-0.0022833594,-0.0021550672,0.003366235,0.00042878167,-0.0014653283,-0.02985715,-0.34987548,0.004483196,0.007926823,-0.008038218,0.024720581,-0.02221896,-0.0057814172,-0.036862023,9.84791e-06,-0.00034993107,0.0013327637,0.009352902,-0.0005810482,-9.0139394e-05,-2.2116697e-05,-0.0017486298,6.4797394e-05,0.025234697,0.007805911,-0.016465263,-0.03651918,-0.076064,0.00011953804,0.022183983,-0.006716971,0.0,0.0,0.0,0.0,0.0,-0.008846737
0.13364309,-0.025763726,-0.0010925008,-0.013216754,-0.0023896475,-0.000932249,-0.001271957,-0.0048402045,-0.050107323,-0.011258285,-0.15815389,0.0032116526,-0.115458556,-0.011498803,-0.013553957,-0.038395956,-0.020394268,-0.014832647,-0.052741315,-0.008547595,-0.011100985,-0.004161489,-0.00056164333,0.005664215,0.00014277644,-0.0012853417,-0.027162904,-0.38090172,0.0048855455,0.04136311,-0.0077513307,0.06597968,-0.027997758,0.0017736721,-0.007906968,-0.00012720705,-0.000111817906,0.012261917,0.0028730263,0.005771489,-0.00037834415,-1.8414214e-05,-0.0014307839,5.2481468e-05,-0.0059985956,-0.004236197,0.00962953,0.0037403253,0.003083655,0.00035697993,0.021071963,0.006613052,0.0,0.0,0.0,0.0,0.0,0.00066797744
-0.003643098,-0.0059342035,0.016100273,0.00086426083,-0.0007916342,-0.0020256413,-0.0006551934,-0.001961833,-0.055103824,0.020638501,-0.12454125,-0.05407674,-0.0012940471,-0.0025374424,-0.013868323,-0.025941974,-0.020995753,0.00046988667,-0.032569487,-0.014559547,0.003824814,-0.0033099204,-0.0007706845,-0.010997221,-0.0006964989,-0.0013174772,-0.013576433,-0.39051273,-0.028724942,0.09647962,0.010094677,0.002382766,0.0029417404,-0.012894813,0.30250892,-3.5641548e-05,0.003668737,-0.036300134,-0.016875617,-0.0019037935,-0.0001429795,-1.4676903e-05,-0.0012908427,5.6573357e-05,-0.008972353,-0.002008652,-0.021491488,-0.019578213,-0.019185178,0.00032909148,-0.014828425,-0.0026261813,0.0,0.0,0.0,0.0,0.0,-0.0035933752
-0.018586209,-0.028090885,-0.0034876154,-0.014013248,-0.0012008648,-0.0016156882,-0.00065345835,-0.0042854133,-0.06916628,-0.02397553,-0.1671043,-0.060679246,-0.0668497,-0.0026473093,-0.019253345,-0.0065194224,-0.024249475,0.0006932181,-0.048200794,-0.027637891,-0.02134254,-0.0030911292,-0.0018793992,0.0035064507,-0.002107212,-0.0013718179,0.009470486,-0.4123769,0.0044419216,-0.22731678,-0.0014694761,-0.056152914,-0.043599144,-0.008944515,-0.053313695,9.84791e-06,-0.0013321742,-0.008353406,-0.013524163,0.00023065935,-9.0139394e-05,-2.2116697e-05,-0.0032805176,5.057152e-05,-0.00612734,-0.002199276,-0.012154084,-0.0016782582,-0.01053976,0.00013920275,0.011940086,0.0053426926,0.0,0.0,0.0,0.0,0.0,-0.0011412674
-0.011453441,-0.014885859,-0.032960173,-0.023099191,-0.0018636514,-0.0016117287,-0.005127523,-0.0052120816,-0.058909822,-0.026080126,-0.1503273,-0.06704615,0.00054073916,-0.0038942224,-0.014521988,-0.019833013,0.0010192265,-0.05733144,-0.04002274,-0.008858333,0.031772695,-0.0024939883,-0.0015220362,-0.0102792485,-0.00022587916,-0.0013160892,-0.012950461,-0.4093285,-0.029244574,0.098635346,0.011198376,0.00047142073,-0.022920221,-0.0038791094,-0.026684929,-2.543168e-05,0.0011464878,-0.0010984333,-0.020509541,-0.0027906687,-0.00049503735,-0.00018149699,-0.0017777239,4.600683e-05,-0.008414675,-0.0020418365,-0.014415989,-0.020576084,-0.03634936,0.00032981674,-0.0052003055,-0.0028856448,0.0,0.0,0.0,0.0,0.0,-0.0024823444
0.0015203158,-0.04220472,-0.03055375,-0.017199477,-0.0017111965,-0.0013816907,-0.0005169686,-0.0018431004,-0.06356795,-0.007202129,-0.11316869,-0.06269239,-0.0652555,-0.001848264,-0.018858358,-0.015629834,-0.036609575,-0.00015662095,-0.037385453,-0.023379367,-0.071101815,-0.0032418615,-0.002819906,-0.010022564,-0.00033421363,-0.0012493527,-0.013919023,-0.3341473,-0.017047098,0.04563937,0.007155112,-0.036927905,-0.013440689,-0.0045317193,-0.038560316,-3.5641548e-05,0.0009832537,-0.03746347,-0.025317669,-0.001816529,-0.00010446398,-1.2135975e-05,-0.0016346346,4.9286326e-05,-0.005649055,-0.0018516522,0.008721011,-0.023449745,-0.056316044,-0.003971229,-0.03150313,-0.0028094747,0.0,0.0,0.0,0.0,0.0,-0.010331022
-0.03688273,-0.021686045,-0.043326847,-0.005002639,-0.00044717247,-0.0014439465,-0.0014877107,-0.0026089025,-0.0631489,-0.0115842,-0.14903009,-0.058591343,-0.0018117139,-0.0039350227,-0.014902716,-0.022855183,-0.03393409,0.0004888404,-0.041740403,-0.008714335,-0.008700504,-0.002797018,-0.0014989689,0.0033743961,-0.0014823882,-0.0013436105,0.0074763955,-0.44336683,0.00532079,-0.24633344,-0.015637072,-0.052283734,0.009068365,-0.0317397,0.014763422,-2.1212018e-05,0.0006916041,-0.079487965,-0.022107137,0.00048178164,-0.0002523627,-2.229474e-05,-0.004009715,5.2069234e-05,-0.0039710263,-0.001793557,-0.013523399,0.00041379256,-0.038696274,0.00013920275,0.008193544,0.0033235871,0.0,0.0,0.0,0.0,0.0,0.00020146318
-0.038535483,-0.023220558,-0.010816688,-0.026774485,0.0025892616,0.017640563,3.7548856e-05,-0.004766588,-0.05517472,0.00077474257,-0.12526475,-0.06439021,-0.059424352,-0.010331488,-0.015778746,-0.0045922087,-0.03159655,-0.021168739,-0.03531565,-0.016961567,0.009365839,-0.0038454884,-0.0012495312,-0.018947937,-0.0017916539,-0.0012484911,-0.008001914,-0.43949342,0.0062083197,-0.079417676,-0.019550312,-0.065784805,0.010299516,-0.006665637,-0.038690735,9.84791e-06,-0.0003285103,-0.0020257672,-0.004126495,0.0006245925,-0.00060442055,-3.1204538e-05,-0.00026827026,-0.0029050491,-0.0028938777,-0.0016141663,-0.015772168,-0.0074523943,-0.078586444,0.00014911618,-0.023091674,-0.011268087,0.0,0.0,0.0,0.0,0.0,-0.0004378314
0.0020884997,0.0028619156,0.0069247466,-0.015477579,-0.0024727918,-0.0012344884,-0.0006975375,-0.0015762552,-0.0623969,-0.007890244,-0.14195013,-0.06016849,-0.0031004115,-0.002493142,-0.016016629,-0.008541054,-0.05096794,0.0018772649,-0.03280112,-0.014449793,-0.0018000455,-0.0030546421,-0.0010339749,-0.030179286,-5.4606593e-05,-0.0016790502,-0.0053897025,-0.33650923,0.006901249,-0.05667009,-0.016598517,-0.0006673366,-0.007739717,-0.031298373,0.03184432,-2.1212018e-05,0.003526616,-0.083949745,-0.018697182,-0.0025381718,-0.00015730408,-2.229474e-05,-0.0021416403,5.141716e-05,-0.004137154,-0.001538356,0.0050431653,-0.03102841,-0.11349429,0.00012415953,-0.02402025,-0.011983209,0.0,0.0,0.0,0.0,0.0,-0.009885286
-0.027191607,-0.01674211,-0.053495985,-0.03078677,-0.003448957,-0.0020894147,-0.0009285258,-0.0049305246,-0.057471443,-0.020547178,-0.11291246,-0.06497953,-0.11461324,-0.0041787717,-0.017711027,-0.011360936,-0.04751576,0.0009580281,-0.038642317,-0.0065731956,-0.024972348,-0.00332397,-0.0024599598,0.0029583615,-0.00094589626,-0.0012913276,-0.028211977,-0.37085387,0.003846823,0.038258787,-0.0016993808,-0.0625549,-0.021765927,-0.0070565892,-0.03646927,-5.132708e-05,-0.00013907746,0.00292205,6.46308e-05,-0.0004261781,-0.0004454099,-2.2116697e-05,-0.0014540062,5.4853892e-05,-0.0038009023,-0.0014217458,0.010037125,-0.020379037,-0.014133725,0.00035956356,0.020877337,0.006068738,0.0,0.0,0.0,0.0,0.0,-0.02057993
0.08093954,-0.00058940094,-0.014603394,-0.01548619,-0.0017617329,-0.000698174,-0.005240362,-0.0025849615,-0.060398802,0.101666294,-0.14096974,-0.06720014,0.0043431013,-0.006448185,-0.015701104,-0.004872915,-0.012942385,-0.058080427,-0.037173763,-0.012523924,-0.03883341,-0.0030140611,0.004242733,0.002204205,-0.0006113692,-0.0016984603,-0.013565721,-0.3559179,0.0049090143,-0.021345228,-0.006961269,-0.0093659805,0.005406735,-0.00023038044,-0.04707349,1.2943177e-05,-0.00014115855,-0.0031618774,-0.070558935,-0.02923254,-7.051433e-05,-0.00018149699,-0.002090896,4.238361e-05,-0.007926923,-0.003279443,0.0111492,-0.0048166057,-0.09369583,0.00014911618,-0.053036544,-0.010059525,0.0,0.0,0.0,0.0,0.0,0.00013656772
-0.028286595,-0.0147354435,-0.0045691202,0.03324352,-0.00035302626,-0.0013850636,0.00046798246,-0.0036108498,-0.0580525,-0.007363115,-0.122760154,-0.057658292,-0.00068696594,-0.0034696176,-0.018345054,-0.035927474,-0.06054933,0.0003528425,-0.033463266,-0.009362208,-0.0028495104,-0.0034567295,-0.0015946326,0.00311626,-0.0018143326,-0.0016363343,0.0066636186,-0.46223074,0.005664319,-0.22599459,-0.01577721,-0.031910803,0.0113840895,-0.006656025,-0.04834881,9.84791e-06,-0.0003285103,0.0027924425,-0.023800664,-0.004228611,-0.0002523627,-3.1204538e-05,-0.0033307234,4.6865767e-05,-0.003605762,-0.0018639237,-0.012645516,-0.03063113,-0.019577619,0.00010418629,-0.0054829093,-0.0035293384,0.0,0.0,0.0,0.0,0.0,-0.008193948
-0.017305102,-0.016266452,-0.032547895,-0.009536185,-0.004254493,-0.0014784671,-0.000671835,-0.003790802,-0.06161205,-0.01852291,-0.15127812,-0.059736148,-0.07797097,-0.0031275845,-0.01734187,-0.0071541322,-0.031455595,0.0013217053,-0.04562185,-0.01138369,-0.037588317,-0.0034233201,-0.0040520458,-0.03254352,-0.0010885721,-0.0014234901,5.957417e-05,-0.40115488,0.0040132464,-0.021039123,-0.009836307,-0.06764656,-0.021036789,-0.008099337,-0.046172857,9.84791e-06,-0.00033751084,-0.005457515,-0.0103049865,-0.0025856725,-0.0004454099,-2.2116697e-05,-0.0021755735,4.9213646e-05,-0.0053003584,-0.002034926,0.0076397504,-0.0048206714,-0.093599916,0.00014839093,-0.029601239,-0.013674881,0.0,0.0,0.0,0.0,0.0,-0.00057908485
0.0027285623,-0.0024506617,-0.030795623,-0.00863572,0.0003347729,-0.0015915771,-0.00084425346,-0.006032046,-0.04224783,-0.03386106,0.53422564,-0.51563686,-0.037956625,-0.0059172576,-0.029506752,-0.04689886,-0.042951114,-0.015328483,0.16381717,-0.032571256,-0.038554136,-0.020785466,-0.0008403469,-0.0069339145,7.228712e-05,0.015835555,-0.015845057,-0.26604387,0.009399808,0.026161568,0.0026046059,-0.011067965,-0.01235187,-0.0036372733,-0.02411414,-5.132708e-05,0.000444018,-0.001531783,-0.008312384,0.00012751864,-9.906468e-05,-2.2116697e-05,-0.0008828849,0.00013286735,-0.021089137,-0.008794639,-0.030149734,-0.16230673,-0.0011284306,0.000108130174,0.00546726,0.0013619652,0.0,0.0,0.0,0.0,0.0,-0.057690185
-0.040292475,-0.019889126,5.2722273e-05,-0.0021782387,-0.00025124179,-0.001383289,-0.0019378986,-0.0038939829,-0.0643813,-0.026718674,-0.1520354,-0.061374366,0.0006678877,-0.0048149074,-0.015477523,-0.022270251,-0.09975438,0.00013863316,-0.04187742,-0.0049201064,-0.021150632,-0.0027887176,-0.0014338992,0.0030945553,-0.0016051999,-0.0014144419,0.007787937,-0.43313938,0.003633101,-0.18878232,-0.009625034,-0.038939733,0.01671125,-0.004370064,-0.0392145,-2.1212018e-05,-0.0003285103,-0.0046599316,-0.02486648,-0.0027964688,-0.00019952259,-3.1204538e-05,-0.0039554155,5.2354626e-05,-0.004256112,-0.0019859418,-0.011430572,-0.0029745307,-0.059533224,0.00011025648,-0.020348692,-0.004803807,0.0,0.0,0.0,0.0,0.0,-7.987791e-05
-0.00593105,-0.013658721,-0.047277477,-0.022442905,-0.002568991,-0.0012426886,-0.0005313825,-0.005643288,-0.056905005,-0.07892025,-0.13168895,-0.04922003,0.005130481,-0.0028890995,-0.014167506,-0.022015834,-0.021076111,-0.010198172,-0.037972968,-0.0037808274,-0.03611157,-0.0018717025,-0.0012996104,-0.012004894,-0.0004489239,-0.00097515265,-0.013242232,-0.45455024,-0.018727396,0.08289104,0.0065517626,-0.0036342263,-0.07840998,-0.016102018,0.12548395,-3.5641548e-05,0.0009832537,-0.027936632,-0.026663164,-0.0024964171,-0.00021991535,-1.8414214e-05,-0.0012260252,5.8391648e-05,-0.007599554,-0.0012712571,0.009990567,-0.01689563,-0.032530062,0.0003303469,0.02772521,-0.003557172,0.0,0.0,0.0,0.0,0.0,-0.0029499452
-0.04528817,-0.0029176709,-0.04632043,-0.007252285,-0.0019208357,-0.0012764763,-0.001257591,-0.0038992455,-0.06481573,-0.047185726,-0.14393316,-0.06684608,0.0060123433,-0.0045767897,-0.017719582,-0.001494294,-0.041304905,-0.015508179,-0.036511056,-0.006875155,-0.029900825,-0.0021958584,-0.0005992867,0.0029650198,-0.0012019792,-0.0010345967,-0.026198946,-0.4946599,0.0046916213,-0.011396808,-0.009679972,-0.027639281,-0.0064751855,-0.0003464282,-0.028893104,-5.132708e-05,-0.00018980386,0.005136723,0.0050854934,0.00068670453,-0.00018529693,-0.0005340816,-0.002120801,6.206076e-05,-0.0037356215,-0.0017317157,-0.019209132,-0.008388609,-0.11141123,0.00014911618,-0.048607714,-0.0106911305,0.0,0.0,0.0,0.0,0.0,-0.00022247681
-0.07444035,-0.019565143,-0.0055009048,-0.0073199426,-0.0012178624,-0.00060660945,3.661442e-05,-0.0063663125,-0.059321124,0.008251766,-0.13302591,-0.06275262,-0.0812161,-0.010689194,-0.01747124,-0.052178197,-0.033840436,-0.01623072,-0.038162842,-0.009467133,0.0011439304,-0.003777926,-0.0010569841,0.001664519,-0.0021484788,-0.0012373367,0.0016883377,-0.48743564,0.005212231,-0.19485922,-0.018996162,-0.02442646,0.018460775,-0.006931999,-0.03991108,9.84791e-06,-0.0003285103,-0.002014396,-0.017910024,0.001001371,-0.00018529693,-3.1204538e-05,-0.0040415023,4.802885e-05,-0.0036888756,-0.002362841,-0.011343141,-0.0043386575,-0.027197683,0.00011098173,-0.00878896,-0.0037731875,0.0,0.0,0.0,0.0,0.0,-0.00017433809
-0.012119396,-0.0032292532,0.005703179,-0.0066712825,-0.011926641,-0.0007549136,-0.009948362,-0.004243947,0.02516539,-0.022391308,0.32082382,-0.13908476,-0.0031366907,-0.0020513474,-0.03986142,-0.015587466,-0.02543402,-0.009420559,0.04067912,-0.010146412,-0.027300932,-0.0054098777,-0.004193081,0.0046827504,0.0010478637,-0.004358009,0.011168494,0.76470083,0.005036951,0.03154066,-0.0017785195,-0.0057717864,-0.019291947,0.0016519332,-0.03588287,-8.338527e-05,-0.000106974956,-0.0018687507,-0.014020193,-0.0021050167,-0.003592534,-8.4985644e-05,-0.0006571422,0.00019738282,-0.0034574375,-0.0016294975,0.007839716,0.027062884,-0.0075912215,7.2202e-05,0.010720407,0.002289426,0.0,0.0,0.0,0.0,0.0,0.0074314936
-0.0074288854,-0.029703876,-0.019905603,-0.017491307,-0.00320761,0.0092593,-0.0010015952,-0.007076322,-0.0419538,-0.011900926,-0.10620421,-0.040617645,0.0131663205,-0.0026754283,-0.01149589,-0.012555905,-0.0703731,-0.01532249,-0.029842438,-0.052608024,0.021540744,-0.00079943717,-0.004372901,-0.046319414,0.0016617482,-0.0007342527,0.010254201,0.80342364,0.024972055,0.06617502,0.00435041,-0.04218742,-0.030536933,-0.04028237,0.01873896,-4.3017906e-05,0.0012248104,-0.033336177,-0.018552402,-0.0062414524,-7.34633e-05,-8.4985644e-05,-0.0016830271,0.00018486402,-0.0025130024,-0.0008179141,-0.00761381,0.017167455,0.009115783,-0.005981369,-0.0042836256,-0.014140213,0.0,0.0,0.0,0.0,0.0,0.005649271
-0.0076240376,-0.011864961,-0.050554305,-0.02287119,-0.0012970902,-0.0033401193,-0.00054500654,-0.0021194594,-0.058677603,-0.010289858,-0.13491961,-0.061072152,-0.02972372,-0.0023055596,-0.013458087,-0.01822794,0.0067073824,0.0004362568,-0.0372139,-0.008814188,0.030464308,-0.002078729,-0.0021872544,-0.0093241725,-0.00039546928,-0.000986623,-0.019870881,-0.46835005,-0.028164988,0.091244556,0.010562744,-0.034445025,-0.0108527895,-0.021614872,0.013912598,-3.5641548e-05,0.0011464878,-0.06330823,-0.024758888,-0.0019650315,-0.0001429795,-1.2135975e-05,-0.0017067043,5.3912754e-05,-0.005238674,-0.0019414818,-0.014113439,-0.02252538,-0.033564363,0.0003280154,-0.01199577,-0.0024206047,0.0,0.0,0.0,0.0,0.0,-0.0032329713
-0.01830587,-0.07847302,-0.011666087,-0.029126745,-0.0033638212,-0.0010599062,-0.00087960827,-0.004351752,-0.060778737,-0.03823594,-0.11063681,-0.05995809,-0.07660692,-0.005359408,-0.017788626,-0.040892433,-0.008319047,-0.013916971,-0.034734484,-0.019277595,0.046352815,0.00043525198,-0.0025993378,-0.00730567,-9.8233984e-05,-0.0011856066,-0.006531238,-0.35454324,-0.025864277,0.07288061,0.009326191,-0.056452293,-0.044159126,-0.010596757,-0.038032707,2.4406687e-05,-0.00019221935,-0.001997531,-0.031233653,-0.0047890497,-0.00015730408,-1.4589201e-05,-0.0016422234,3.6517213e-05,-0.00964963,-0.0026676897,0.013304961,-0.024751406,-0.021094058,-0.003991104,-0.005068613,-0.0025036263,0.0,0.0,0.0,0.0,0.0,-0.006012686
-0.044689823,-0.020165296,-0.0039109094,0.014158099,-0.00021818234,-0.0017569775,0.001126776,-0.0027074874,-0.0647919,-0.004488317,-0.14447449,-0.059020903,-0.026266087,-0.0037471557,-0.018145287,-0.0045716707,-0.042761214,0.0009503521,-0.03970473,-0.021707602,0.002793404,-0.0031954462,-0.0011518354,0.002744161,-0.002943643,-0.001353525,0.0062446846,-0.4750787,0.0063424134,-0.23853777,-0.0130076995,-0.015123603,-0.030086337,-0.0077852122,-0.06369695,4.0698615e-06,-0.0005097317,-0.030758452,-0.008232001,0.00057169213,-0.0002523627,-3.1204538e-05,-0.0040060543,5.061397e-05,-0.004634271,-0.0018350916,-0.014576055,-0.0035247086,-0.026117394,0.00013920275,-0.009743896,-0.005478433,0.0,0.0,0.0,0.0,0.0,-0.000564689
-0.049134586,-0.018614305,-0.030060248,-0.015185699,-0.00088944,-0.0034086893,-0.0006118944,-0.0016492081,-0.054576773,-0.018137556,-0.11318539,-0.062409945,-0.0002023836,-0.00464621,-0.017555522,-0.0197033,-0.0072486093,0.0004231883,-0.029701358,-0.01830254,0.018817164,-0.0044728843,-0.0011867988,0.002923579,-0.0010801702,-0.0012620761,-0.02195343,-0.4449599,0.0054256506,-0.041874867,-0.019251848,-0.047182485,-0.02198996,-0.008334759,-0.045627102,2.4406687e-05,-0.00018980386,-0.0034255697,0.015859269,-7.5199634e-05,-0.0002523627,-1.8414214e-05,-0.0020249228,4.981309e-05,-0.004091951,-0.0014939276,-0.024876114,-0.027350493,-0.06296999,0.00012235818,-0.02815421,-0.008971661,0.0,0.0,0.0,0.0,0.0,-0.005382846
-0.01883248,-0.007125729,-0.030807583,-0.010852339,-0.0013673414,-0.0064111184,-0.0011041118,-0.0038014085,-0.05590437,-0.021254191,-0.11994864,-0.06416073,0.008561416,-0.0027761112,-0.014490537,-0.015844483,-0.013788124,0.0014925047,-0.031183837,-0.00093833305,-0.021508567,-0.002219519,-0.0011046316,0.0048757507,-0.0008276632,-0.0009424969,-0.032331135,-0.4944143,0.004111086,0.057355277,-0.0007763661,-0.07267353,-0.025548503,-0.0067731356,-0.033849075,-5.132708e-05,-0.00018980386,0.0028343839,0.005165805,5.4086653e-05,-9.0139394e-05,-3.1204538e-05,-0.0018497247,6.7460685e-05,-0.0050276862,-0.0016806255,-0.02502288,0.002938711,0.008871264,0.00035848748,0.032052048,0.006471269,0.0,0.0,0.0,0.0,0.0,0.0023934909
0.0371071,-0.024163501,-0.038281187,-0.0056595397,-0.0020506135,-0.00058885384,-0.0017320362,-0.0026529187,-0.05811321,-0.020573951,-0.13173455,-0.077769816,-0.0027978562,-0.004208159,-0.014106223,-0.009052625,-0.09138811,-0.007693947,-0.03896438,-0.00746957,-0.04283822,-0.003312081,-0.0013069098,-0.029397056,0.0006252604,-0.0009574788,-0.005290877,-0.377959,0.0038831134,-0.03133636,-0.008874561,-0.037549086,-0.068865575,-0.041419316,0.013859445,-2.1212018e-05,0.0005167582,-0.068423584,-0.013155597,0.0006747915,-0.00035862013,-3.1204538e-05,-0.0017942245,5.190981e-05,0.029814782,0.012097213,0.004926601,-0.0068784296,-0.097973,0.00014964634,-0.036522467,-0.011954321,0.0,0.0,0.0,0.0,0.0,-0.00067127333
-0.01957919,-0.01657549,0.02397709,-0.022393672,0.0054388246,0.032560833,-0.00090503285,-0.0016079858,-0.055237688,-0.023755364,-0.13091126,-0.06750107,0.0054869605,-0.0042057466,-0.012469456,-0.012318766,-0.0033479715,-0.0006628269,-0.034147732,-0.010676286,0.032672163,-0.002155566,-0.001593999,-0.008566743,0.0006241793,-0.0014088865,-0.015823023,-0.41611978,0.027018216,0.102946445,0.009185196,-0.03938675,-0.0359073,-0.018183384,0.042980514,-3.5641548e-05,0.0011386889,-0.054289747,0.023199795,0.0007818612,-4.8725895e-05,-1.8414214e-05,0.044554573,-0.0031971014,-0.009210205,-0.00379631,-0.008990331,-0.0075835683,-0.032307614,0.00032981674,-0.0038926906,-0.0077739265,0.0,0.0,0.0,0.0,0.0,-0.0009266586
-0.059248716,-0.004335868,-0.0023103992,-0.009376707,-0.0002645351,-0.0014975143,-0.00030887683,-0.0027835534,-0.060316473,-0.022030106,-0.13383445,-0.058676034,0.001472034,-0.005534851,-0.01872009,-0.0029584453,-0.034622166,0.0009540144,-0.03404349,-0.02910965,-0.0021323487,-0.003693444,-0.0013038826,0.003695112,-0.0014241145,-0.0016419458,0.0016333137,-0.4515817,0.004129793,-0.26056662,-0.008505509,-0.07036445,-0.034646712,-0.008992844,-0.052834116,9.84791e-06,-0.00024919154,-0.0064609344,-0.0106216865,-0.0001297958,-0.0004454099,-3.1204538e-05,-0.0037956173,4.8461443e-05,-0.0038760228,-0.0016798653,0.009120881,-0.028548924,-0.008021452,6.47463e-05,0.007030448,0.0021327382,0.0,0.0,0.0,0.0,0.0,-0.0058436915
-0.0015161694,-0.028303618,-0.04707041,-0.003767377,0.0035055028,0.020215696,-0.0015281335,-0.0038097869,-0.05794821,-0.05434093,-0.15948848,-0.013778104,0.004649013,-0.010112439,-0.016538387,-0.0013737796,0.0075435205,-0.005928425,-0.052942388,-0.022159562,-0.035981935,-0.0034965153,-0.00051874894,0.0029625285,0.00057187513,-0.0012413354,-0.0163456,-0.34482172,0.005709028,-0.014408969,-0.015799874,0.018794468,-0.03169252,-0.009760192,-0.022390207,-5.132708e-05,0.00033381267,0.008305095,-0.023547009,-0.0033514702,-0.00035862013,-3.1204538e-05,-0.0030720958,4.9508373e-05,-0.0056824777,-0.0019504833,0.011754315,-0.052520085,-0.07842067,0.00012415953,-0.03380351,-0.009850046,0.0,0.0,0.0,0.0,0.0,-0.013748383
0.014297528,-0.033257637,-0.0231651,-0.016060574,-0.0020304346,-0.00086395536,-0.0010485032,0.0125976335,-0.061270654,0.021602415,-0.12270245,-0.07615562,-0.034325376,0.0007055391,-0.013427633,-0.028489042,-0.02031868,-0.014053975,-0.03562671,-0.03855103,-0.06929508,-0.0031542592,0.007509951,-0.0078029633,-0.00022260557,-0.001451535,-0.011094871,-0.2739776,-0.022055293,0.055578835,0.0077905464,-0.031304758,-0.015812535,-0.015771441,-0.03410051,-2.1212018e-05,0.00053602876,-0.11799914,-0.023931792,-0.0035993424,-7.051433e-05,-1.7136434e-05,-0.0010625259,4.3481567e-05,-0.009986792,-8.327869e-05,0.010843171,-0.0017623994,-0.058613732,0.0003303469,-0.048964787,-0.0033044277,0.0,0.0,0.0,0.0,0.0,-0.0044617
0.0069643822,-0.039386056,-0.006182575,-0.017298732,-0.00038614118,-0.0011036133,-0.0076579945,0.00047254842,-0.06311861,-0.0059813038,-0.13635495,-0.07990189,-0.0459756,-0.0037403146,-0.015361446,-0.01780315,-0.036648016,-0.024647532,-0.034590803,-0.05706417,-0.027908226,-0.0023887267,0.009218257,0.006584289,1.0028132e-05,-0.0017929423,0.017293846,-0.33951563,0.0032324498,0.042950917,-2.4164547e-06,-0.030716702,-0.051463597,-0.0154054975,-0.050529774,-5.132708e-05,0.0019379222,-0.0058568753,-0.03745546,-0.008762055,-5.6189747e-05,-2.2116697e-05,-0.0015833084,3.7395293e-05,-0.0114429295,-0.0062077255,-0.009736161,-0.06432348,0.026392655,8.670259e-05,0.021483045,0.0037184823,0.0,0.0,0.0,0.0,0.0,-0.014647067
-0.024291929,-0.00284135,-0.032186277,-0.0083638225,-0.00076312706,-0.0016673475,-0.0011319845,-0.0026908747,-0.06374967,-0.011049652,-0.16239159,-0.06186632,-2.3448321e-05,-0.0029322316,-0.01361806,-0.00729545,-0.020947276,0.000667436,-0.042087257,-0.0058400417,-0.033668805,-0.0026567644,-0.0009933386,0.0029561934,-0.0018496887,-0.0014573301,-0.018411549,-0.4523178,0.0034379011,-0.009521355,-0.009742177,-0.06438284,-0.01737925,-0.018436082,-0.039085146,-2.1212018e-05,-0.00013907746,-0.017398454,-0.00881047,-0.00035922922,-0.0004454099,-3.1204538e-05,-0.002611599,5.2330106e-05,-0.0041231574,-0.001595738,0.0144535955,-0.010330221,-0.11279521,0.00014839093,-0.047637124,-0.009481378,0.0,0.0,0.0,0.0,0.0,-0.0044514677
0.003152019,-0.050118394,-0.010088654,-0.03244286,0.0064174077,0.01334595,-0.0008515596,-0.0074304007,-0.065866895,-0.04069672,-0.13144138,-0.068544,-0.077414945,-0.0016756157,-0.018627217,-0.03290287,-0.025250373,-0.019707834,-0.04615512,-0.02579748,-0.07276009,-0.0029272544,-0.0038741874,-0.009768406,-0.00018065817,-0.0010856182,-0.010250653,-0.3538823,-0.0228001,0.048024587,0.009247061,-0.03159096,-0.029016376,-0.008888695,-0.03543299,4.0698615e-06,-0.00019221935,0.00087301875,-0.031620435,-0.00496028,-5.6751454e-05,-2.2116697e-05,-0.0019038823,4.4270113e-05,-0.010092114,-0.0030919926,0.008432207,-0.0064074895,-0.065961555,-0.004307815,-0.045943074,-0.0036034323,0.0,0.0,0.0,0.0,0.0,-0.0021873154
-0.013233751,-0.022251735,-0.0040301336,-0.017373512,-0.00042429988,-0.001093213,-0.0016410961,-0.007518241,-0.070965044,-0.024868255,-0.17287044,-0.066344276,-0.035624776,-0.004691179,-0.019224823,-0.016864937,-0.09717871,-0.014730772,-0.04126197,-0.028604776,-0.0032699322,-0.0017965382,-0.003013526,0.003629211,0.00034673276,-0.0013160892,-0.00039538936,-0.3853164,0.0047534425,-0.23453462,-0.004173146,-0.0029977756,-0.0276563,-0.0033163992,-0.03766878,-2.1212018e-05,-0.0013321742,-0.0018672544,-0.021009644,-0.0016935609,-0.0001429795,-0.00025015345,-0.0032193316,5.5546952e-05,-0.0060226875,-0.0021042158,-0.0163161,-0.01568895,-0.002748711,7.4976095e-05,0.0057085617,0.0035863188,0.0,0.0,0.0,0.0,0.0,-0.0033137258
-0.0029330314,-0.010577585,-0.068704635,-0.0044800364,-0.000637084,-0.0015989006,-0.0011861783,-0.0019121758,-0.05784866,-0.02197975,-0.12266035,-0.05985762,0.0025066943,-0.0024422265,-0.015617337,-0.005331439,0.010688955,0.0026866195,-0.026738543,-0.008928779,0.0009503438,-0.0031970956,-0.0011052851,-0.033876244,0.00045428614,-0.0014653283,-0.019706659,-0.4322467,0.005929076,-0.05439124,-0.01863306,0.0424422,-0.021694975,-0.010009932,-0.046434578,9.84791e-06,-0.00033751084,0.0002882547,-0.012441171,-0.0028198785,-0.00015730408,-3.1204538e-05,-0.0026057975,5.0707742e-05,-0.004606993,-0.0017354466,0.017699774,-0.025360595,-0.09020464,0.00011953804,-0.027351094,-0.011514856,0.0,0.0,0.0,0.0,0.0,-0.007235238
-0.02247857,-0.0119287055,0.0004979396,-0.012815914,-0.0003240561,-0.0013692856,-0.0002825619,-0.0028619173,-0.062144734,-0.022757815,-0.18983325,0.014093276,-0.0045075016,-0.005401506,-0.016667463,-0.006720646,0.030335717,-0.007012655,-0.059798293,-0.0144166155,0.017904414,-0.0031652725,-0.002009468,0.0035592555,-0.00042751568,-0.0013908017,0.005552094,-0.40307614,0.004928551,-0.2662563,-0.0052447654,-0.07521985,-0.043622963,-0.0073036486,-0.056447517,2.4406687e-05,-7.3555275e-05,-0.024379075,-0.011883119,0.00033174263,-6.305048e-05,-1.8414214e-05,-0.003557422,4.910314e-05,-0.005281773,-0.0021209656,0.012924667,3.9105602e-05,0.0063233594,7.4976095e-05,0.007829125,0.0040672324,0.0,0.0,0.0,0.0,0.0,-0.0007123906
-0.06081185,-0.019263403,-0.02807692,-0.02424445,-0.00067335076,-0.0019561874,-0.00068534916,-0.0027045899,-0.06060439,-0.021151388,-0.14135799,-0.06038576,0.0001369472,-0.0044722836,-0.019451102,-0.027500773,-0.023987027,0.00040073908,-0.036635272,-0.009842591,-0.0020836846,-0.0033632973,-0.000878992,0.0028968938,-0.0010772632,-0.0016826594,0.0029744653,-0.43662706,0.005718345,-0.22149803,-0.019013792,-0.041165255,-0.027277686,-0.00587604,-0.04518449,9.84791e-06,-0.0003882372,-0.0013107585,-0.0015281779,-3.636419e-06,-0.0002523627,-3.1204538e-05,-0.0039713522,5.2902342e-05,-0.0045857616,-0.00176201,-0.011544272,-0.025455883,-0.044063132,0.00010002667,-0.010558528,-0.003733255,0.0,0.0,0.0,0.0,0.0,-0.0064752446
-0.04957233,-0.016015561,-0.0021023622,0.028324071,-0.0055982973,-0.0016417281,0.0009875528,-0.006848416,-0.06369067,-0.01746559,-0.14659843,-0.06306587,-0.082534276,-0.0036518793,-0.019974785,-0.0073231356,-0.057415072,0.00029465044,-0.043423194,-0.0044340324,-0.00090473605,-0.0034440283,-0.0017039179,0.002887727,-0.0016572804,-0.0016453826,0.0015982976,-0.37475404,0.0057434416,-0.20730548,-0.019129869,-0.048080277,-0.023620103,-0.0028312413,-0.043451812,4.0698615e-06,-0.00024919154,-0.0049242508,-0.009706496,-0.00013109938,-0.0004454099,-2.2116697e-05,-0.0045787967,-0.0027171134,-0.004492077,-0.0017803923,0.007294586,-0.03187134,-0.040693592,0.00010418629,-0.008003077,-0.0038364641,0.0,0.0,0.0,0.0,0.0,-0.010961656
-0.011519185,0.0023782412,-0.025586214,-0.0025357655,-0.00061986875,-0.0012528294,-3.1126878e-05,-0.0012793797,-0.037183348,-0.012838963,-0.09343874,-0.039598916,0.0048680864,-0.0015788572,-0.013472844,-0.0023633349,-0.0839767,-0.00017316196,-0.02200767,-0.0463293,-0.09678719,-0.0020034474,-0.0007720386,-0.041114304,0.000924268,-0.0010866493,0.021138404,0.60769904,0.01711934,0.08945971,0.014894659,-0.054843396,-0.033895183,-0.12474562,-0.08007954,-4.3017906e-05,0.0006814869,-0.1886148,-0.012665426,-0.004750531,-0.00030456833,-4.705954e-05,-0.0011976247,0.00017664667,-0.0027455173,-0.00091168814,-0.013021387,-0.15595682,-0.005120714,0.00025313284,0.013005325,-0.0048068264,0.0,0.0,0.0,0.0,0.0,-0.05235838
-0.029347306,-0.011623942,-0.0004252785,-0.020310797,-0.0021572805,-0.0008546275,-0.0006667738,-0.006885959,-0.064080276,-0.02952259,-0.15631771,-0.06283415,-0.0031587405,-0.0039849323,-0.018134741,-0.0062100966,-0.020106748,-0.013923597,-0.0445904,-0.031586207,-0.02023905,-0.0028541146,-0.001225071,0.0040330077,-0.001936476,-0.0014096962,0.009765602,-0.4595245,0.0035656015,-0.25423414,-0.0052369414,-0.024875347,-0.054492846,-0.0077319527,-0.052785214,2.4406687e-05,-0.0013321742,-0.010114446,-0.02405054,-0.0052135363,-0.00020559077,-1.8414214e-05,-0.0034556775,5.1364266e-05,-0.0047459425,-0.0016322077,-0.011586068,-0.00118471,-0.012046851,7.531746e-05,0.009835844,0.0034028892,0.0,0.0,0.0,0.0,0.0,-0.0005431998
-0.037283555,-0.038352996,-0.0006556444,-0.013816669,-0.0014902819,-0.0009065938,-0.0012352602,-0.00561965,-0.062382568,-0.01974781,-0.14505431,-0.06350354,-0.050359346,-0.004046928,-0.014168617,-0.039951816,-0.03568005,-0.008411455,-0.041052777,0.0021761202,-0.022870561,-0.0035018767,-0.0007551679,0.0035723362,-0.0016450363,-0.0013902303,0.005680511,-0.41581827,0.0028958493,-0.24327017,-0.001151999,-0.03811809,0.01018147,-0.021553013,-0.018121047,-2.1212018e-05,-6.797025e-05,-0.026061358,-0.02614608,-0.0030840712,-0.00050802116,-3.1204538e-05,-0.0034373803,5.2615505e-05,-0.0035283603,-0.001628707,0.007886194,-0.00016211875,0.0036909152,7.531746e-05,0.009114146,0.0024419972,0.0,0.0,0.0,0.0,0.0,0.00024306559
-0.013163192,0.0072989296,-0.0067313043,-0.006260973,-0.0012298271,-0.002221766,-0.0019602773,-0.0022180174,-0.05384253,-0.012042813,-0.13295992,-0.06089426,0.0098622115,-0.0038903889,-0.012972913,-0.0063562905,-0.008014065,0.0010236271,-0.036098883,-0.009280501,-0.033739727,-0.002598343,-0.00068572286,0.004467731,0.02347993,-0.0013596434,-0.01655171,-0.44201627,0.004679953,0.0908731,-0.0027129785,-0.07856431,-0.019374339,-0.008766667,-0.034812007,-2.1212018e-05,0.0028303356,-0.008711596,0.003811805,0.0001252276,-0.00010446398,-3.1204538e-05,-0.0017200885,6.772156e-05,-0.00440629,-0.0016993338,0.0137623325,0.00531757,0.05741701,0.00038712184,0.023168236,0.0028827942,0.0,0.0,0.0,0.0,0.0,0.00088515563
-0.00085133145,-0.039033324,-0.019435138,-0.028057722,-0.0028067809,-0.0008775587,-0.0008709621,0.010778304,-0.058917742,-0.03397121,-0.13309543,-0.06457846,-0.07019082,0.008155848,-0.01521122,-0.03221834,-0.029680323,-0.011804481,-0.0447973,-0.027439212,-0.020553518,-0.0024447548,0.013128409,-0.009229189,-0.00010267542,-0.001459417,-0.017928915,-0.37817436,-0.019604092,0.04925021,0.008436803,-0.036097504,-0.019691968,0.008225107,-0.026481103,-3.5641548e-05,0.00070304144,-0.033302046,-0.030280167,-0.00400691,-5.6189747e-05,-1.2135975e-05,-0.0014860003,4.118911e-05,-0.017073,-0.0034146165,-0.014696153,-0.0031779374,-0.017591413,0.00038659718,0.033637278,-0.0007195491,0.0,0.0,0.0,0.0,0.0,-0.00091013615
-0.054879513,-0.016016874,-0.033220425,-0.00769095,-0.0011564387,-0.0018961452,-0.00015111084,-0.001542547,-0.048941776,-0.022938084,-0.11256777,-0.07202744,0.010697746,-0.00752153,-0.015226569,-0.025925606,0.0017920489,0.0010527585,-0.033546265,-0.0071559674,-0.01162661,-0.0033384296,-0.0019781154,0.0046636765,-0.00029943173,-0.0013569618,-0.030756904,-0.46810386,0.0058757537,0.046105787,-0.005884026,-0.02558658,-0.020447068,-0.008318669,-0.045294285,2.4406687e-05,-0.00013907746,0.0034335267,-0.004567454,0.0007597494,-0.0004454099,-1.8414214e-05,-0.0017706482,4.672241e-05,-0.0033525762,-0.0014541392,0.010547694,-0.0020905358,0.023868388,0.00035956356,0.023938604,0.0076817404,0.0,0.0,0.0,0.0,0.0,0.001606371
-0.0031967626,-0.04098747,-0.0043105823,-0.021463761,-0.0009863689,-0.0019730534,-0.00066013576,-0.001174079,-0.052024335,-0.005943588,-0.10233048,-0.057429746,-0.047807325,-0.0028204783,-0.016255071,-0.017557058,0.0022885723,0.0009972098,-0.029204188,-0.018884804,0.038859427,-0.0041738795,-0.0010090929,-0.011889536,-0.00050779,-0.0016956273,-0.011201812,-0.36969876,-0.028247714,0.08015228,-0.0018498844,0.008997308,-0.017304035,-0.01922519,0.036754094,-3.5641548e-05,0.0028303356,-0.06525924,0.050493944,-0.0005069002,-0.00015730408,-1.4589201e-05,-0.0014821228,5.7788617e-05,-0.00509615,-0.0018868116,0.013317162,-0.017555535,-0.026524901,0.00038712184,0.005766882,0.0029364126,0.0,0.0,0.0,0.0,0.0,-0.0120051885
-0.016735325,-0.0059900763,-0.06497094,-0.002886785,-0.0005902007,-0.003678388,-0.0006300333,-0.0019917402,-0.056605026,-0.016920509,-0.121076755,-0.06417314,0.0051015015,-0.002377033,-0.017279677,-0.002907007,0.002466694,0.0011469807,-0.029620523,-0.010646482,-0.0028806922,-0.0024540105,-0.0013723163,0.0031291822,-0.00097339624,-0.0012750439,-0.02705392,-0.4275227,0.005420443,-0.050535258,-0.019309964,-0.0838566,-0.015398483,-0.0047289,0.04468732,-3.5641548e-05,0.0006312089,0.007376541,0.0044864463,-0.00055089215,-0.0001429795,-1.8414214e-05,-0.0020186258,6.565444e-05,-0.005178627,-0.0015671498,-0.014599342,-0.044431284,-0.10352921,0.00011953804,-0.026993293,-0.007650591,0.0,0.0,0.0,0.0,0.0,-0.01223736
-0.0012113855,-0.023779383,-0.035140976,-0.021952286,-0.0035223914,-0.0015962161,-0.00050554884,-0.004307302,-0.058634106,-0.013915229,-0.116485134,-0.06150242,-0.022724453,-0.0028903338,-0.016161403,-0.018142452,-0.010455644,-0.010966255,-0.030291284,-0.039353997,-0.073430024,-0.0027713869,-0.0010127523,-0.010038557,-0.0005436446,-0.0012758536,-0.009859334,-0.35528105,-0.019914975,0.068923086,0.007372606,0.028287185,-0.023884684,-0.015180855,-0.032402452,-3.5641548e-05,0.0009832537,-0.015774773,-0.016695745,-0.00021269138,-0.00010446398,-1.4589201e-05,-0.0018498136,-0.0028035692,-0.0050998237,-0.0018414374,0.0113276,-0.030428298,-0.050014473,0.00030539028,-0.02112555,-0.0043269927,0.0,0.0,0.0,0.0,0.0,-0.006431799
-0.0054179453,-0.04937229,-0.030503409,-0.013940862,-0.0043899473,-0.0030163056,-0.00050789944,-0.002235525,-0.06326562,-0.023575317,-0.13420561,-0.061919615,-0.09593063,-0.0026997908,-0.019057572,-0.03580646,-0.014258131,-0.0005890979,-0.039481733,-0.023654219,-0.032651193,-0.003103551,-0.0035771476,-0.013739115,-0.00019968572,-0.0016602387,-0.02189932,-0.3444935,-0.018967615,0.042334035,-5.511647e-05,-0.007779665,-0.037127987,-0.012468436,-0.0434473,2.4406687e-05,-0.00034993107,-0.0022421028,-0.023972679,-0.0025928668,-9.0139394e-05,-1.4589201e-05,-0.0016630322,3.5297555e-05,-0.0052650087,-0.0020052854,-0.020473426,-0.02464178,-0.014994815,-0.003083882,0.01072535,-0.008770527,0.0,0.0,0.0,0.0,0.0,-0.007821927
-0.023786623,-0.0015299404,-0.0052197836,-0.018049601,1.906668e-05,-0.0014558528,-0.001711452,-0.00447414,-0.06171732,-0.010083361,-0.13504525,-0.06016542,6.496784e-05,-0.0051779696,-0.018656958,-0.0035939112,-0.008350885,0.00095005654,-0.03596662,-0.011869339,0.011019572,-0.0036632172,-0.0007677921,0.0038542708,-0.002296316,-0.0016792226,0.00594067,-0.46807358,0.0045227697,-0.3105849,-0.00413411,-0.007923513,-0.024702987,-0.011221948,-0.04581586,-3.5641548e-05,-0.00024919154,-0.038635563,-0.018832386,-0.0027466079,-0.0004454099,-1.8414214e-05,-0.003305413,5.073336e-05,-0.0040343506,-0.0016798653,0.011603355,-0.03704578,-0.0018143957,6.47463e-05,0.007291131,0.0016730266,0.0,0.0,0.0,0.0,0.0,-0.00916127
-0.018186703,-0.0055129984,-0.05465846,-0.023705076,-0.0004419099,-0.0015156921,-0.0006786298,-0.0018506695,-0.0538674,-0.014634357,-0.11424533,-0.059705224,0.006452776,-0.0041327924,-0.016881667,-0.015805302,-0.047021154,0.0015848193,-0.029730283,-0.0130428225,0.029339539,-0.0034780293,-0.0014668363,-0.033734065,0.00045428614,-0.001262076,-0.018151764,-0.3976734,0.005910202,-0.05486864,-0.018782498,0.037288163,-0.018192789,-0.0056187795,-0.041604877,9.84791e-06,-0.00033751084,-0.0010685073,-0.016068846,-0.0023793913,-0.0004454099,-3.1204538e-05,-0.0020209053,4.6269597e-05,-0.0043666977,-0.0016685006,0.010732349,0.0011704705,-0.092975385,0.00014449468,-0.030815596,-0.0112225395,0.0,0.0,0.0,0.0,0.0,-0.002302665
-0.01998764,-0.020991208,0.013233539,-0.028475838,-0.0022962994,-0.0024213188,-0.0006308021,-0.0054665376,-0.06408041,-0.028452763,-0.15319937,-0.06705584,0.009954428,-0.0037612165,-0.015518744,-0.014248337,-0.03223492,0.0005687766,-0.038199764,-0.0058653317,0.0019015186,-0.002797023,-0.001885994,0.004848568,-0.0021245591,-0.0015991706,-0.0363531,-0.50139445,0.0072165327,0.038926665,-0.010133295,-0.03467923,-0.024724074,-0.0027856044,-0.036928717,-5.132708e-05,-0.0011337408,0.0057950723,-0.021231556,-0.004469758,-4.8725895e-05,-3.1204538e-05,-0.002068343,5.7478726e-05,-0.0041677607,-0.0015728625,-0.016997874,0.0009344989,-0.036171537,0.00036028883,0.025401127,0.008690109,0.0,0.0,0.0,0.0,0.0,0.00021929196
0.032215316,0.0006163871,-0.04844223,0.0026727824,-0.0016524025,-0.0010399175,-0.0016030332,-0.0026549348,-0.05254518,0.06214679,-0.105391964,-0.06511428,0.05001094,-0.006429928,-0.014873974,0.0093900915,0.035660736,0.0015721044,-0.025592245,-0.008520786,-0.010594177,-0.0027433499,-0.0008857298,0.0027589982,0.00044915866,-0.0011451734,-0.008579281,-0.40335682,0.003180484,-0.027145062,-0.009268798,-0.009561348,0.03507313,-0.00044980142,-0.026637694,9.84791e-06,-9.834125e-05,0.01668777,-0.012478234,0.00085976516,-0.00035862013,-3.1204538e-05,-0.0025061872,5.0796858e-05,-0.0062806946,-0.0033645409,0.018733632,-0.0043641613,-0.09518956,0.00014911618,-0.049263757,-0.008926386,0.0,0.0,0.0,0.0,0.0,-0.00015498477
-0.0074431305,-0.008864242,-0.02369915,-0.02325208,-0.0035206866,-0.0008771007,-0.005279495,-0.004000827,-0.06265152,-0.015059807,-0.14231339,-0.06482267,-0.008949467,-0.005678112,-0.01962408,-0.0068237795,0.107725285,-0.052542828,-0.034815747,-0.022478214,0.0021579498,-0.0029863445,-0.00090763246,0.0037701877,-0.0023391172,-0.00160619,0.0018754773,-0.36682144,0.004855721,-0.24653198,-0.0041849334,-0.008327183,-0.05937607,-0.012972158,-0.042617075,-2.543168e-05,-0.0013321742,-0.021848923,-0.023232918,-0.0038633295,-0.0001429795,-0.00018149699,-0.003551344,4.136118e-05,-0.0066578425,-0.0015552099,-0.01823953,-0.042858712,-0.0010411302,6.508767e-05,0.004605424,0.0019676273,0.0,0.0,0.0,0.0,0.0,-0.011323177
-0.04739401,0.0015382007,0.00034593645,-0.011941184,0.00013829951,-0.0015992787,-0.0015638331,-0.004838646,-0.06666504,-0.023358487,-0.15094636,-0.065508306,0.00052586285,-0.0038262715,-0.018588128,-0.008995691,-0.039727546,-0.0001736756,-0.038955428,-0.018085916,-0.0041628997,-0.0027604522,-0.003984227,0.0037939355,-0.0018274337,-0.001426666,0.011156007,-0.4857425,0.003722535,-0.33640093,-0.0036771172,0.008499511,-0.025849821,-0.004072338,-0.043009218,6.621307e-06,-0.0005097317,0.0050093867,-0.015862059,-0.0044020363,-0.0002523627,-3.1204538e-05,-0.005577814,5.4891338e-05,-0.005054116,-0.0018628702,-0.0076736733,-0.0015789389,0.06111008,7.4976095e-05,0.008098568,0.002079877,0.0,0.0,0.0,0.0,0.0,-0.00481318
-0.0122356955,-0.007332611,-0.03675284,-0.00447842,-0.0008789776,-0.002536146,-0.0006300333,-0.0026222283,-0.06824281,-0.011390156,-0.16586989,-0.059904393,0.0021231852,-0.0026683675,-0.014308758,-0.0008082396,-0.05498061,0.00050698075,-0.044176314,-0.0030796498,-0.025863573,-0.0021399108,-0.0009568782,0.0029943567,0.00017430866,-0.0015974906,-0.025952993,-0.4441528,0.0043089725,-0.0130517725,-0.01282551,0.0148207005,-0.015624645,-0.029791888,-0.031845342,-2.1212018e-05,0.0006312089,-0.05885307,-0.01456302,-0.0022007942,-0.0002523627,-2.229474e-05,-0.0019252133,5.4891338e-05,-0.0053823353,-0.0018646981,-0.019369984,-0.01931817,-0.12048808,0.00014839093,-0.04580709,-0.010596435,0.0,0.0,0.0,0.0,0.0,-0.0032044146
0.03278858,-0.00923356,-0.026732326,-0.019728767,-0.0033271823,-0.000989695,-0.0007120979,-0.0029537382,-0.058825538,-0.035298806,-0.15787539,-0.07373979,-0.030264424,-0.007925003,-0.014617649,-0.015161188,-0.0014241027,-0.013615379,-0.03692867,-0.0225823,-0.030968405,-0.0027649172,-0.0021851123,-0.022863867,0.0002927334,-0.0019318609,-0.00086566835,-0.36962408,0.0054198187,-0.028576614,-0.00624289,-0.0406732,-0.09412004,-0.017485572,-0.033742912,2.4406687e-05,-0.00041055982,-0.014653344,-0.0119794905,0.0009844567,-5.6189747e-05,-1.4589201e-05,-0.0019669556,4.667997e-05,0.04950084,0.0167716,-0.008191146,-0.03721601,-0.08519472,0.00012415953,-0.02689468,-0.013406227,0.0,0.0,0.0,0.0,0.0,-0.010802958
-0.046554998,-0.036409885,0.0038477585,-0.0008346669,0.00015640128,-0.0012209781,-0.0007977889,-0.004151895,-0.054181527,-0.026613876,-0.12714551,-0.05883002,0.00026610788,-0.0052514174,-0.016616847,-0.037421435,-0.0426122,0.00011155819,-0.03535343,-0.007140472,-0.01922706,-0.0032399467,-0.0034096627,0.0037629993,-0.0014241235,-0.0014144419,0.010832305,-0.4451695,0.0028281435,-0.29882357,-0.0031555584,-0.03526746,0.019936126,-0.029940946,-0.07633581,6.621307e-06,-0.0003285103,-0.016078394,-0.025647549,-0.0046925563,-0.00019952259,-3.1204538e-05,-0.0029252437,4.9238166e-05,-0.0040367316,-0.0018351587,-0.010872272,-0.0016575691,0.023643222,7.4976095e-05,0.0104959905,0.0018321751,0.0,0.0,0.0,0.0,0.0,-0.0006315195
-0.019066302,-0.012505368,-0.038409837,-0.018154446,-0.002417617,-0.0024899517,-0.0015048127,-0.00506307,-0.060855195,-0.029389251,-0.118243314,-0.06287264,-0.039910637,-0.0034426644,-0.018727608,-0.026999325,-0.074083656,-0.004307985,-0.03246915,-0.025521437,-0.07571865,-0.00226801,-0.0023693393,-0.009932867,-0.0001570955,-0.0012218758,-0.015274326,-0.3005437,-0.017597232,0.05938758,0.007096753,-0.025834346,-0.026797812,-0.02219371,0.014155848,-2.1212018e-05,0.00070304144,-0.05628504,-0.027551915,-0.0029924612,-4.2426866e-05,-2.2116697e-05,-0.001291259,3.871065e-05,-0.01029353,-0.0036518853,-0.014111924,-0.035784967,-0.05898885,0.00030539028,-0.024286326,-0.0043052495,0.0,0.0,0.0,0.0,0.0,-0.010331986
-0.04699436,-0.0019100973,-0.003686299,-0.016859405,-0.00011152871,-0.0015806793,-0.0006763565,-0.0038885635,-0.06652282,-0.0038940576,-0.15858005,-0.059781034,0.0024960896,-0.005425069,-0.017308481,-0.024879362,-0.025153413,0.001008995,-0.038925238,-0.00034624466,-0.026597846,-0.0024980586,-0.00070751377,0.0039990996,-0.0018191629,-0.0013630802,0.006012876,-0.46491262,0.0033697137,-0.26776037,7.996471e-05,-0.011802162,-0.021692652,-0.020920604,-0.038907643,4.0698615e-06,-0.00024919154,-0.029847981,-0.013161066,0.0007395906,-0.0003925698,-3.1204538e-05,-0.003419076,5.3472555e-05,-0.004163841,-0.0017098958,0.008667149,-0.0009985995,0.044150405,0.00013920275,0.012869887,0.0025304807,0.0,0.0,0.0,0.0,0.0,-8.127928e-05
0.018848589,-0.06148572,-0.03482743,-0.027843013,-0.001843454,-0.00040844845,-0.0017633177,-0.0057665287,-0.030610025,-0.02102177,-0.10731875,-0.024086991,-0.029934648,-0.009359529,-0.0097486,-0.039049186,-0.048005823,-0.011598997,-0.033961095,-0.049946107,0.05145382,0.0019303607,-0.004324722,-0.00067955937,0.00072795333,-0.0007042552,0.006411848,0.75068945,0.022987839,0.12797269,0.025979353,-0.058002163,-0.028010422,-0.01968469,0.0042935945,-4.3017906e-05,0.00042110536,-0.028589524,-0.017795004,-0.007373651,-0.00029529835,-8.4985644e-05,-0.0012646263,0.00017488534,0.0121344365,0.006252913,-0.008757855,0.018918136,0.03250551,-0.0052449387,0.008376163,-0.0039295107,0.0,0.0,0.0,0.0,0.0,0.0068300683
-0.060615353,-0.033217177,0.006029842,-0.0046548247,-0.0007893643,-0.0014359856,-0.0006331303,-0.002153485,-0.050585814,-0.022533115,-0.14740771,-0.01961315,0.011523755,-0.006365972,-0.016605511,-0.004752779,-0.05506964,-0.005707243,-0.055188887,-0.0031322357,-0.02226982,-0.003780357,-0.0009654736,0.0059169442,-0.0012505021,-0.0014200533,-0.107555486,-0.43676034,0.003070481,0.056709945,-0.0002805908,-0.02111203,-0.026179032,-0.017538441,-0.06912512,9.84791e-06,-2.1417509e-05,-0.02683579,-0.006388826,0.00068914297,-0.00034485728,-3.1204538e-05,-0.0014113686,5.108225e-05,-0.0034495087,-0.0014984595,0.01222104,-0.001341346,0.0121194655,0.00011165922,0.026249558,0.0050764405,0.0,0.0,0.0,0.0,0.0,7.8046185e-05
-0.032391727,-0.0047869193,-0.04943973,-0.0013562435,-0.0010481233,-0.0013091627,-0.0008340728,-0.00276937,-0.047958616,-0.030020475,-0.086258024,-0.07090956,0.003975899,-0.0066614207,-0.015168908,-0.019533174,-0.0029119886,6.998394e-05,-0.026431922,-0.0007414472,0.0304347,-0.003269905,-0.0015358123,-0.009009512,-0.00014094487,-0.0012157509,-0.019871103,-0.41578522,0.022578396,0.12576908,0.025708929,-0.04866436,0.00047037777,-0.0066465745,-0.026347255,-0.00012720705,-0.000108039676,0.0031788682,-0.007523,0.0003112264,-0.0004454099,-1.8414214e-05,-0.001770227,4.605027e-05,-0.0026610044,-0.0011573589,0.008904668,-0.04023542,-0.0322113,0.00030413485,0.009449564,-0.0028232355,0.0,0.0,0.0,0.0,0.0,-0.014036252
-0.014654968,-0.008981926,-0.04889037,-0.00707088,-0.0003409709,-0.0018891188,-0.0007042293,-0.0032064056,-0.06576841,-0.013293028,-0.14815745,-0.06139659,-0.0076029575,-0.0036340638,-0.016614605,-0.009052725,-0.0014068023,0.0010704728,-0.033796635,-0.0016569362,0.002654956,-0.0023706383,-0.0017430536,0.0035948954,0.0006879392,-0.0011769072,-0.0039432254,-0.45070925,0.003839548,-0.24751897,0.00017798168,-0.0043864013,-0.026362346,-0.021928407,-0.025858007,-3.5641548e-05,-0.00033751084,-0.045584034,0.005471255,0.0002512766,-0.0003925698,-1.4676903e-05,-0.0036022118,6.0942428e-05,-0.004817297,-0.001782796,0.009865172,-0.014919096,-0.00344774,0.00013920275,0.013037435,0.0026462518,0.0,0.0,0.0,0.0,0.0,-0.0026378657
0.04133544,-0.0077881687,-0.0265594,-0.0029891578,-0.00176096,-0.0014001013,-0.0015532641,-0.0027529364,-0.061424173,-0.043184023,-0.124421455,-0.08553369,0.03187058,-0.008157785,-0.017816769,0.0048513366,-0.024784073,-0.0007726496,-0.030350652,-0.032599885,-0.00041741892,-0.0029122606,-0.0012737397,0.003249101,0.0009097797,-0.0012961834,-0.00041666714,-0.4120705,0.005210644,-0.20865871,-0.012271295,-0.03639701,-0.05348701,-0.010556026,-0.03728762,9.84791e-06,-0.00017208322,-0.012214605,-0.0057600304,0.00032779397,-4.8725895e-05,-3.1204538e-05,-0.0036141677,5.18237e-05,-0.008321999,-0.0028995522,-0.020502616,-0.034337427,-0.03342963,0.00010128208,0.007280084,-0.0059373383,0.0,0.0,0.0,0.0,0.0,-0.0037942154
-0.04628371,-0.018534238,-0.013396658,-0.009065901,-0.0032236306,-0.0015673216,-0.0011195922,-0.0050036507,-0.06491723,-0.020309335,-0.16407274,-0.062762976,-0.08555803,-0.0035048153,-0.01642317,-0.0021904048,-0.0045107417,0.0006179287,-0.044145223,-0.007097066,-0.03266344,-0.0028533244,-0.0029385504,0.00255489,-0.001159135,-0.0014234901,-0.017252808,-0.38334167,0.0033729516,-0.010663201,-0.009809423,-0.08823074,-0.021565974,-0.0048464527,-0.034408692,9.84791e-06,-5.0758128e-05,0.0022173717,-0.006957044,0.000643034,-0.0004454099,-2.2116697e-05,-0.002601147,5.2330106e-05,-0.0041883546,-0.0017012726,0.015066809,-0.0017267088,-0.09510999,0.00014839093,-0.033024207,-0.010015321,0.0,0.0,0.0,0.0,0.0,0.00031639382
-0.01555443,-0.08708854,-0.07513481,-0.07515553,0.0001324869,-0.001246222,-0.0012811298,-0.0014273797,-0.03512639,-0.0027537053,-0.09036925,-0.040534418,0.00035135596,-0.002034856,-0.012935267,-0.05366736,-0.0047992663,0.0043847105,-0.022005735,-0.003747178,-0.0076802173,-0.00271244,-0.00043496003,0.012293246,0.005781496,-0.0011069624,0.037674543,0.7951794,0.006067037,0.03686601,-0.01619626,-0.059913155,-0.01663712,-0.015109582,-0.015026838,-0.0008547808,-0.00020444026,-0.014109824,-0.01836494,-0.005091175,-0.0005726896,-3.5855403e-05,-0.0016465966,0.00018080283,-0.0024293952,-0.0008520066,-0.006739581,-0.17006339,-0.015776811,0.00022557456,0.022802629,0.008747945,0.0,0.0,0.0,0.0,0.0,-0.04681259
-0.023169536,-0.00183525,-0.004084402,-0.014468176,-0.00023012461,-0.0016701615,-0.0012061803,-0.0045523727,-0.067965455,-0.009727444,-0.16741183,-0.059538268,-0.006789695,-0.003091013,-0.015660195,-0.018849794,-0.034327853,0.0005035564,-0.03950396,-0.0038063056,-0.018283956,-0.0024282252,-0.0007297945,0.0030717284,-0.0023587125,-0.0014607669,0.0042860215,-0.4511805,0.005168182,-0.21296315,-0.009727098,0.00163071,-0.021947678,-0.028957248,-0.047662932,4.0698615e-06,-0.0005097317,-0.05391757,-0.017349357,-0.0040293396,-0.0002523627,-2.229474e-05,-0.0040642372,5.2069234e-05,-0.0049456484,-0.0019344905,-0.015356898,-0.0030117894,-0.055361032,0.00011025648,-0.0220893,-0.0036578993,0.0,0.0,0.0,0.0,0.0,9.7720775e-05
-0.005602159,-0.05411991,-0.028363273,-0.029028038,-0.0017038833,-0.0015151486,-0.0005320679,-0.0019796153,-0.0645674,-0.00724389,-0.13161509,-0.0639817,-0.07387341,-0.0020390206,-0.015880033,-0.030762395,-0.043915775,-0.00091768824,-0.042782918,-0.016461855,0.02313859,-0.0029548546,-0.0034139708,-0.008799314,-0.0003306869,-0.0010157798,-0.014227307,-0.41309726,-0.026088998,0.07318176,0.009158673,-0.05223543,-0.009969075,-0.00033133238,-0.029814895,-3.5641548e-05,0.0009832537,-0.03354701,-0.026584256,-0.0019155443,-0.00015730408,-1.2135975e-05,-0.001576443,4.3159514e-05,-0.0058453106,-0.0019247339,0.009382462,-0.021113891,-0.032127216,-0.004260515,-0.019953877,-0.0022034452,0.0,0.0,0.0,0.0,0.0,-0.0032250565
-0.010786125,-0.0072489586,-0.04928391,-0.0042400975,-0.0007466515,-0.0039403434,-0.0018980766,-0.0017290269,-0.06639167,-0.008182362,-0.15405352,-0.060789138,0.0029305012,-0.0018435691,-0.01494716,0.0017444016,-0.09646237,0.0006969501,-0.042044498,-0.005804794,-0.029468121,-0.0020461471,-0.0013663876,0.0029020763,0.00022545253,-0.0015780311,-0.025035094,-0.37158722,0.0039056633,-0.014695617,-0.013877123,-0.00073477806,-0.015371934,-0.028656255,0.02076079,-2.1212018e-05,0.0006312089,-0.071004905,0.009769197,0.00014141404,-0.0002523627,-2.229474e-05,-0.0034210559,-0.0034935682,-0.0053823353,-0.0018435586,-0.013818028,-0.022658376,-0.11906763,0.00014839093,-0.048214387,-0.010547795,0.0,0.0,0.0,0.0,0.0,-0.0033373886
-0.086490296,-0.017542128,-0.007317579,-0.007608135,-0.00052003074,-0.0015613618,0.0021393162,-0.006924805,-0.057840694,0.039161105,-0.11928587,-0.07596688,0.021843044,0.02539101,-0.016864058,-0.010272163,0.022851106,-0.04753932,-0.03727124,-0.019991904,-0.000369829,-0.0026782134,-0.0016728444,0.0034967675,-0.0010459085,-0.0012524845,-0.014993017,-0.41066346,0.007339943,-0.016391648,-0.010122066,-0.020228248,-0.044612497,0.0026725696,-0.04524454,4.879472e-06,-0.0003112983,0.0059872884,-0.0068163956,0.0012899638,-0.00018529693,-0.00018149699,-0.0023181518,3.956352e-05,-0.0061529954,-0.0019370485,-0.026935035,-0.005285851,-0.008301986,0.00035956356,-0.040997557,-0.00845051,0.0,0.0,0.0,0.0,0.0,-0.00035733735
-0.054620195,-0.0056869383,-0.0503345,0.002506549,-0.0019346931,-0.0006547317,-0.0007464705,-0.0054865787,-0.063925125,0.013242694,-0.14513549,-0.06426215,0.011761459,-0.0055010966,-0.01755343,-0.00030739617,-0.014736305,-0.015600766,-0.034578685,0.0012992069,-0.012471449,-0.002599323,-0.0010675368,0.0034042415,-0.000824018,-0.0009891128,0.0045989123,-0.4798366,0.0029928123,-0.26788,-0.002263153,-0.024104329,-0.064733654,-0.0031265323,-0.022757836,-2.1212018e-05,-0.00033751084,0.0009716325,-0.009439359,0.0009990741,-0.00021991535,-3.1204538e-05,-0.0032958728,5.8391648e-05,-0.0037891867,-0.0013398315,0.0057405666,0.0008817208,0.004670752,7.531746e-05,0.0125166075,0.0034414434,0.0,0.0,0.0,0.0,0.0,-0.00026760253
0.052393313,-0.020324465,-0.0033545436,-0.019213444,-0.0011967203,-0.0011469584,-0.00045249108,-0.003264299,-0.058337998,-0.026081355,-0.18333918,-0.015615234,-0.037995286,-0.0067362254,-0.017209463,-0.002116901,-0.045183674,-0.0018386946,-0.060774192,-0.023749357,0.016956462,-0.003902791,-0.0014456216,0.0029391602,-0.0003612171,-0.0013924817,0.0056673605,-0.44811332,0.0053610937,-0.22254242,-0.017688511,-0.08562446,-0.04528293,-0.0068867877,-0.04887157,9.84791e-06,-0.00022129522,-0.009719504,-0.016490381,0.0007266241,-0.00015810909,-3.1204538e-05,-0.0039390363,4.7648136e-05,-0.007977076,-0.003978995,-0.018061578,-0.0027733147,-0.037537318,0.00011098173,-0.009336827,-0.004853457,0.0,0.0,0.0,0.0,0.0,-0.00023048688
-0.063950114,-0.0011221917,-0.047327913,-0.0008836121,0.0006057926,0.015374664,-0.00070984545,-0.0030001139,-0.060102437,0.018832238,-0.11967367,-0.061433457,-0.08518522,-0.0032404813,-0.01741557,0.008481298,-0.048105698,0.0057772202,-0.03139322,-0.015602581,-0.018495772,-0.0030081584,-0.0012693466,0.0031819874,-0.000832903,-0.0012079215,0.0045714756,-0.46258405,0.0037993537,-0.19114333,-0.009599469,-0.066418886,0.033107046,-0.0015130441,-0.023373593,9.84791e-06,-0.00015628952,0.009405024,-0.015655635,0.0006546781,-0.00050802116,-3.1204538e-05,-0.0068314695,4.963207e-05,-0.0032766163,-0.0013070322,0.0053690537,-0.032913767,-0.013680936,0.00010491154,0.0060774377,0.0021532518,0.0,0.0,0.0,0.0,0.0,-0.007545056
-0.042933848,-0.018723834,-0.0005302075,-0.02032279,-0.0014371203,-0.002666269,-0.00057246047,-0.0018447468,-0.057542257,-0.021589674,-0.15456252,-0.05916518,-0.026315674,-0.0033504043,-0.015407702,-0.017755143,-0.0023161087,0.0010183223,-0.036960203,-0.0056848256,-0.015168299,-0.0022532884,-0.0018028729,0.0033064112,0.00065841584,-0.0015974906,-0.030242776,-0.46503982,0.0059377854,0.014407222,-0.010597966,0.00047748248,-0.025490273,-0.010415911,-0.058759503,2.4406687e-05,-0.0011337408,-0.007977897,-0.025959384,-0.0017281659,-0.0001429795,-1.4589201e-05,-0.0021855587,4.9493545e-05,0.02316309,0.007740749,-0.017136471,-0.01650981,-0.05914526,0.00014839093,0.028750168,-0.0073774476,0.0,0.0,0.0,0.0,0.0,-0.0016999829
-0.04359264,-0.0369356,-0.008187163,-0.020828461,-0.0040892283,-0.0010305805,-0.0011953176,-0.005260027,-0.05810442,-0.014001366,-0.11764149,-0.06333334,-0.092418216,-0.0038532487,-0.016522456,-0.04986122,-0.019109642,-0.009419746,-0.033263844,-0.006412641,-0.028586388,-0.004136008,-0.0032114026,0.0034754495,-0.001147515,-0.0016424528,0.0041009365,-0.38340306,0.0027318138,-0.22596739,-0.0037245194,-0.04917559,0.012521266,-0.018805956,-0.05137137,9.84791e-06,-6.797025e-05,-0.001839071,-0.027303709,-0.0046336185,-0.00050802116,-3.1204538e-05,-0.0032506338,4.655499e-05,-0.0034760835,-0.0015546054,0.008495433,-0.026050413,0.0054136,6.508767e-05,0.0059784786,0.0014934315,0.0,0.0,0.0,0.0,0.0,-0.0074980054
-0.010254555,-0.0135869,-0.04356108,-0.018973472,0.006811706,0.019194173,-0.0009832649,-0.0029785878,-0.05868672,-0.064034395,-0.12918395,-0.077721804,-0.011028235,-0.0076830913,-0.017294506,-0.018625654,-0.028980479,-0.023794916,-0.032121427,-0.01883137,0.017999116,-0.0021042896,-0.002019352,0.0020177888,8.169066e-05,-0.0014193509,-0.014222949,-0.3901644,0.007942502,-0.058981214,-0.0049961037,-0.02346947,-0.040666237,-0.0063489485,-0.028159844,-0.00012720705,0.00070304144,0.00053322094,-0.018399473,0.00051682565,-7.591375e-05,-1.8414214e-05,0.0580976,-0.0027732875,-0.007974952,-0.0027423075,-0.023916867,-0.04316078,-0.07813977,0.00012026329,-0.02205044,-0.0069511696,0.0,0.0,0.0,0.0,0.0,-0.010996604
-0.013517614,-0.011634493,-0.039421584,-0.013150035,-0.0018819901,-2.0226347e-05,-0.0011632215,-0.0032178592,-0.0574067,-0.026041344,-0.13483657,-0.06538474,0.0010828396,-0.0027177434,-0.01775062,-0.01193406,0.0053969016,-0.013628301,-0.037660483,-0.035954457,-0.027567487,-0.002382405,-0.0013018039,0.0035986698,0.00058983,-0.0009891128,-0.007242895,-0.45717305,0.0043212837,-0.24337792,-0.0086982045,0.016586259,-0.057547614,-0.010418039,-0.04078159,9.84791e-06,-0.0005483644,-0.00029338663,0.027732307,0.00036001,-9.0139394e-05,-3.1204538e-05,-0.0041849613,6.0529954e-05,-0.005821752,-0.0014749657,-0.03380844,-0.007944036,-0.0302524,0.00014045814,0.011963356,0.0039079613,0.0,0.0,0.0,0.0,0.0,-0.00240738
0.010748444,-0.028479736,0.022642003,-0.024431786,-0.0015985587,-0.0017559004,-0.0008685372,-0.029662415,-0.037810124,-0.011604363,-0.09493902,-0.03562865,-0.046562936,-0.004422979,-0.013396029,-0.021238621,0.06672927,-0.003794511,-0.03509368,-0.0016042659,-0.041997466,-0.0030793417,-0.0016812767,-0.0059777466,0.0001443124,-0.00089213025,-0.013259447,0.91309077,-0.01677268,0.14732724,0.0071035814,-0.045587964,-0.033958253,-0.008478571,-0.030530166,0.00016400334,-0.00012457946,-0.020460563,-0.046300612,-0.009220902,-0.00046330635,-2.4853873e-05,-0.001021923,0.00017350093,-0.0047592153,-0.0014757678,-0.011070119,0.0139797395,0.038514804,0.00035821562,-0.04575661,-0.0055055325,0.0,0.0,0.0,0.0,0.0,0.0025625448
0.006384202,-0.039050005,-0.025967956,-0.017871603,-0.0018925471,-0.001740528,-0.0008770504,-0.005409794,-0.06357493,-0.030165927,-0.13837332,-0.059604913,-0.03126014,-0.0047274255,-0.016013553,-0.02196336,-0.023891568,-0.0053442195,-0.0402071,-0.020236801,-0.062473178,-0.0027200782,-0.0020665142,-0.007835988,-0.0002355238,-0.0009609318,-0.015829533,-0.44823614,-0.017811343,0.054523498,0.00762215,-0.039056495,-0.012076475,-0.008467409,-0.03248111,-3.5641548e-05,0.00070304144,-0.035948068,-0.030268498,-0.0034221476,-9.0139394e-05,-1.2135975e-05,-0.0012154281,5.2445175e-05,-0.02752012,-0.009071182,-0.01405403,-0.009002206,-0.062261943,0.0003303469,-0.045397393,-0.0033739111,0.0,0.0,0.0,0.0,0.0,-0.0018023486
-0.0026453398,-0.009197886,0.00020485261,-0.023024404,-0.0027873323,-0.0011163204,-0.0006766687,-0.0035158747,-0.06774169,-0.03351276,-0.1634841,-0.06901857,0.0007428214,-0.002504142,-0.01835608,-0.008207785,-0.024935719,0.0005683484,-0.03803742,-0.016122025,-0.037184194,-0.002278023,-0.0006532802,0.0029745267,3.0444564e-05,-0.001628505,-0.005512989,-0.38301855,0.004592437,-0.18241039,-0.0069295573,0.025293816,-0.017906476,-0.005896116,-0.046149958,-0.00012720705,0.003526616,-0.00728097,-0.016187903,4.360817e-06,-5.6751454e-05,-1.8414214e-05,-0.003912312,5.3181648e-05,-0.0046970528,-0.0016790814,0.0069526657,-0.03949658,-0.04973596,0.000100751924,-0.0140121365,-0.0058276462,0.0,0.0,0.0,0.0,0.0,-0.013295066
-0.005584496,-0.015458122,-0.00055232004,-0.016024351,-0.0007529388,-0.0017319755,-0.0006705821,-0.0036871617,-0.064410314,-0.02325919,-0.14949264,-0.05615819,-0.042415146,-0.0032964773,-0.017491244,-0.019634886,-0.045437135,0.0019820933,-0.03440546,-0.010942039,-0.034826513,-0.002890215,-0.0014700284,-0.034323,0.00015678207,-0.0018859114,-0.0019634392,-0.3781232,0.00538074,-0.014745339,-0.0064536277,0.014773206,-0.026538841,-0.0065380037,-0.04992797,9.84791e-06,-0.0013321742,-0.0018918822,-0.020052798,-0.0019914212,-9.0139394e-05,-2.2116697e-05,-0.0023236806,3.8313286e-05,-0.0057240855,-0.0023034476,-0.014943807,-0.0026881078,-0.08501035,0.00012343428,-0.028024768,-0.0122190965,0.0,0.0,0.0,0.0,0.0,-0.003985268
-0.027813386,-0.024687426,-0.042343628,-0.011804928,-0.00040105393,-0.0017557244,-0.007602733,-0.0017814813,-0.052895945,-0.006744832,-0.113976106,-0.059260376,0.0071193846,-0.0026716753,-0.015961677,-0.015841544,-0.036753047,0.0013158708,-0.031575646,-0.005296135,-0.015574138,-0.003494562,-0.001009549,0.007129907,-0.0055701714,-0.0016320313,0.00966281,-0.40697587,0.005039533,0.01293454,-0.01287164,-0.08186488,-0.0049766386,-0.020401921,0.010753368,-2.1212018e-05,0.0005283699,-0.050200243,-0.0018615063,-7.323827e-05,-0.0004454099,-3.1204538e-05,-0.002054395,5.4853892e-05,0.0132031385,0.005577352,0.002952362,-0.07288702,-0.05303367,0.00020310665,0.018398952,-0.013484703,0.0,0.0,0.0,0.0,0.0,-0.017382767
0.07347497,-0.0026401235,-0.0482087,0.000858702,-0.0017697442,-0.00051503495,-0.00074468594,0.0004257135,-0.06554228,0.053101197,-0.14416622,-0.064665064,0.023130128,-0.006491079,-0.013565963,0.009326996,-0.05016871,-0.015767224,-0.03852588,-0.0031278091,-0.024851445,-0.0027003442,-0.001815411,-0.01792108,0.00010125456,-0.0012640379,-0.01084128,-0.41821885,0.004712483,-0.03303552,-0.012978886,-0.018942805,0.010211372,-0.06323142,-0.0039713234,-2.1212018e-05,0.0004971608,-0.15030289,-0.013288249,0.00083883485,-0.00037834415,-0.00025385653,-0.0020982022,5.456988e-05,2.2065564e-05,-0.00023091437,0.0058686235,-0.00963859,-0.111789584,0.00014911618,-0.043469798,-0.011647083,0.0,0.0,0.0,0.0,0.0,-0.0014060173
-0.015488532,-0.0059506856,0.018622233,-0.0010627714,-0.00066375395,-0.0025804623,-0.0009430623,-0.0032553861,-0.053160463,-0.01994795,-0.107262224,-0.06132079,0.009351145,-0.0049686283,-0.0168773,0.014461108,-0.021485463,0.00023174242,-0.02823187,-0.015194777,0.021770021,-0.0030282894,-0.0005722717,-0.0102615105,-0.0005634535,-0.0016419458,-0.0073692445,-0.42408243,-0.024153039,0.10668238,0.017409213,0.033986785,-0.01703902,-0.0062189135,-0.04831372,-5.132708e-05,-0.0011337408,-0.0039024227,-0.011905307,-0.0018358994,-0.0001429795,-3.1204538e-05,-0.0013260937,5.175835e-05,-0.004381406,-0.0016750973,-0.022771068,-0.019542124,-0.02771144,0.00030413485,0.0026527415,-0.004339416,0.0,0.0,0.0,0.0,0.0,-0.006628372
-0.014959397,-0.05519708,-0.022757089,-0.029220985,-0.0033041125,-0.0012046238,-0.005176098,-0.0024561167,-0.058390837,-0.020379644,-0.10337304,-0.056030426,-0.06860587,-0.0034963824,-0.018360656,-0.033978216,-0.032186016,-0.035148583,-0.03250453,-0.015465187,0.024558991,-0.0035396158,-0.004358343,-0.0068933475,-0.0002609995,-0.0014149268,-0.016981905,-0.25579655,-0.024413334,0.05746017,-0.00082599255,-0.045575675,-0.09523101,-0.026171828,0.16152781,-1.687239e-05,0.00070304144,-0.051366746,-0.020554349,-9.217779e-05,-0.0001429795,-0.00014657131,0.03714901,-0.0021687725,-0.017032182,-0.002668318,-0.014469665,-0.0426079,-0.041951995,-0.003991104,-0.0059928093,-0.0025650412,0.0,0.0,0.0,0.0,0.0,-0.007876855
0.13527468,-0.0016341223,-0.020998133,-0.0102954395,-0.0014058932,-0.0013099348,-0.0010513129,-0.0032189426,-0.06243319,-0.050998624,-0.14179413,-0.064521894,-0.011409501,-0.005525949,-0.015985863,-0.0022966606,-0.012938155,-0.008118337,-0.034397427,-0.035826474,0.0030827057,-0.00266832,-0.0011512454,0.0026091426,-0.0005657931,-0.001428346,0.006249931,-0.44871068,0.0059972405,-0.19368191,-0.011532291,0.084024094,-0.074315906,-0.0025848462,-0.043434974,2.4406687e-05,-0.00017208322,-0.020438813,0.0026986555,0.0054056137,-0.00015810909,-1.8414214e-05,-0.003926557,5.367818e-05,-0.008063475,-0.0053291707,-0.022932796,-0.0031420465,-0.0446454,0.00011098173,-0.015953826,-0.005965302,0.0,0.0,0.0,0.0,0.0,-0.0014412148
-0.00057415,-0.056741826,-0.050248384,-0.0218411,-0.0011300133,-0.0024742212,-0.0005381562,-0.0019638143,-0.055691935,-0.009893694,-0.103195086,-0.06369902,-0.018047394,-0.0022261147,-0.016761294,-0.014656336,0.0003962681,0.00024350692,-0.027807217,-0.021417547,0.022439362,-0.0036536737,-0.0026902666,-0.008878441,-0.00035571642,-0.0012750439,-0.014507567,-0.38727182,-0.028041802,0.08460148,0.008150058,-0.030917758,-0.010255896,-0.019981049,0.0025261766,-3.5641548e-05,0.0009832537,-0.062138576,-0.023397766,-0.0005105148,-0.00015730408,-1.2135975e-05,0.00038522773,-0.0027199069,-0.004897199,-0.0018191992,0.007032218,-0.029070083,-0.02022533,0.00030305877,-0.004226012,-0.0024605305,0.0,0.0,0.0,0.0,0.0,-0.010367409
-0.04540524,-0.009456735,-0.028253844,-0.019483129,-0.0003134912,-0.0017394482,-0.00063614344,-0.0052797296,-0.06651512,-0.022869896,-0.15482852,-0.063799866,-0.026099086,-0.0036506897,-0.01918834,-0.010526897,-0.00627153,0.00086252415,-0.03866014,-0.047698345,-0.025538743,-0.002960025,-0.0013939064,0.0037369072,-0.0023969077,-0.0016602387,0.010222659,-0.43737376,0.0033508786,-0.2755556,-0.0020660236,-0.0012370594,-0.030174976,-0.007952065,-0.037864722,-3.5641548e-05,-0.0005483644,-0.005953614,-0.01424952,-1.3628924e-06,-9.0139394e-05,-1.4589201e-05,-0.0032766762,5.1164956e-05,-0.0050655534,-0.0019244802,-0.011133245,-0.031560194,-0.0049807215,6.47463e-05,0.0076685846,0.0018217438,0.0,0.0,0.0,0.0,0.0,-0.006998686
-0.022160653,-0.0013540443,-0.004904218,-0.021596853,-0.0004625324,-0.0019199756,-0.000684893,-0.003179322,-0.06376317,-0.022569098,-0.16081297,-0.058091845,-0.031318564,-0.0034418744,-0.01684447,-0.004808495,-0.008552183,0.0010076512,-0.040860604,-0.008171304,-0.022833401,-0.002667573,-0.001457919,0.003652981,-0.0009898057,-0.0015974906,0.009576926,-0.5056619,0.0044646296,-0.24354471,-0.0053943945,-0.04738385,-0.043749727,-0.007540102,-0.060830507,2.4406687e-05,-0.0005097317,-0.0060128137,-0.015528818,-0.0019581348,-9.0139394e-05,-1.4589201e-05,-0.0039111814,5.313594e-05,-0.005788908,-0.0020481066,-0.011180622,-0.0017594324,-0.028735492,0.00013920275,0.011529383,0.0042437017,0.0,0.0,0.0,0.0,0.0,-0.000618573
0.0005473514,-0.015282652,-0.0317272,-0.014417431,-0.0015539095,-0.005089036,-0.0008831318,-0.0033885948,-0.06260265,-0.029294921,-0.12769085,-0.059541248,-0.042857748,-0.0032729262,-0.016311275,-0.024983421,-0.061210617,-0.014666083,-0.040350836,-0.017683847,-0.08436641,-0.0031092507,-0.0016922281,-0.009612558,1.841949e-05,-0.0008211983,-0.021557868,-0.36975893,0.011719759,0.067921646,0.009658169,-0.040759772,-0.02024028,-0.036287956,0.01798363,-2.1212018e-05,0.00070304144,-0.070981555,0.039267257,0.0006062897,-9.0139394e-05,-1.7136434e-05,-0.0013050206,6.9443035e-05,-0.020193176,-0.008883556,-0.016418261,-0.013410059,-0.074637115,0.0003280154,-0.03670693,-0.003238304,0.0,0.0,0.0,0.0,0.0,-0.0019189061
-0.03459717,-0.0209345,-0.0040518176,-0.020860048,-0.00026539853,-0.0015313106,-0.00068534916,-0.0027100816,-0.06128835,-0.019979177,-0.14947963,-0.059684865,0.00057659677,-0.0047144624,-0.017451333,-0.023681976,-0.041298874,0.000484114,-0.039833166,-0.006950717,0.0028054283,-0.0033844288,-0.0010768084,0.0030249911,-0.0011648837,-0.0013942386,0.0035190755,-0.46565178,0.0055693304,-0.23153357,-0.018719988,-0.03976406,-0.023649434,-0.0075031356,-0.06218279,9.84791e-06,-0.00024919154,-0.00653895,-0.018630926,-0.004214583,-0.0004454099,-3.1204538e-05,-0.003993841,4.8356596e-05,-0.004402639,-0.001785891,0.008647382,-0.0047616046,-0.043992512,0.00011025648,-0.014063187,-0.0044344827,0.0,0.0,0.0,0.0,0.0,-0.0005215875
0.0123590585,-0.007263028,0.015213842,0.0023411645,-0.0008705809,-0.0011457237,-0.00015271374,-0.0013651294,-0.057356145,0.011074344,-0.17948493,0.016521504,0.008628395,0.0019669014,-0.016354388,-0.0155884335,-0.08969295,-0.0081683155,-0.062452905,-0.019462971,0.0066455817,0.009483993,-0.003652681,-0.009458629,-0.0001768426,-0.0012827645,-0.014648281,-0.33788747,-0.025427701,0.08166325,-0.004243134,-0.026615098,-0.018781917,-0.03392402,-0.020065464,-2.1212018e-05,0.00095417385,-0.11196359,-0.017049866,-0.004293821,-9.023833e-05,-0.00025385653,-0.0010537845,5.491401e-05,-0.019364862,-0.005138296,0.013818816,0.002006415,-0.009779262,0.00038712184,0.011164195,0.002675515,0.0,0.0,0.0,0.0,0.0,-0.0040019327
-0.015036582,0.007894206,-0.01769295,0.0034444612,-0.0011775279,-0.0011421056,-0.00078237866,-0.0012749067,-0.036344577,-0.00934646,-0.11235776,-0.042210672,0.016360164,-0.001654607,-0.010354167,-0.012188207,0.016213696,0.004969159,-0.02831863,0.0086139925,0.0071154963,-0.0015221634,-0.00057693536,0.0048221326,0.0012587551,-0.0008530766,-0.034021493,0.86453307,0.018862553,0.017382104,0.0010597412,-0.053023163,-0.013256874,-0.003272104,-0.0152036855,-0.00010194289,0.0003551535,0.0051824334,-0.0033565501,0.00041351255,-0.00037589372,-3.5855403e-05,-0.0009353088,0.0001885303,-0.0029116117,-0.0010387241,0.0072980775,0.019572908,-0.09413944,0.0003891222,0.0036185198,0.002701485,0.0,0.0,0.0,0.0,0.0,0.004622164
-0.031938855,-0.022512322,-0.062615596,-0.029073356,-0.0023114774,-0.0015558624,-0.0010994311,-0.005435586,-0.04831597,-0.04286089,-0.084793314,-0.06171159,-0.09987477,-0.0040016454,-0.013964733,-0.030662216,0.04400923,0.0032637985,-0.025230413,-0.0026433982,-0.02328226,-0.0036077225,-0.00094039267,0.004749261,0.00044310256,-0.00093344855,-0.011278474,-0.40616223,0.0035744135,0.049645912,-0.002369209,0.061029576,0.01093699,-0.009513515,-0.032923397,9.84791e-06,-0.000108039676,0.0013136,0.0024008704,0.0004292555,-0.00035862013,-3.1204538e-05,-0.00178746,5.523291e-05,-0.0025136403,-0.000988419,0.023420226,-0.0047022463,0.060907304,0.0003563926,0.024153817,0.0062327837,0.0,0.0,0.0,0.0,0.0,-0.0009506517
-0.0133576365,-0.0048157657,-0.026049227,-0.014942193,-0.0034149203,-0.0018269549,-0.0009622423,-0.0030838468,-0.05684721,-0.062083397,-0.1790884,-0.0014898581,1.1808197e-05,-0.0065180017,-0.017021261,-0.012316078,-0.018055608,-0.0068549444,-0.057820987,-0.023209851,-0.029449232,-0.0023432914,-0.00061349105,0.004778111,0.0007751549,-0.001628505,-0.029011656,-0.3787658,0.006443646,0.032962352,-0.012086229,-0.011648891,-0.007726572,-0.0064293286,-0.022619031,-0.00012720705,-0.00010003838,0.013936506,0.007161181,0.00052239763,-0.00035862013,-1.8414214e-05,-0.0018232132,5.69566e-05,-0.008859546,-0.0029217158,0.009591095,-0.077486485,-0.02676251,0.0002038319,0.02472613,0.00686861,0.0,0.0,0.0,0.0,0.0,-0.013661796
-0.003435752,-0.054293707,-0.02023482,-0.022611916,0.0049615963,0.0097809285,-0.0054731914,-0.0070440085,-0.061296128,-0.0954675,-0.12938581,-0.062569365,-0.028080825,-0.0027203823,-0.01537216,-0.025621166,-0.001618488,-0.050253868,-0.035598803,-0.022470314,0.027018577,-0.0017679288,-0.0031706018,-0.007193845,-0.00020819652,-0.0011265059,-0.010030354,-0.4046263,-0.026766732,0.0836653,0.008802748,-0.05141567,-0.07215649,-0.02381001,0.09190911,-2.543168e-05,0.0006389818,-0.048004277,-0.027636925,-0.0034612773,-0.00050936197,-7.589419e-05,-0.0018632459,4.4189484e-05,-0.01654172,-0.003277271,0.009767173,-0.010346992,-0.044903424,0.0003303469,-0.024485078,-0.0027422747,0.0,0.0,0.0,0.0,0.0,-0.0022044105
-0.021863779,-0.0032484734,-0.03098086,-0.007924994,-0.0015013794,-0.001939414,-0.0021867144,-0.002632802,-0.06325505,-0.012583665,-0.15041812,-0.059698973,-0.007159363,-0.0045571364,-0.015404177,-0.0035034853,-0.09151565,0.00025063203,-0.043040182,-0.02015671,0.0051197577,-0.0025079015,-0.002098324,0.0029406783,-0.0019318013,-0.001359068,-0.024161316,-0.41850123,0.0052054888,-0.057061315,-0.013509048,-0.03311272,0.0029520788,-0.019015586,-0.029922832,-2.1212018e-05,0.0006312089,-0.038505126,-0.019300116,-0.002861487,-0.0002523627,-3.1204538e-05,-0.0021361972,5.1183997e-05,-0.0037509103,-0.0014095315,-0.017135654,-0.0059101298,-0.10338231,0.00014911618,-0.033725653,-0.010153656,0.0,0.0,0.0,0.0,0.0,-0.0012163008
-0.005955049,-0.016505253,-0.039452918,-0.022065554,-0.0010838357,-0.002478862,-0.00051224144,-0.0024756414,-0.060616158,-0.008288022,-0.13369817,-0.05891659,-0.02500404,-0.0021231258,-0.015277464,-0.016185483,-0.01394607,0.0006730525,-0.039934393,-0.03406524,-0.07773197,-0.0020973478,-0.0014638876,-0.010169207,-0.00033112615,-0.000931775,-0.015043527,-0.43290687,-0.019802889,0.07326495,0.012941073,0.0007057977,-0.014111016,-0.016055591,0.015021649,-3.5641548e-05,0.00046797475,-0.04799336,-0.025031922,-0.0020471322,-0.0003925698,-1.4589201e-05,-0.0013019305,5.53843e-05,-0.0051484536,-0.001725338,0.011283099,-0.021913707,-0.054832768,0.0003280154,-0.03612332,-0.0044133454,0.0,0.0,0.0,0.0,0.0,-0.00359084
-0.03956019,-0.0037149733,-0.012232532,0.00085026794,-0.0009784483,-0.0019064705,-0.0018664543,-0.0020326125,-0.056109436,-0.022466112,-0.1288732,-0.06487891,0.009512415,-0.0037098243,-0.017481482,-0.0022131163,-0.08713437,0.0010512356,-0.03457223,-0.033311408,-0.02772596,-0.0025668908,-0.0014097614,0.006072741,-0.00094589626,-0.0016602387,-0.038876206,-0.38232782,0.0036127425,0.04799949,-0.0030978168,-0.054302674,-0.022085434,-0.0070506926,-0.052874297,9.84791e-06,-5.0758128e-05,0.0027952362,-0.01313644,-0.00019285642,-0.0003925698,-3.1204538e-05,-0.0014633378,4.990521e-05,-0.003700442,-0.0014796918,0.0075743804,-0.05578051,0.0017471504,0.00020018163,0.022988867,0.0048557767,0.0,0.0,0.0,0.0,0.0,-0.012060806
-0.02493861,-0.011838605,0.0023902063,-0.021029191,-0.0018220249,-0.0007989555,-0.00069200003,-0.006576888,-0.06590988,-0.026207088,-0.16083296,-0.06790703,-0.003776882,-0.0039737774,-0.016308447,-0.008618621,-0.014225829,-0.013367565,-0.042173542,-0.022181965,-0.00950376,-0.00387662,-0.0016147663,0.003632613,-0.0021211284,-0.0014645443,0.0058488646,-0.47908622,0.004921003,-0.2596718,-0.008708619,-0.025523249,-0.05374434,-0.009673428,-0.05042272,2.4406687e-05,-0.001071634,-0.010840532,-0.023476275,-0.0050549586,-6.305048e-05,-1.8414214e-05,-0.0034721706,5.1594383e-05,-0.0044201077,-0.001730169,0.00791992,-3.4642017e-05,-0.009210318,7.531746e-05,0.0059897453,0.003407998,0.0,0.0,0.0,0.0,0.0,-0.0004063052
-0.03373129,-0.044875342,-0.0002875192,-0.0060639232,0.00016510133,-0.001538603,-0.0010962761,-0.005669357,-0.060608413,-0.022322271,-0.1456505,-0.06175393,-0.0018973832,-0.0039220043,-0.018330466,-0.0077506793,-0.036183015,0.0004594644,-0.03995342,-0.01086875,-0.042560373,-0.0027235271,-0.0033506674,0.003772123,-0.0014350272,-0.0013596434,0.010433756,-0.4632566,0.0027596683,-0.3273835,-0.0026877814,-0.005679518,-0.037412506,0.0006421444,-0.042382732,6.621307e-06,-0.0005097317,-0.002717993,-0.017004736,-0.0045282114,-0.00019952259,-3.1204538e-05,-0.0029488355,5.2354626e-05,-0.004774628,-0.0017163676,-0.009636016,-0.0018602987,0.065931365,7.4976095e-05,0.012425564,0.0017877402,0.0,0.0,0.0,0.0,0.0,-0.0006090966
-0.016653461,-0.012669584,-0.01948979,-0.021703769,-0.0011604413,-0.0018965962,-0.0006244359,-0.0029968834,-0.05487646,-0.01323622,-0.13163804,-0.06416852,0.013697187,-0.004803253,-0.012747542,-0.020328043,-0.025836414,0.0013861482,-0.038126122,-0.0001486615,-0.009583381,-0.0028823358,-0.0008649825,0.006128745,0.00059696165,-0.0013942386,-0.028198335,-0.4023678,0.005114029,0.054375116,-0.0069921147,0.03859734,-0.02347059,-0.0036755123,-0.0290714,-0.00012720705,-5.0758128e-05,0.0057689324,-0.020654118,-0.0019895355,-0.0004454099,-1.8414214e-05,-0.0013022684,5.3187156e-05,-0.004351817,-0.00163014,0.013917994,-0.014865012,0.0022144082,0.00035663857,0.022838164,0.0057216627,0.0,0.0,0.0,0.0,0.0,-0.0020276285
-0.013394121,-0.08625374,-0.04234077,-0.001193535,-0.0042545856,-0.0009400311,-0.0013238303,-0.004417401,-0.035298273,-0.038469296,-0.07725717,-0.03885798,0.017630277,-0.0018759938,-0.014008096,0.0021029592,-0.013714606,0.0056007365,-0.021179164,-0.03670968,-0.040502105,-0.0024143152,-0.0011814039,0.012932541,0.004793396,-0.000945973,0.033291016,0.7260802,0.0036954698,0.06000699,-0.0013862198,-0.081190586,-0.027874686,-0.059141617,-0.056852527,-4.3017906e-05,0.00053161196,-0.093642816,-0.024420561,-0.0018016628,-0.0008903919,-8.4985644e-05,-0.0011014509,0.00017703969,-0.002313333,-0.00064581557,-0.006636494,-0.1601131,0.052642874,0.0003886877,0.034029562,0.006572614,0.0,0.0,0.0,0.0,0.0,-0.05534411
0.008405824,-0.047512267,-0.006096542,-0.025507761,-0.0030921677,-0.0009007571,-0.0076925936,-0.003177353,-0.055432487,-0.062496275,-0.14069486,-0.06774425,-0.019932108,-0.0099093495,-0.015572818,-0.019954396,-0.010575831,-0.015521859,-0.03675446,-0.032701522,-0.006447393,-0.0012831335,-0.004684056,0.0059394957,-0.017934335,-0.0015515132,0.0075926865,-0.45330822,0.0045524957,0.046440013,-0.003695815,-0.056939624,-0.037629332,-0.010936941,-0.04642205,2.4406687e-05,-0.0005779344,-0.0141793005,-0.017182665,0.0011840721,-7.591375e-05,-0.00018149699,-0.0023221937,-0.003074755,-0.00946123,-0.0029874884,-0.010272449,-0.0037289523,-0.0030968469,0.00011200058,0.020654064,0.0062915157,0.0,0.0,0.0,0.0,0.0,-0.0010641677
0.051843464,-0.011658875,-0.024073267,-0.026611544,-0.001431921,-0.001162722,-0.004860329,0.010857858,-0.060532585,0.058164883,-0.19192767,0.057803567,-0.067714915,0.008926662,-0.01677413,-0.03554201,0.0003162084,-0.03867805,-0.07013381,-0.016458359,-0.08932155,0.009700335,0.0047804317,-0.00807209,-0.0048538214,-0.00106037,-0.016328909,-0.29395226,-0.019285023,0.052452274,0.009421246,-0.08009132,-0.017215088,-0.024270466,-0.06449262,-2.543168e-05,0.00033381267,-0.09449893,-0.023873912,-0.003994698,-0.00035862013,-7.589419e-05,-0.001221156,5.096937e-05,-0.021915369,-0.006050164,0.012983398,-0.005095525,-0.061622355,-0.004260515,-0.045160506,-0.0075902794,0.0,0.0,0.0,0.0,0.0,-0.0009787095
-0.031446524,-0.02515823,-0.049019765,-0.00920543,-0.0013544069,-0.0010822102,-0.002260828,-0.003363206,-0.062486902,-0.006655121,-0.13207895,-0.061081495,-0.009165096,-0.0025984638,-0.015847763,-0.0010753146,-0.1015364,-0.011913469,-0.03931491,-0.008381523,-0.029136999,-0.0032577834,-0.0011526976,0.0025197677,-0.0018616873,-0.0010369081,0.0053896364,-0.38901213,0.0036490757,-0.15272383,-0.010883741,-0.06867835,0.018078445,-0.050006755,0.020387098,-2.1212018e-05,0.0006916041,-0.12542038,-0.0023862405,0.0005114227,-0.00018529693,-2.229474e-05,-0.005140409,-0.0032625857,-0.004474034,-0.0022395249,-0.0096866805,-0.0061738235,-0.051697556,0.00010708548,-0.017782152,-0.0037459238,0.0,0.0,0.0,0.0,0.0,-0.00096943957
-0.022392241,-0.019033916,0.0017834639,-0.018672131,-0.001009952,-0.0014772422,0.0009570786,-0.004704702,-0.069227464,-0.022339156,-0.16011849,-0.068775736,-0.046298224,-0.0053854366,-0.017599653,-0.015632583,0.017936012,0.00033491323,-0.038112856,-0.021236237,7.306893e-05,-0.0026425358,-0.002531836,0.0037153673,-0.0022343385,-0.001426666,0.002837924,-0.4367288,0.005308267,-0.21846858,-0.0040550097,-0.00011487852,-0.051509142,-0.007119395,-0.06334768,2.4406687e-05,-0.0013321742,-0.006939231,-0.021871157,-0.004433404,-0.0001429795,-1.4589201e-05,-0.0032807656,4.581591e-05,-0.0047065536,-0.0019945786,-0.017696166,-0.002814577,-0.02315268,0.00013627773,0.0063432464,0.0034961612,0.0,0.0,0.0,0.0,0.0,-0.001122501
0.102655455,-0.028269803,-0.0046861316,-0.017755156,0.0057546473,0.019574003,-0.0003712557,-0.0027096525,-0.05600888,-0.05059623,-0.108025305,-0.07761606,0.029379139,-0.0135518145,-0.015606355,-0.015724536,-0.011761666,-0.01983759,-0.028683094,-0.005126101,0.00783365,-0.003691303,-0.00076560955,0.0053422567,-0.0010330452,-0.001698117,-0.024807721,-0.36502576,0.0059716753,0.045571137,-0.000114710165,0.03963568,-0.037223045,-0.0065546785,-0.0329087,2.4406687e-05,-0.00037950097,-0.004667694,-0.006202905,0.005297492,-4.2426866e-05,-1.8414214e-05,-0.0021936058,5.0322364e-05,-0.006634246,-0.0045835027,-0.015078286,-0.06982872,0.07955071,0.0002038319,0.02157573,0.004761567,0.0,0.0,0.0,0.0,0.0,-0.01319064
-0.0067367046,-0.011585165,-0.03458717,-0.020299144,-0.001842546,-0.0010220999,-0.000538925,-0.004965165,-0.055721574,-0.06349575,-0.12437655,-0.060730446,-0.025149204,-0.0019686827,-0.014469143,-0.020989519,-0.018066188,-0.009331227,-0.035974655,-0.0059734215,0.023561083,-0.0019644038,-0.0021405348,-0.0094423145,-0.00028569717,-0.0009930059,-0.011701458,-0.41585776,-0.026898982,0.09847953,0.013299562,-0.010480726,-0.0026712993,-0.0035185409,0.17572777,-3.5641548e-05,0.0009832537,-0.039843496,-0.025128702,-0.002454935,-0.00015730408,-7.589419e-05,-0.0016145031,5.2141986e-05,-0.009043254,-0.0018327695,0.011774253,-0.021467905,-0.06397754,0.0003303469,-0.013536323,-0.0025102044,0.0,0.0,0.0,0.0,0.0,-0.0029681735
-0.022489332,-0.034387786,0.022507044,-0.0031516214,-0.0012263464,-0.002733539,-0.0014211064,-0.0017909444,-0.053535797,-0.0039085853,-0.12438041,-0.057231795,0.0029493032,-0.004031373,-0.013096057,0.0011214886,1.9574101e-05,0.00130873,-0.03800513,-0.0012121846,-0.013030686,-0.0027513118,-0.0007192201,0.0048493193,-0.0017652122,-0.0014040306,-0.0336891,-0.45929533,0.004022011,0.056702107,-0.003105832,-0.08937057,-0.014861743,-0.026401684,0.035830904,-2.1212018e-05,0.0010221698,-0.050715953,-0.0054975934,0.00028459483,-0.00019952259,-3.1204538e-05,-0.0018765454,5.2354626e-05,-0.003722151,-0.0014262366,-0.022562038,0.0037265217,0.017365083,0.00035956356,0.032037783,0.0080437595,0.0,0.0,0.0,0.0,0.0,0.0029680075
0.041911174,-0.021406528,-0.041632723,0.0024609414,-0.0015750795,-0.00052829983,-0.0015580786,-0.002840512,-0.053392187,0.04362328,-0.10956252,-0.06458198,0.048839588,-0.0065674735,-0.015996736,0.007603353,0.0113412645,-0.015789274,-0.029136542,-0.019344794,-0.039997894,-0.0035994903,-0.0012133808,-0.0293139,0.00063237257,-0.0009556991,-0.0167566,-0.3771457,0.0039753304,-0.040359963,-0.009693595,-0.01693452,0.02871607,-0.0008907904,-0.026414644,9.84791e-06,-0.0003278124,0.016925456,-0.010712506,0.00095565006,-0.00035862013,-3.1204538e-05,-0.0036398831,-0.003063234,-0.0064387284,-0.0026799173,0.014502682,-0.004227657,-0.067775264,0.00014964634,-0.043643467,-0.0110165365,0.0,0.0,0.0,0.0,0.0,-0.00029251142
-0.01419183,-0.021654451,-0.061700903,-0.011947263,-0.002990218,-0.0014950554,-0.0011191082,-0.003713562,-0.05804905,-0.04975736,-0.13021518,-0.070647255,-0.049376063,-0.0077539417,-0.012284577,-0.02412523,0.001847608,-0.016780864,-0.037672646,-0.003655442,-0.013650317,-0.0019112853,-0.0050755227,0.0039015794,-1.4104022e-05,-0.0013017546,-0.014900957,-0.39551866,0.005622308,0.053986534,-0.0027600925,0.034119215,-0.021849392,-0.0074877455,-0.02315734,-5.132708e-05,-0.00034993107,0.008556356,0.0012699555,0.00036629607,-0.00049503735,-2.2116697e-05,-0.0013871752,5.756444e-05,-0.0043993145,-0.0011743997,-0.042383738,-0.003642264,-0.0008598899,0.00035554543,0.028603232,0.0065595773,0.0,0.0,0.0,0.0,0.0,-0.000714727
-0.022064518,-0.004822868,-0.0032634393,-0.01934709,-0.0011842231,-0.0019698597,-0.0010258798,-0.0041475096,-0.04913769,-0.013649487,-0.11492566,-0.063223325,0.013286801,-0.0048183203,-0.01782511,-0.011515743,-0.031547602,0.0008505146,-0.03201344,-0.0016806426,-0.0375771,-0.0030223308,-0.0005964602,-0.02706648,-0.0015787126,-0.001651501,-0.02238107,-0.4085571,-0.015607644,0.07494979,0.00056974054,-0.083373204,-0.016979726,-0.011641083,-0.038179904,-5.132708e-05,-5.0758128e-05,-0.00029396312,-0.0111405775,-0.0018578855,-0.0003925698,-3.1204538e-05,-0.0013414535,4.7969857e-05,-0.00423959,-0.0016629694,0.009550871,-0.063950315,0.03417589,0.00023066493,0.016656026,0.001927375,0.0,0.0,0.0,0.0,0.0,-0.013671301
-0.057060175,-0.02393767,0.007468355,-0.0031463197,-0.00074789126,-0.0013997303,0.00077655376,-0.0021292,-0.052892286,-0.009036313,-0.14468612,0.0084637785,-0.056119177,-0.005105731,-0.01880502,-0.007880178,-0.055020943,-0.008396515,-0.054733902,-0.02178709,0.0052765007,-0.005090393,-0.0018889762,0.004324082,-0.0009409416,-0.0016419458,-0.031193934,-0.38260597,0.0063096005,0.04219405,-0.008228466,-0.056515045,-0.02231684,-0.00910187,-0.043271936,9.84791e-06,-2.1417509e-05,-0.01880198,-0.0075911777,0.00034565778,-0.00035115628,-3.1204538e-05,-0.0013742181,4.8681664e-05,-0.003327432,-0.0014694917,0.015023724,-0.022224626,-0.016938247,0.00035663857,0.01824004,0.0055736112,0.0,0.0,0.0,0.0,0.0,-0.009113773
0.028112778,-0.05733009,-0.016463278,-0.015434551,-0.002773763,-0.0008881649,-0.005167021,0.008174315,-0.05618838,-0.022349054,-0.118163794,-0.059793256,-0.016570695,0.0008809421,-0.015191588,-0.013998201,-0.025157413,-0.043985806,-0.028887141,-0.02142598,0.022917256,0.009664831,-0.006687226,-0.006652385,-6.2746185e-05,-0.0012103774,-0.013211825,-0.3430764,-0.025631797,0.07643614,0.008383011,-0.02843932,-0.08437481,-0.00062204676,-0.04033707,-2.543168e-05,0.0006389818,-0.035333633,-0.019859351,0.0004423108,-9.023833e-05,-7.589419e-05,-0.0014867395,4.744285e-05,0.065612234,0.01014378,0.007961897,-0.050349273,-0.024965497,0.00030539028,-0.0067713326,-0.0023329714,0.0,0.0,0.0,0.0,0.0,-0.0150854215
-0.02555977,-0.0024662244,-0.015969016,-0.0066347923,-0.0012543817,-0.0027263695,-0.0006021605,-0.003102233,-0.05525924,-0.02338626,-0.12648451,-0.06257734,0.0071001844,-0.003570152,-0.016685411,-0.0054462794,-0.03349418,0.00095755054,-0.03383708,-0.013547164,-0.023475323,-0.002821981,-0.00069465034,0.00489687,-0.0009887404,-0.0016480642,-0.037714966,-0.45900178,0.0040849675,0.03825573,-0.0047864025,-0.058505464,-0.024461994,-0.0045341654,-0.038213346,9.84791e-06,-0.0003112983,0.0027251986,-0.019217854,-0.0044627646,-0.00019952259,-3.1204538e-05,-0.0014628374,4.7708985e-05,-0.0040414175,-0.0015388557,-0.015766162,-0.061131585,0.0009861328,0.00020310665,0.022988867,0.006684611,0.0,0.0,0.0,0.0,0.0,-0.021840667
-0.011490944,-0.0075034946,-0.031252846,-0.013714085,-0.0007887859,-0.0022067754,-0.00068489293,-0.0046651843,-0.061422553,-0.02164903,-0.13212012,-0.06018772,-0.039693832,-0.0028083983,-0.018792562,-0.009850794,-0.048611775,0.0007635316,-0.031851035,-0.010394199,-0.0036029061,-0.0027309724,-0.0016313904,0.0028628004,0.00039808932,-0.001465328,-0.0031677443,-0.42100567,0.006193832,-0.21645072,-0.018567538,0.021137888,-0.038508892,-0.0066617327,-0.047415137,9.84791e-06,-0.0003882372,-0.00026432576,0.0026512952,-0.0006236705,-0.0001429795,-2.2116697e-05,-0.0037874514,5.9660266e-05,-0.006490504,-0.0018570757,-0.01337254,-0.008473154,-0.044321995,9.895058e-05,-0.011402265,-0.005431184,0.0,0.0,0.0,0.0,0.0,-0.0023298012
-0.00841922,-0.008075236,-0.03986606,-0.017601522,-0.0018427012,-0.0016556156,-0.0006975375,-0.0017770632,-0.06040363,-0.0099375155,-0.13647427,-0.058965996,0.007460136,-0.0029106594,-0.012240345,-0.012352361,-0.02010399,0.0028183286,-0.038352374,-0.0012843123,-0.0189324,-0.002127015,-0.0010754474,-0.051410962,0.0003961928,-0.0011785872,-0.00038561455,-0.52512443,0.007283986,0.049926426,-0.001746926,0.007008658,-0.02034875,-0.011510548,-0.0241664,-3.5641548e-05,0.001679534,-0.011420733,-0.01610626,0.00025523416,-0.00015730408,-1.8414214e-05,-0.0014067942,5.8106256e-05,-0.0041903355,-0.0014364388,0.0093420185,-0.012456121,0.002652138,0.000360819,0.02848663,0.0093856435,0.0,0.0,0.0,0.0,0.0,-0.0003590951
-0.008721139,-0.016665572,-0.0035934641,-0.01872744,-0.002216247,-0.0011609567,-0.00097359443,-0.006086751,-0.0688376,-0.02935584,-0.17284107,-0.063003495,-0.045010656,-0.00328485,-0.013879595,-0.018390357,-0.06858482,-0.016466979,-0.044182226,-0.0043112407,-0.0069354405,-0.002305271,-0.0015582617,-0.034629397,0.00019962617,-0.001262921,-0.008391578,-0.38173345,0.005470757,-0.013024739,-0.0062172855,0.00027454633,-0.031608276,-0.0010715367,-0.023187544,-2.1212018e-05,-0.001071634,0.0011026452,-0.01734504,-0.0028008164,-0.00010446398,-2.2116697e-05,-0.0023915558,4.537061e-05,-0.0044930875,-0.0021690936,0.010109642,-0.020010928,-0.11145544,0.00014911618,-0.039098334,-0.015153042,0.0,0.0,0.0,0.0,0.0,-0.0023097072
-0.07506738,-0.021399051,-0.0025886623,-0.0044815107,-9.107163e-05,-0.0015600902,-0.00129974,-0.0036804578,-0.05709045,-0.027719714,-0.13349326,-0.0578256,0.00073912967,-0.004576186,-0.01695068,-0.032626815,-0.050307237,0.0006651248,-0.036032446,-0.0077237776,-0.020641208,-0.0032363932,-0.0010730553,0.0029049083,-0.0016051999,-0.0014144419,0.006988784,-0.47379288,0.0035733986,-0.19705553,-0.0058833375,-0.01351715,0.023935372,-0.008706223,-0.05441209,9.84791e-06,-0.0003285103,-0.00042855105,-0.015922008,0.0007997828,-0.00019952259,-3.1204538e-05,-0.0042478275,-0.002810992,-0.003894258,-0.0019859418,-0.011395836,-0.0033972277,-0.037611287,0.00011025648,-0.017555047,-0.003927042,0.0,0.0,0.0,0.0,0.0,-0.00038285882
-0.015616138,0.0029541173,0.0134707345,0.035589628,0.0002739254,-0.0017868688,0.0007749646,-0.0031666348,-0.045570545,-0.0061421213,-0.10222088,-0.05857833,0.0034406146,-0.004407804,-0.015516197,-0.0027721154,0.03183212,0.0013500196,-0.02994001,-0.0036969066,0.0121926805,-0.0030925083,-0.0013696571,-0.032959018,-0.00061056804,-0.0013569618,0.011807711,-0.4697966,-0.039999798,0.09557089,0.018105222,-0.011607997,-0.01983977,-0.012846366,-0.065072335,2.4406687e-05,-0.00024919154,-0.0075113606,-0.012210932,-0.0078026727,-0.00015730408,-1.8414214e-05,-0.0014799337,4.9892755e-05,-0.0030866563,-0.0015589647,0.009349048,0.003093732,-0.01706225,0.00038712184,0.010549774,2.5133355e-05,0.0,0.0,0.0,0.0,0.0,-0.00058270036
-0.04807885,-0.002833957,-0.032867018,-0.015305502,-0.0008140285,-0.0021712156,-0.0011003622,-0.0025192369,-0.057391502,-0.021464933,-0.13778374,-0.058928184,0.0017164251,-0.003030292,-0.016305257,-0.019821428,-0.007013104,0.00073541084,-0.035081595,-0.0064411997,-0.032066856,-0.0030018408,-0.0010261185,0.0031924131,-0.001159135,-0.0013630802,-0.018145815,-0.4558616,0.003385612,-0.0005213971,-0.010698768,-0.059048004,-0.023179425,-0.011483245,-0.05299022,9.84791e-06,-0.00013907746,-0.0077174082,0.0030533508,0.0006246896,-0.0003925698,-3.1204538e-05,-0.0033715982,-0.0029397213,-0.004114216,-0.0016688196,0.015840158,-0.0024415446,-0.07312057,0.00014839093,-0.048371997,-0.009122094,0.0,0.0,0.0,0.0,0.0,-5.9568672e-05
-0.02254166,-0.05731706,-0.012906387,-0.016762849,-0.002016292,-0.0006244911,-0.0054731914,0.007589534,-0.056743417,-0.034128357,-0.11599143,-0.063764,-0.031015027,0.0040804534,-0.020214396,-0.012922236,-0.012980603,-0.052395802,-0.032665912,-0.02921492,0.020797903,0.01043569,-0.005016454,-0.006868233,-2.2212877e-05,-0.00086386123,-0.011635354,-0.41435114,-0.023288373,0.06442162,0.006262134,-0.05191604,-0.019858573,0.0025125307,-0.026535656,-2.543168e-05,0.0006389818,-0.03960738,0.027808068,0.0006365276,-9.023833e-05,-7.589419e-05,-0.001592837,6.115652e-05,-0.018337673,-0.0024595177,0.014021356,-0.003421961,-0.011279077,0.00038837726,0.011650896,0.003004776,0.0,0.0,0.0,0.0,0.0,-0.0041344934
0.0338509,-0.0066751335,-0.043333817,-0.0016611668,-0.002480449,-0.0011213572,-0.0015338643,-0.0029090454,-0.05706702,-0.06495904,-0.11759559,-0.078187615,0.032746192,-0.0071971803,-0.016610052,0.009379591,-0.026600325,-0.014109359,-0.030788949,-0.0088106105,-0.034833983,-0.0028809556,-0.0006394,-0.033584185,0.0007347362,-0.0012441198,-0.0042409967,-0.41660887,0.0038541018,-0.041088145,-0.010276358,-0.0341531,0.0077439626,-0.010903909,-0.028591005,9.84791e-06,-0.00017208322,-0.012499427,-0.0028052304,0.00086991495,-0.00016557294,-3.1204538e-05,-0.0019235831,5.466313e-05,-0.0066264053,-0.0029444378,-0.008469579,-0.03064974,-0.096468255,0.00012026329,-0.033834133,-0.013440169,0.0,0.0,0.0,0.0,0.0,-0.0074302047
-0.00016266982,-0.012471707,0.007616123,-0.022710148,0.007040559,0.02092581,-0.0010295841,-0.0022207126,-0.057618134,-0.027190784,-0.13283904,-0.07605443,0.0032709714,-0.0036997437,-0.014701256,-0.025639147,0.05014646,-0.018645572,-0.034101877,-0.035881393,-0.0784912,-0.0030859362,-0.0009236795,-0.010126536,-0.00027987795,-0.0014096962,-0.0075701233,-0.4152764,0.012625728,0.091735095,0.010716399,0.055184234,-0.025517967,-0.0139118675,-0.0468478,9.84791e-06,-0.00084386,-0.015868377,-0.015580627,0.00048134074,-5.6751454e-05,-3.1204538e-05,0.00018936863,-0.0030751831,-0.0038728795,-0.0015779941,0.020621885,-0.008496248,-0.05295634,0.00032981674,-0.032354977,-0.0046169567,0.0,0.0,0.0,0.0,0.0,-0.0009666319
0.0072406204,-0.052942593,-0.021726165,-0.029610429,-0.0014172664,-0.0011757631,-0.0015191433,0.01029723,-0.06567886,-0.038886786,-0.14789376,-0.058483645,-0.074528314,0.00014459236,-0.016381407,-0.031945083,-0.07385199,-0.011031033,-0.044310976,-0.021504963,0.031362467,0.008800403,-0.003380318,-0.0070981174,-0.00014312664,-0.0009148095,-0.015666403,-0.3647815,-0.022811526,0.069762774,0.009901795,-0.044042338,-0.0088647865,-0.0073422547,-0.029344091,-2.1212018e-05,0.0006389818,-0.045778014,-0.026128968,-0.0037418925,-9.023833e-05,-0.00014657131,-0.001154705,4.070996e-05,-0.02593116,-0.008640891,0.01019847,-0.010110124,-0.028211344,0.0003272545,-0.030783437,-0.0023699822,0.0,0.0,0.0,0.0,0.0,-0.0022332675
-0.044672165,-0.020080885,-0.0037809787,0.014326691,-0.00021818234,-0.0019413534,0.001126776,-0.0027074874,-0.06443168,-0.004488317,-0.14347462,-0.05901286,-0.026266087,-0.0037431933,-0.018473575,-0.0045870086,-0.04317855,0.0009472601,-0.039669443,-0.021223633,0.0028075816,-0.0031954462,-0.0011518355,0.002744161,-0.002943643,-0.001353525,0.0062446855,-0.47282994,0.0063424134,-0.2384588,-0.0130076995,-0.015090442,-0.030086337,-0.0078030527,-0.063211925,4.0698615e-06,-0.0005097317,-0.03075172,-0.008192042,0.00057169213,-0.0002523627,-3.1204538e-05,-0.0049103643,-0.0030336555,-0.004634271,-0.0018350916,-0.014542984,-0.0035329312,-0.026383376,0.00013920275,-0.009743896,-0.005478433,0.0,0.0,0.0,0.0,0.0,-0.0005674434
-0.040864207,-0.004931471,-0.05058872,-0.019618314,-0.0030381738,-0.0013393218,-0.00061826064,-0.0017522994,-0.062430404,-0.03379418,-0.13396545,-0.06358531,0.00036079445,-0.002608108,-0.016833149,-0.0045404024,-0.017493112,0.00031984723,-0.033314843,-0.008521622,-0.030586561,-0.0027584373,-0.0011183128,0.0029488488,-0.0010916294,-0.0014335943,-0.023842005,-0.440181,0.0065830615,-0.014680447,-0.014570689,-0.04750464,-0.0064119217,-0.0054261424,-0.035788696,2.4406687e-05,-0.00013907746,-0.00072082324,-0.014243949,0.00050646375,-0.00015730408,-1.8414214e-05,-0.0020184761,5.156479e-05,-0.0038057317,-0.001329699,0.009309994,-0.03788358,-0.094944105,0.00012026329,-0.035430305,-0.006880212,0.0,0.0,0.0,0.0,0.0,-0.010951291
-0.018823037,-0.047644764,-0.030579608,-0.029814232,-0.003809508,-0.0013727603,-0.00085530925,-0.0034048727,-0.064304024,-0.024942657,-0.12695469,-0.07329379,-0.070230424,-0.0048382212,-0.019447722,-0.034841638,-0.0092510935,-0.014427761,-0.040454365,-0.021306572,-0.041844647,-0.003626007,-0.007002175,-0.011993593,-0.00014835276,-0.0017639465,-0.017455053,-0.29446748,-0.024277395,0.05184356,0.007391544,-0.035520554,-0.016367227,-0.023936575,0.008331566,-3.5641548e-05,0.0006389818,-0.054956876,-0.027911266,-0.00425044,-5.6751454e-05,-0.00011056838,-0.0013533363,3.9236475e-05,-0.01857521,-0.008062139,0.008092255,-0.059777007,-0.02972823,-0.003083882,0.015539361,-0.009642553,0.0,0.0,0.0,0.0,0.0,-0.009274001
-0.06678552,-0.018968038,-0.0342786,-0.0045490866,-0.00071638136,-0.0014392067,-0.0013034248,-0.013775778,-0.051710267,0.061655443,-0.104921676,-0.07312927,0.020953845,-0.0047649383,-0.01630289,-0.014754665,-0.028877003,-0.007597108,-0.03144459,-0.020703074,-0.075856775,-0.0037780264,-0.00086153153,-0.008062112,-0.0013063962,-0.0017028627,-0.01639053,-0.40387776,0.0064561795,0.0908047,0.015256325,-0.06232472,0.012140801,-0.0018135798,-0.018549975,-5.132708e-05,-0.000108039676,0.011678786,-0.007885828,0.00046242503,-0.00050802116,-3.1204538e-05,-0.0021542173,-0.0027216405,-0.0027230708,-0.001283813,0.008790239,-0.03783229,-0.031756565,0.00030413485,-0.018872662,-0.003412562,0.0,0.0,0.0,0.0,0.0,-0.011801602
0.0040492425,-0.051589083,-0.03693782,-0.06006658,-0.0019190517,-0.00032214547,-0.0011141422,-0.006044458,0.05192971,-0.009596612,0.45845497,-0.14060208,-0.20659666,-0.010773128,0.016465038,-0.012875382,0.052872203,-0.035282455,0.056174908,-0.026506254,-0.06829051,-0.014847119,-0.008468914,-0.013376834,0.0004342458,-0.0056254133,0.004762994,0.608919,0.011066307,0.022657108,0.0033914088,-0.06544526,-0.017956665,-0.01795108,-0.015928686,-0.00010194289,0.00034858572,-0.045386747,-0.029026737,-0.0040428876,-0.0003224386,-0.00017227116,-0.00075018324,0.0002438611,-0.0076030274,-0.0025193891,0.006385591,0.022536987,-0.0086146165,0.00014010782,-0.019812716,-0.0035186417,0.0,0.0,0.0,0.0,0.0,0.00048673357
-0.07098504,-0.0019280791,-0.030969273,-0.0040993723,-0.0013484536,-0.0007222965,-0.00081550836,-0.0033967996,-0.05861981,0.02597655,-0.1404191,-0.072334036,-0.0020965307,-0.0069474503,-0.019426588,-0.0022523156,0.0221509,-0.0136377625,-0.03552954,-0.013415143,-0.0003649771,-0.0032122633,-0.00212207,0.0023869658,-0.00039170243,-0.0013177692,0.00016913263,-0.45857784,0.005605742,-0.20496193,-0.016923815,-0.017426794,-0.08092462,-0.0011035302,-0.036200788,2.4406687e-05,-0.00033751084,0.0047328374,-0.011181384,0.00093243946,-0.0007974678,-0.00018149699,-0.0042894357,4.979949e-05,-0.0046029245,-0.001667332,0.006841182,-0.0056587304,-0.030424293,0.00011098173,-0.014344052,-0.0034168058,0.0,0.0,0.0,0.0,0.0,-0.0016555884
-0.05251105,-0.041061185,-0.01293321,-0.008851122,-0.00057869655,0.01056567,-0.0005805828,-0.0059690517,-0.06444917,-0.011287646,-0.12909529,-0.06751681,-0.09838805,-0.009534719,-0.018911988,0.0016516488,-0.100096606,-0.022128142,-0.038727902,-0.017500479,0.0006642927,-0.0034066888,-0.004620739,0.0023793792,-0.0020830021,-0.0013952663,0.003759349,-0.34587455,0.0039679646,-0.24106576,-0.0039525474,-0.03485182,0.015289711,-0.0012701412,-0.01619295,6.621307e-06,-0.0003285103,-0.012287856,-0.029344404,-0.0046316856,-0.00018529693,-3.1204538e-05,-0.008435953,5.3313226e-05,-0.0041277814,-0.001663904,-0.0119735515,-0.006957205,0.022482095,7.531746e-05,0.0039126966,0.0015880705,0.0,0.0,0.0,0.0,0.0,-0.007011129
0.08640924,-0.03593986,-0.019156393,-0.0030689132,0.0003446504,-0.0012556263,-0.0081606265,-0.015708456,-0.042714667,0.05074226,-0.08792903,-0.0624239,0.040397786,-0.011933242,-0.011951286,-0.016336165,-0.049554814,-0.01361883,-0.023198003,-0.00013758484,-0.017204005,-0.0040830704,-0.0004912949,0.007675489,-0.01575001,-0.0017119109,0.014337654,-0.29873714,0.0025389662,0.060207963,0.00165584,0.008449615,-0.04334182,-0.030055277,-0.06604639,-2.1212018e-05,-0.00016395567,0.017068857,-0.004600993,0.0014641216,-0.00035862013,-3.1204538e-05,-0.001732527,4.726417e-05,-0.005786673,-0.0048801694,0.0050139357,-0.058235306,0.0618513,8.670259e-05,0.021278018,0.003205397,0.0,0.0,0.0,0.0,0.0,-0.017681275
-0.039995972,-0.018085465,-0.0012457884,-0.014995063,-0.0019941092,-0.0012025093,-0.0011609064,-0.0056062294,-0.05534672,-0.025736127,-0.14140607,-0.05993446,-0.04896438,-0.0051202937,-0.0154117,-0.013968819,-0.034946546,-0.01958502,-0.03737889,-0.011521323,-0.010898374,-0.002557277,-0.0021243868,-0.062177777,-0.001927827,-0.001262921,0.0059264214,-0.4020685,0.005444603,0.04505266,-0.0008664965,-0.04487802,-0.023840114,-0.01254689,-0.04868175,9.84791e-06,-0.0013321742,-0.008286563,-0.010772343,0.0008230475,-9.0139394e-05,-2.2116697e-05,-0.002076905,4.0400293e-05,-0.00396896,-0.0015509172,-0.015570941,0.003488916,0.005888396,0.00035697993,0.026126578,0.00802548,0.0,0.0,0.0,0.0,0.0,0.0003423421
-0.01843838,-0.02982227,-0.017687654,-0.010955111,-0.0039172396,-0.0005162914,-0.0012412027,-0.029647188,-0.04175934,-0.0008062045,-0.109950565,-0.038844377,-0.042603984,-0.0023438348,-0.0110551575,-0.012972532,0.05999113,-0.021741088,-0.033366628,-0.05970272,-0.012077656,-0.002337296,-0.0026175005,0.01187563,0.0042848624,-0.0008899332,0.027655616,0.88556474,0.004695482,0.060657915,-0.0068129236,-0.05282236,-0.047916036,-0.052935656,-0.0747276,0.00016400334,-0.00031979533,-0.090829216,-0.02504446,-0.008765791,-0.00047763094,-2.4853873e-05,-0.0010977304,0.00016927594,-0.0024621708,-0.0009127381,0.003918292,0.009433819,0.0064679477,0.000117572396,0.019567048,0.0063444325,0.0,0.0,0.0,0.0,0.0,0.0009476562
-0.0073460233,-0.047325607,-0.037490293,-0.020924926,-0.0018443654,-0.0017668125,-0.0011666873,-0.0044854614,-0.061405744,-0.011814202,-0.13271236,-0.06088481,-0.030576792,-0.0030694199,-0.013071452,-0.025484866,-0.10785781,0.00026259903,-0.035262704,-0.018568916,0.02598467,-0.0024540217,-0.0030980897,-0.00896054,-0.00051475357,-0.0010077625,-0.01510393,-0.39799714,-0.02880551,0.09676812,0.009117824,0.010188073,-0.022604171,-0.014206762,-0.029026918,-2.1212018e-05,0.0009832537,-0.012523286,-0.018987807,0.00018614775,-0.00015730408,-2.2116697e-05,-0.0012658141,4.418421e-05,-0.004207565,-0.0013683918,0.010901352,-0.018698206,-0.035109524,0.0003303469,-0.015800806,-0.0030777017,0.0,0.0,0.0,0.0,0.0,-0.002879032
0.0029316654,-0.047803946,-0.0030802255,-0.027829368,-0.0019810433,-0.0031022336,-0.0006540475,-0.0023573951,-0.06296928,-0.011071175,-0.12340769,-0.061849684,-0.10428329,-0.003276047,-0.018321935,-0.03493948,-0.006309613,-0.0006652334,-0.03771583,-0.024272673,0.0052132355,-0.004607293,-0.003449409,-0.012702821,-0.000409637,-0.0016956273,-0.019714352,-0.33041236,-0.027274296,0.048396125,-0.004400274,-0.027097842,-0.015477159,-0.009574927,0.03464554,-3.5641548e-05,0.003668737,-0.051487755,-0.02938757,-0.0022081353,-0.0001429795,-1.4589201e-05,-0.0015969367,3.789717e-05,-0.0050666444,-0.0019964303,-0.016916875,-0.038509443,-0.034684166,-0.0030664315,-0.0036352049,-0.0098513,0.0,0.0,0.0,0.0,0.0,-0.012459849
-0.04121241,-0.0031676495,-0.044896048,-0.008706509,-0.00069537485,-0.0029745605,-0.000610697,-0.0023371137,-0.061827175,-0.022193523,-0.1363242,-0.0661256,-0.006528758,-0.0030784525,-0.017103368,-0.0041250084,-0.048526037,0.0005426277,-0.034939867,-0.009402774,-0.032101516,-0.0021184804,-0.0013949443,0.0031291822,-0.0012019792,-0.0011769072,-0.026979433,-0.4722168,0.004696364,-0.010475272,-0.009745071,-0.045634743,-0.021487312,-0.0060070017,-0.055777896,4.0698615e-06,-0.00018980386,-0.0006785679,0.0007910705,-8.648635e-05,-0.0001429795,-3.1204538e-05,-0.0020463737,6.326042e-05,-0.0045383065,-0.0014939276,-0.016748114,-0.0012118621,-0.11230414,0.00014839093,-0.047382638,-0.008208897,0.0,0.0,0.0,0.0,0.0,-0.0048656417
-0.055830244,-0.015765766,-0.03173032,-0.007781265,-0.000466768,-0.0015353237,-0.0013040893,-0.0020108712,-0.055242144,-0.029425927,-0.12879995,-0.058630288,0.0058843996,-0.0045164456,-0.0152288005,-0.014052183,-0.014159115,0.0015893161,-0.035655454,-0.008317186,0.003735676,-0.003202838,-0.0013339862,-0.03346919,-0.0010639107,-0.0013479135,0.0019137476,-0.4896593,0.0057927943,-0.065041356,-0.018652461,-0.0510747,0.008160845,-0.00893619,-0.042253695,9.84791e-06,-0.00020701592,-0.0007312724,-0.01017415,0.00085174834,-0.0002523627,-3.1204538e-05,-0.0024530157,4.8095724e-05,-0.0036266192,-0.0019135136,-0.01491965,-0.0006565247,-0.103833295,0.00014839093,-0.033065222,-0.01404109,0.0,0.0,0.0,0.0,0.0,-0.000100945574
-0.032613825,-0.0194646,-0.0073633515,-0.0056911684,-0.0011936661,-0.0015998774,-0.0009123048,-0.0030168057,-0.05293031,-0.027766861,-0.12014093,-0.06357894,0.011537866,-0.00556308,-0.01511548,-0.011612206,-0.031333078,0.0011441093,-0.032475803,-0.0005664419,-0.013970907,-0.0029500881,-0.0006246694,0.0048733526,-0.00094589626,-0.0014144419,-0.032516394,-0.480742,0.003989397,0.057444528,3.912025e-05,-0.064979106,0.011140885,-0.006726824,-0.026389021,9.84791e-06,-1.9720406e-05,0.004355316,-0.019764632,-0.0042012217,-0.0003925698,-3.1204538e-05,-0.0014444669,5.2615505e-05,-0.0031110148,-0.0013447424,0.011648627,0.0014237517,0.016085444,0.00035956356,0.029368564,0.008691782,0.0,0.0,0.0,0.0,0.0,0.0022035101
-0.009137819,-0.008099987,-0.05683393,-0.007862816,-0.0022743696,-0.0010727376,-0.0006766687,-0.0036732806,-0.06312124,-0.017067498,-0.14222787,-0.067384064,-0.000963552,-0.0026424916,-0.019696737,-0.0036282507,-0.05768395,-0.011823469,-0.03718497,-0.00927759,-0.041778117,-0.0024959634,-0.0010386618,0.002930028,0.00042671943,-0.0009696533,-0.0050372113,-0.38080707,0.004276305,-0.16988605,-0.0099245915,0.0055961525,-0.0441086,-0.03243745,0.029526865,-2.1212018e-05,0.0011642551,-0.07850487,0.013180893,5.987307e-05,0.00018039414,7.106928e-06,-0.0061663506,-0.0035491104,-0.0059579336,-0.0015481039,0.0065241028,-0.0010611538,-0.056649752,0.00011098173,-0.019416086,-0.004453826,0.0,0.0,0.0,0.0,0.0,-0.004629642
-0.052442197,-0.0047959504,-0.012027441,-0.025326189,-0.00038653918,-0.0018592151,-0.0006535067,-0.0026590864,-0.06372997,-0.021864578,-0.16329314,-0.0613878,-0.03408573,-0.003780703,-0.01700592,-0.00954511,0.011626893,0.0008021846,-0.040592216,-0.0147763165,-0.0050587035,-0.00334001,-0.0022306663,0.0029904228,-0.0009642683,-0.001426666,0.00894254,-0.4705629,0.0059924116,-0.22343358,-0.01371886,-0.04608164,-0.041808233,-0.00778211,-0.059833404,2.4406687e-05,-0.0013321742,-0.0054129907,-0.015881682,-0.0018459448,-0.0001429795,-1.4589201e-05,-0.0040654456,4.9458296e-05,0.02852084,0.010352971,-0.00872739,-0.0028651552,-0.044962715,0.00011025648,0.005235028,-0.00453536,0.0,0.0,0.0,0.0,0.0,-0.0006650655
-0.056020383,-0.018618133,-0.011600356,-0.013623784,-0.00024834854,-0.003074649,0.00020184107,-0.0026070245,-0.0628158,-0.021900475,-0.14204009,-0.06927012,-0.0013539519,-0.0038903898,-0.018121885,-0.0040057804,-0.08440097,0.00066821254,-0.03878598,-0.009807617,-0.013235625,-0.0032341057,-0.002270344,0.003593314,-0.0009159575,-0.0014573301,0.008869858,-0.42506188,0.005989664,-0.24576181,-0.0073773763,-0.014010103,-0.06411719,-0.007018174,-0.06022069,9.84791e-06,-0.0005097317,-0.008972305,0.01954966,0.00069173216,-0.0002523627,-3.1204538e-05,-0.003632061,5.6954403e-05,-0.0053091743,-0.0020017356,-0.013071469,-0.001582634,-0.011251398,0.00013920275,0.012810151,0.0038433243,0.0,0.0,0.0,0.0,0.0,-0.00032647335
-0.020137943,-0.010460959,-0.023906965,-0.014695343,0.0055870474,0.012864287,-0.0008840103,-0.0038602313,-0.058649193,-0.08748325,-0.10905483,-0.08351596,-0.0017758812,-0.0035115613,-0.017329393,-0.03396212,-0.036581334,-0.018415606,-0.031053754,-0.02494895,-0.07053543,-0.0032517854,-0.0011848868,-0.0084745465,-0.00024210781,-0.0014825545,-0.008727087,-0.3070085,-0.02714451,0.061974376,0.00711172,-0.007584636,-0.040735967,-0.061930142,0.06994263,-2.1212018e-05,0.0005525135,-0.11820799,-0.028778538,-0.00309538,-5.6189747e-05,-2.229474e-05,-0.0018288807,4.9134193e-05,-0.013137687,-0.0039328164,-0.014174912,-0.034634154,-0.0473072,0.0003303469,-0.038465824,-0.0032019578,0.0,0.0,0.0,0.0,0.0,-0.012853384
-0.01345537,-0.010127967,-0.004404446,-0.0013868642,-0.0003549979,-0.0015806793,-0.0007042293,-0.0034975277,-0.06831484,-0.010119519,-0.17447081,-0.058476627,0.0014201632,-0.0029858255,-0.015009408,-0.0075997966,-0.018862735,0.0010731737,-0.043362375,-0.0027674995,-0.006612002,-0.002353187,-0.00075920706,0.0033771081,0.0005933163,-0.001426666,-0.0059668296,-0.50116724,0.005574554,-0.26091364,-0.014476058,0.009060332,-0.026283152,-0.013254254,-0.039693683,-3.5641548e-05,0.00088004884,-0.032718003,-0.009552256,0.00024014967,-0.0004454099,-1.8414214e-05,-0.0037729412,5.6264245e-05,-0.005285035,-0.0019559723,0.009739142,-0.013916809,-0.03583965,0.00013920275,0.0092126625,-0.0044953995,0.0,0.0,0.0,0.0,0.0,-0.0021785132
-0.023713198,-0.016743332,-0.0024235072,0.02479473,-0.0033833368,-0.0020064812,-0.00024089555,-0.0049692774,-0.064678565,-0.009412619,-0.15714459,-0.05993084,-0.09573262,-0.0035139183,-0.017035065,-0.0036178438,-0.044690605,0.001420442,-0.04493321,-0.0014908187,0.0038117745,-0.0028162273,-0.003341527,-0.033145625,-0.00218553,-0.0013569618,0.0040620435,-0.42248026,0.00661721,-0.03494974,-0.019067358,-0.05217261,-0.016044362,-0.00677456,-0.042257354,-2.1212018e-05,-0.0005097317,-0.02794358,-0.0072086193,0.00042396886,-0.0002523627,-2.2116697e-05,-0.0022194604,5.2069234e-05,-0.0045283022,-0.0018561903,-0.012554,-0.0028897298,-0.06951132,0.00014839093,-0.023914045,-0.013134813,0.0,0.0,0.0,0.0,0.0,0.00035752717
0.10041262,-0.053380184,-0.04364461,-0.0029952459,-0.001970487,-0.0020499812,-0.0005640231,-0.002534165,-0.05912713,-0.032588143,-0.12569718,-0.06685298,-0.08694982,-0.003092703,-0.01604936,-0.032693066,-0.019925,0.0007519823,-0.035533767,-0.030675594,-0.038033914,-0.0026908931,-0.002980373,-0.011739085,0.00013763082,-0.0009512346,-0.021298047,-0.35730866,-0.01733048,0.052857786,0.006547946,-0.019629296,0.009043411,-0.01933837,-0.03858685,-0.00012720705,-0.00019221935,-0.0037412788,-0.029021895,-0.0050925235,-0.00010446398,-1.4589201e-05,-0.0016401524,4.3079737e-05,0.08763471,0.037578467,0.0094331335,-0.0054866555,-0.03888591,-0.004315507,0.023658765,-0.001801067,0.0,0.0,0.0,0.0,0.0,-0.0005274735
-0.028659917,-0.014813757,-0.02891411,-0.010199936,-0.003402197,-0.00038060572,-0.0012189421,-0.0077934214,0.15749343,-0.0033845454,0.42679724,-0.1433604,-0.034684148,-0.016008519,0.032466073,-0.004152417,-0.085283585,-0.053833958,0.1254776,-0.03050431,0.009442523,-0.007693291,-0.008600344,0.0029807906,0.00054258754,-0.0014425851,0.0070822514,0.49732286,0.0035055901,0.024115931,-0.0022682801,-0.024837082,-0.014162799,-0.0023391717,-0.014271187,-0.0008547808,-0.00017741843,0.0009941985,-0.009802861,-0.0022748816,-0.00048719338,-0.0003009099,-0.000683856,3.1363634e-05,-0.0023021982,-0.0005472605,0.0023121636,0.011033742,-0.001099866,7.2202e-05,0.00792282,0.0022736273,0.0,0.0,0.0,0.0,0.0,0.00032081793
-0.023470106,-0.005316602,0.004586274,0.011599636,-0.00021178642,-0.0018181317,0.0011035874,-0.0037041206,-0.06551562,-0.004123941,-0.14108305,-0.058700603,-0.030453622,-0.0037040745,-0.018630276,-0.0018137442,-0.043799248,0.00095951144,-0.037674252,-0.018193599,0.006672646,-0.0028489665,-0.001137862,0.0028844653,-0.002943643,-0.001353525,0.005134652,-0.48138463,0.0060538896,-0.23703952,-0.0075706714,0.00603206,-0.033140253,-0.0075194496,-0.06977176,4.0698615e-06,-0.0005097317,-0.01587447,-0.016271595,-0.003985615,-0.0002523627,-3.1204538e-05,-0.003458043,5.061397e-05,-0.004649338,-0.00174489,-0.01485862,-0.0038748423,-0.02192563,0.00013920275,-0.008540498,-0.004352506,0.0,0.0,0.0,0.0,0.0,-0.00304344
0.008034252,-0.054373033,-0.022538232,-0.032472916,-0.002371138,-0.0012543583,-0.000996527,0.019371241,-0.059535533,-0.046544604,-0.12147391,-0.060309034,-0.07765612,0.0053919763,-0.01770841,-0.034385536,-0.02236419,-0.012318842,-0.045071438,-0.022183781,-0.021444025,-0.0035412551,0.012217909,-0.038613763,0.00052733766,-0.0010856182,0.0044420715,-0.38267544,-0.035048317,0.0426621,-0.0029354617,-0.06651994,-0.028914668,-0.013229566,-0.02979615,2.4406687e-05,-0.00021501647,-0.01927937,-0.027838632,-0.009288591,-5.6751454e-05,-0.00011056838,-0.0010119074,4.259288e-05,-0.008094702,-0.0024559249,0.0078495545,-0.0029705397,-0.014568177,-0.0050442456,0.02167681,-0.016648725,0.0,0.0,0.0,0.0,0.0,-0.0018235529
-0.01669856,-0.009005625,-0.05176528,-0.005133787,-0.0028167341,-0.00049411587,-0.0011224835,-0.0016153444,0.046940066,0.0047233305,0.38670254,-0.13278213,-0.009794638,-0.0028246152,0.019300532,-0.012760326,-0.037752952,-0.005861124,0.062430553,-0.0032630097,0.015477885,-0.006822818,-0.00047153694,-0.00069895055,0.00011516501,-0.004667455,-0.011555948,0.72725123,0.012199228,0.03241117,0.0074932086,-0.013307843,-0.011932109,0.0016281297,0.00060245383,-4.3017906e-05,0.00024643098,0.0015171391,-0.021682825,0.0016097948,0.0012760203,2.7091002e-05,-0.014383022,-0.022910543,-0.0038590159,-0.001672717,0.010369846,0.023958419,0.02524014,0.00014195716,-0.00662855,-0.003074775,0.0,0.0,0.0,0.0,0.0,0.009110083
-0.054988913,-0.029480226,-0.035922606,-0.003350073,-0.00036081628,-0.0013335238,-0.0014551117,-0.014720827,-0.062070508,0.04655019,-0.14673147,-0.066601954,0.010026977,-0.0036005739,-0.014725639,-0.0235066,-0.023591753,-0.0070169843,-0.040405303,-0.0047363476,-0.022441385,-0.003198078,-0.0011567132,0.0026395828,-0.0010285787,-0.0014101388,0.0032588558,-0.43877536,0.003393772,-0.1664182,-0.00978819,-0.076740086,0.013860076,-0.0040718415,0.030450638,-2.1212018e-05,0.0006916041,0.011223649,-0.022290211,-0.0031677512,-0.00031497396,-3.1204538e-05,-0.0047799298,5.2354626e-05,-0.005241598,-0.0020769013,-0.013499706,-0.0016720626,-0.043295443,0.00011025648,-0.019577645,-0.0046703997,0.0,0.0,0.0,0.0,0.0,0.0002621764
-0.021091182,-0.0049004857,-0.008459045,-0.009892652,-0.00013411736,-0.0015288831,3.379644e-05,-0.00253101,-0.067432515,-0.011739898,-0.15948859,-0.059815384,-0.005043608,-0.002993608,-0.018260902,-0.0020610953,-0.04420823,0.0006040339,-0.04163022,-0.008114111,-0.02902603,-0.0028814324,-0.0007573092,0.002961952,-0.0022128706,-0.0014573301,0.003995206,-0.4936285,0.0036376761,-0.20065299,-0.009484938,-0.054199383,-0.02326561,-0.011939628,-0.058181208,4.0698615e-06,-0.00024919154,-0.032294344,-0.0127777085,0.00017934754,-0.0004454099,-3.1204538e-05,-0.004008565,5.2015064e-05,-0.005610117,-0.0020749012,0.008102417,-0.0033520733,-0.051462945,0.00011025648,-0.01938857,-0.0067742798,0.0,0.0,0.0,0.0,0.0,0.00016343362
-0.053880278,-0.016478574,-0.049058452,-0.009844843,-0.0002911717,-0.0051132124,-0.0006187449,-0.001671104,-0.05545379,-0.021684356,-0.12200408,-0.06245116,-0.0037538535,-0.003600451,-0.01639978,-0.008217338,-0.023871573,0.0005470746,-0.03167756,-0.0147152,0.043664943,-0.0033044594,-0.0014194514,0.003112484,-0.0009305522,-0.00097021833,-0.019640287,-0.46706042,0.005435715,-0.0487054,-0.019507475,-0.03493979,-0.02510876,-0.007058248,-0.054046184,9.84791e-06,-0.00013907746,-0.00528413,0.011162617,0.00075568265,-0.0004454099,-3.1204538e-05,-0.0020216822,5.216097e-05,-0.0042102155,-0.0015178084,0.01688791,-0.010782721,-0.08605978,0.00014449468,-0.039033603,-0.007866306,0.0,0.0,0.0,0.0,0.0,-0.0015150168
-0.009332963,-0.04402009,-0.023722976,-0.02156423,-0.00121798,-0.0017581023,-0.0033412515,-0.01875267,-0.043660622,-0.0072628586,-0.11292464,-0.038006272,-0.11825402,-0.0053304313,-0.011135777,-0.038707774,-0.2627206,0.0027148912,-0.029611753,0.00224819,-0.019521885,-0.0015634971,-0.013743057,0.004776531,0.0012884303,-0.0010195334,-0.08915142,0.6130791,0.012190493,-0.005041258,-0.0024328334,-0.083715,-0.017128231,-0.002059534,0.021049539,-4.3017906e-05,0.0010705953,0.002672551,-0.026874896,-0.0019091774,-0.00046330635,-4.650451e-05,-0.00093389524,9.3742485e-05,-0.002968361,-0.00099348,-0.009838336,0.010928371,-0.08931594,0.00014414289,0.015937233,0.00283081,0.0,0.0,0.0,0.0,0.0,0.004102577
-0.008012509,-0.05514235,-0.044966448,-0.021239147,-0.0018943475,-0.005232299,-0.0005320679,-0.0023925754,-0.0631332,-0.006225884,-0.12522373,-0.06634424,-0.09673786,-0.00393153,-0.01584228,-0.023188116,-0.00842991,0.0006799825,-0.039743073,-0.02580518,0.01857902,-0.00345098,-0.0034690483,-0.012303491,-7.3715346e-05,-0.000986623,-0.014378048,-0.38132516,-0.027809115,0.047796626,-0.00603757,-0.018835275,-0.0153626455,-0.012067841,0.05972067,-3.5641548e-05,0.0009832537,0.005830654,0.027506618,0.00027728177,-0.00015730408,-1.4589201e-05,-0.0015499999,5.2215473e-05,-0.004951392,-0.0018162855,0.012564197,-0.018687963,-0.041523308,-0.0049969456,0.0012634035,-0.02136274,0.0,0.0,0.0,0.0,0.0,-0.003756173
0.0069093774,-0.00827155,0.017272435,-0.01653695,0.008507605,0.01903478,-0.0015760958,-0.0031816594,-0.058754306,-0.0049833846,-0.11602116,-0.06444835,0.01875063,-0.0027963687,-0.016837427,-0.017218694,-0.086933196,-0.031376813,-0.0291868,-0.039595343,0.012521319,-0.0013043991,-0.0015198325,0.006113853,4.9339935e-05,-0.0015867305,-0.023390038,-0.27234316,0.007210581,0.046651527,-0.0046810824,0.0011062342,-0.016435953,-0.027590904,0.07097105,-2.1212018e-05,0.003668737,-0.07837135,-0.023021027,-0.0014214366,-0.0001429795,-0.00025385653,-0.0042689675,3.9022703e-05,-0.003902547,-0.0013004111,-0.017017812,-0.0521804,-0.0030665514,0.00020052299,0.015347685,0.004796823,0.0,0.0,0.0,0.0,0.0,-0.00816523
-0.00426947,-0.020486638,-0.03972718,-0.011185098,-0.0028088577,-0.0019431795,-0.0005457753,-0.0033488926,-0.059679445,-0.017286573,-0.116705425,-0.06379272,-0.00023489117,-0.005532281,-0.016259298,-0.023238806,-0.053731672,-0.015223188,-0.033981275,-0.04238018,-0.004090617,-0.0012321837,-0.0018993424,-0.025833132,0.00028113782,-0.00089718576,-0.012715616,-0.4165809,0.01937003,0.07729383,0.0077082096,0.029501902,-0.028074881,-0.0054021273,-0.02979856,-5.132708e-05,0.0011464878,-0.0020912257,0.0066789826,0.00015960819,-0.0001429795,-0.0005340816,-0.0011353274,6.4703745e-05,-0.004499467,-0.0012295655,-0.024869867,0.020683076,0.028104553,0.00038837726,0.0016790653,0.0024761828,0.0,0.0,0.0,0.0,0.0,-0.0021797225
0.0017039006,-0.04053389,-0.032253895,-0.0195943,-0.0020482466,-0.0021612009,-0.0014926242,-0.004496453,-0.06349516,-0.048509452,-0.1346005,-0.06462144,-0.038864553,-0.004823595,-0.016100384,-0.030924015,-0.11320749,-0.007868702,-0.03989937,-0.042001832,-0.06558496,-0.0025359874,-0.0030280415,-0.008434781,-0.00023243253,-0.00099881,-0.015423365,-0.31218344,-0.022063432,0.056137927,0.006793484,-0.03267019,-0.023657842,-0.009998721,-0.012913971,-2.1212018e-05,0.00070304144,-0.044651024,-0.024004469,-0.003161034,-4.2426866e-05,-1.7136434e-05,-0.0012183206,4.266856e-05,-0.016042987,-0.004158268,-0.017395437,-0.010573213,-0.06375178,0.0003303469,-0.04578699,-0.0033739111,0.0,0.0,0.0,0.0,0.0,-0.0028487341
-0.014802681,0.004513832,-0.049510404,0.0005063132,-0.0012699832,-0.0017897025,-0.0005518013,-0.0038573728,-0.05117845,0.02527242,-0.099200495,-0.066031314,0.016384842,-0.0033644259,-0.016593657,0.0066031753,-0.03832312,-0.014465639,-0.026465835,-0.0031479502,-0.002534878,-0.0024693354,-0.000664561,-0.013256156,0.0005163911,-0.0011839266,-0.014392469,-0.41090408,0.020418365,0.098337,0.026768768,0.030228792,-0.047405027,-0.006706802,-0.023597328,-2.1212018e-05,-0.00018980386,-0.0006329255,0.0045430716,6.858068e-06,-0.00060442055,-3.1204538e-05,-0.0013058747,5.7415116e-05,-0.004645894,-0.0015256597,-0.019263031,-0.05275727,-0.016109321,0.00023066493,-0.006152243,0.0019613577,0.0,0.0,0.0,0.0,0.0,-0.0109199025
-0.059045628,-0.017000183,-0.0319254,-0.017469645,-0.007577194,-0.0016813474,-0.0011805056,-0.005779426,-0.063766554,-0.020514572,-0.14735517,-0.058606282,-0.08763941,-0.0043774094,-0.017946815,-0.008794816,-0.022808991,0.0008301682,-0.04530076,-0.010516325,-0.02284264,-0.0032107409,-0.0028396416,0.0029454187,-0.0013197721,-0.0014234901,0.0065570315,-0.39007795,0.0036221938,-0.21646006,-0.002192714,-0.0463498,-0.02984682,-0.00884346,-0.05517378,9.84791e-06,-0.0003882372,-0.008297229,-0.007690508,0.0007216773,-0.0002523627,-2.2116697e-05,-0.0037599062,4.8095724e-05,-0.00480854,-0.0018584953,-0.01486866,-0.00056472886,-0.021415565,0.00013920275,0.00884905,0.0028906262,0.0,0.0,0.0,0.0,0.0,-0.00029236983
-0.03861792,-0.008247085,-0.03590221,-0.0159112,-0.0015114761,-0.00089896616,-0.0011625648,-0.004067074,-0.062468376,-0.028644955,-0.17007056,-0.0637259,-0.00090500904,-0.0030411165,-0.016959416,-0.0034248556,-0.020891014,-0.015049616,-0.042266596,-0.008644178,-0.025373006,-0.0026566351,-0.0015210311,0.0028862143,-0.0013124382,-0.0014885938,0.0054678926,-0.48073554,0.0052943164,-0.18598841,-0.010242339,-0.019595467,-0.053028293,-0.010072589,-0.05045204,9.84791e-06,-0.0003882372,-0.0073026125,-0.021867095,-0.0053418498,-0.0001429795,-3.1204538e-05,-0.004438676,5.227889e-05,0.028541405,0.008443061,-0.011552248,-0.0031871242,-0.061814297,0.00011098173,-0.015741797,-0.005375682,0.0,0.0,0.0,0.0,0.0,-0.00018344977
-0.06482353,-0.020300679,-0.047801122,-0.023654211,-0.00022743251,-0.0018372014,-0.00068534916,-0.003707805,-0.0584206,-0.02060126,-0.12844503,-0.059210993,0.0046399133,-0.0053336853,-0.01782927,-0.027874341,-0.04371845,0.0010456205,-0.03449711,-0.019792996,0.012044993,-0.0033338533,-0.0015865194,0.0035487658,-0.0009306387,-0.0009736551,0.0038750388,-0.45446596,0.005403748,-0.26037082,-0.008399209,-0.011852118,-0.027023477,-0.009177193,-0.06008322,9.84791e-06,-0.00033751084,-0.008441243,-0.007109885,0.00069173216,-0.0004454099,-3.1204538e-05,-0.0033037688,5.439317e-05,-0.0049645044,-0.0015588846,0.01075832,-0.0038600669,-0.004973715,0.0001353065,0.008598842,0.002660426,0.0,0.0,0.0,0.0,0.0,-0.0016519595
0.0028618113,-0.004505703,0.013993642,-0.0033361684,-0.00082560896,-0.0013649508,-0.0012373539,-0.0016844285,-0.050662555,-0.022925468,-0.11360457,-0.058647987,0.0078042587,-0.0045570903,-0.015323818,0.036631398,0.044316202,0.0012012287,-0.02894269,-0.007949847,-0.021816531,-0.0033369286,-0.00089217024,0.0031851158,0.00031621725,-0.0014144419,-0.010919127,-0.40275738,0.0032585526,-0.009958219,-0.009759063,0.11057174,0.014373779,-0.011319299,-0.042793296,9.84791e-06,-1.9720406e-05,0.0019305504,-0.011613619,-0.001629821,-0.0003925698,-3.1204538e-05,-0.0021240178,4.8641996e-05,-0.0034239674,-0.0013336278,0.025535207,-0.0041555422,-0.104719795,0.00014839093,-0.04702335,-0.0105307195,0.0,0.0,0.0,0.0,0.0,-0.0003118239
-0.03258811,-0.013441387,-0.052666694,-0.008359466,-0.00032586235,-0.0013008392,-0.0017609965,-0.0026358787,-0.055643734,-0.027991254,-0.115950525,-0.059079133,0.003126795,-0.0047288933,-0.01737973,-0.027742473,-0.10512644,0.0006593143,-0.033526838,-0.012054479,-0.009295132,-0.003373457,-0.0022292712,0.0033627867,-0.00074899086,-0.00092733,0.0049287425,-0.43151897,0.005285413,-0.24846572,-0.008600194,-0.082963176,0.018393897,-0.0062692235,-0.04174191,9.84791e-06,-0.00015628952,-0.0011902193,-0.013483765,8.847295e-05,-0.0004454099,-3.1204538e-05,-0.0033716029,4.8356596e-05,-0.003969634,-0.001345958,0.0074392147,-0.0023788163,-0.0060603353,0.0001353065,0.007728328,0.0024513572,0.0,0.0,0.0,0.0,0.0,-0.0023995705
-0.014517577,-0.0065003126,-0.052475777,-0.011203403,-0.00047071656,-0.0023252608,-0.0006967687,-0.00250783,-0.055239867,-0.009601814,-0.12804651,-0.06219951,0.00753566,-0.0042820727,-0.013650607,-0.007450044,0.0003783535,0.0017768699,-0.03540421,-0.006964258,0.009362403,-0.0023178314,-0.0017088818,-0.051739816,0.0007615208,-0.00097021833,-0.007209687,-0.4650769,0.006675146,0.015759174,-0.0147934565,-0.001801509,-0.017869217,-0.020413712,-0.03384104,-3.5641548e-05,0.0013274893,-0.041460134,0.0012348521,0.00033199316,-0.0002523627,-1.4676903e-05,-0.002334858,5.4515207e-05,-0.004878452,-0.0017683507,-0.022210538,-0.017205315,-0.04395226,0.00035566732,0.024621611,0.007379364,0.0,0.0,0.0,0.0,0.0,-0.0033694343
-0.01311582,-0.078356415,-0.081529774,-0.04970153,-0.0002644639,-0.0010802461,-0.0012685884,-0.0041644615,-0.031732704,-0.028355129,-0.087482035,-0.056748416,0.01476151,-0.001553569,-0.011937709,-0.047419928,-0.030937552,0.005227239,-0.022868447,-0.0010899862,0.002716111,-0.0032682822,-0.001610751,0.010632568,0.005020652,-0.0008850699,0.026216077,0.8285867,0.005862614,0.044760168,-0.015575878,-0.051495172,-0.039866295,-0.011211519,-0.03441397,3.1849137e-05,-0.00013903546,-0.04085452,-0.01933181,0.0013900226,-0.004243481,-8.4985644e-05,-0.0016471336,0.00017491076,-0.002849733,-0.0009606589,0.0032557396,0.0142525425,0.040253624,0.0003820315,0.035669122,0.008967166,0.0,0.0,0.0,0.0,0.0,0.0023267358
0.027711824,-0.016706487,-0.00991567,-0.020819245,-0.0016457663,-0.0014034482,-0.0010445182,-0.0034624243,-0.06384901,-0.04191057,-0.1953285,0.007960999,-0.016553003,-0.005612349,-0.017211314,-0.015957989,0.016869992,-0.0066326833,-0.059869245,-0.01336545,-0.014962289,-0.0034948175,-0.002121766,0.003519295,0.0010548005,-0.0015974906,0.005159902,-0.446681,0.006056742,-0.2416992,-0.003647559,-0.07163679,-0.046817534,-0.009896113,-0.043133646,2.4406687e-05,-0.0004022981,-0.021884505,-0.016480837,0.0010851336,-4.8725895e-05,-1.8414214e-05,-0.0016243046,-0.0029592654,-0.020507785,-0.009453712,-0.011076391,-0.0026160376,-0.00027117832,0.00013992799,0.009727931,0.0046632346,0.0,0.0,0.0,0.0,0.0,-0.00039043112
0.004487688,-0.04343544,-0.018872581,-0.027644273,-0.0018027227,-0.0012114802,-0.0010133605,0.008255825,-0.065604,-0.030602027,-0.18913823,0.003414269,-0.094742864,0.0149694495,-0.01492263,-0.04117816,-0.002425663,-0.01781234,-0.06945924,-0.02773531,0.005347895,0.008953375,-0.006713414,-0.008500719,-0.00013251555,-0.0010077417,-0.018360892,-0.38182238,-0.021232296,0.041311212,-0.006579413,-0.06817324,-0.0123566305,0.0052075456,-0.025074024,-3.5641548e-05,0.00060008845,-0.050891586,-0.03367959,-0.003926973,-7.591375e-05,-1.2135975e-05,-0.001321307,4.1469943e-05,-0.02532881,-0.008060896,-0.020695958,-0.00378951,-0.02594141,-0.0049969456,0.007720648,-0.020479187,0.0,0.0,0.0,0.0,0.0,-0.002153283
-0.020442348,-0.019144272,-0.04023527,-0.013241791,-0.0025844034,-0.0008086182,-0.0017688096,-0.0057180324,-0.052690554,-0.03353944,-0.11772967,-0.07058255,-0.09612479,-0.0044150446,-0.011556633,-0.030303631,-0.029723536,-0.012117984,-0.036662012,-0.0010557129,-0.017944971,-0.003526874,-0.0017842902,0.0033883383,-0.011191173,-0.0014879169,-0.014239124,-0.3511524,0.0091500785,0.07624512,0.005607787,0.011295052,0.008358131,-0.0033922277,-0.012861052,-3.5641548e-05,0.00035906676,-0.0028568008,-0.02322638,-0.002488263,-0.0007974678,-1.8414214e-05,-0.0016550468,5.069592e-05,-0.0032679248,-0.0012342863,0.011088426,-0.014019908,-0.031122122,0.0003845382,0.014228378,0.0026909134,0.0,0.0,0.0,0.0,0.0,-0.0022857124
-0.042211447,-0.019151712,-0.04634963,-0.017745154,-0.00013411736,-0.0015277446,-0.00069219957,-0.002476718,-0.06386916,-0.010939067,-0.14411636,-0.059807967,-0.0040424126,-0.003074086,-0.01757727,-0.021005476,-0.040036727,0.0004592188,-0.03721214,-0.005245601,-0.02091895,-0.0030999172,-0.0011502884,0.0027381054,-0.0017249719,-0.0010401834,0.0034561493,-0.4940204,0.0053518154,-0.19385257,-0.016364612,-0.027507225,-0.016143853,-0.01338576,-0.04903452,4.0698615e-06,-0.00033751084,-0.027336864,-0.009938639,0.00060894026,-0.0004454099,-3.1204538e-05,-0.004008565,4.8937974e-05,-0.004709749,-0.0017342787,0.0076638926,-0.0038038285,-0.05579893,0.00011025648,-0.020528669,-0.0045941086,0.0,0.0,0.0,0.0,0.0,-0.00030899863
-0.025231794,0.0016884861,-0.0022567767,-0.006755775,-0.00059174735,-0.0018190346,-0.0007053645,-0.0019945654,-0.045658536,-0.014412961,-0.106468804,-0.058803212,-0.0071296394,-0.004865755,-0.016699934,0.0034097917,-0.022583393,0.00072310126,-0.029760867,-0.008896693,0.008182267,-0.0034402069,-0.0009637381,-0.011124465,-0.00026619242,-0.001353525,-0.009182866,-0.4512692,-0.028117042,0.10371672,0.015355018,0.04013594,-0.024908496,-0.011679691,-0.054022115,2.4406687e-05,-5.0758128e-05,-0.0054823984,-0.014273618,-0.002281364,-0.0004454099,-1.8414214e-05,-0.0013224352,4.8328413e-05,-0.0042337985,-0.0017160983,0.020102775,-0.01898289,-0.009743597,0.00032909148,-0.002669197,-0.002747684,0.0,0.0,0.0,0.0,0.0,-0.0029260367
-0.003459067,-0.007945653,-0.07933783,-0.007924231,-0.0013003589,-0.0066183456,-0.0011319845,-0.0016835565,-0.056841053,-0.008167086,-0.1183048,-0.05724671,0.010060679,-0.0017834223,-0.013327206,-0.0019464877,-0.026636597,0.0009413368,-0.032852054,-0.0047551985,-0.0037843888,-0.0023050494,-0.0011137212,0.0048445435,0.00040471065,-0.0011574477,-0.023458548,-0.35684958,0.004057858,0.02727675,-0.010067094,0.022217665,-0.021071458,-0.03831262,0.022516642,-2.1212018e-05,0.0006312089,-0.08560655,0.0025973453,-0.00060116925,-0.00019952259,-2.229474e-05,-0.0034571802,-0.0034935682,-0.004781391,-0.0015964847,-0.038012736,0.004286966,-0.045309942,0.00035566732,0.032537267,-0.006880184,0.0,0.0,0.0,0.0,0.0,-0.0025575995
-0.018601393,-0.007940286,-0.0023951218,-0.015234881,-0.00032290927,-0.0017319878,-0.0005430223,-0.0032039583,-0.058198266,-0.0070097474,-0.14008619,-0.058247585,-0.0052111926,-0.004368706,-0.014597184,-0.0043564276,-0.0074871113,0.0015044167,-0.03655536,-0.0078052003,0.0048029334,-0.002749769,-0.0005796279,0.011753839,0.0013253968,-0.001353525,0.008067879,-0.4838158,-0.013043273,-0.0040372126,-0.0098342635,0.009041453,-0.01573309,-0.012043314,-0.0344224,-3.5641548e-05,-0.00024919154,-0.042579815,-0.013513879,-0.0014720352,-0.00015730408,-1.8414214e-05,-0.002059325,5.384277e-05,-0.004450699,-0.0018601405,0.015400637,-0.015762173,-0.0650826,0.00014839093,-0.037456814,-0.012644982,0.0,0.0,0.0,0.0,0.0,-0.002626497
-0.07001011,-0.028112112,-0.024794156,-0.02607683,-0.0012253838,-0.0013234995,-0.0012026611,-0.015228073,-0.066265136,0.014037058,-0.15392767,-0.064526215,-0.07901638,-0.0033277224,-0.0160994,-0.04472374,-0.033814445,-0.00749213,-0.04199418,-0.00207283,-0.03313797,-0.0031445732,-0.0007285583,0.0025610807,-0.001171134,-0.001354032,0.004007796,-0.45537528,0.0036429898,-0.15599392,-0.010127217,-0.029803177,0.016126446,-0.0045686834,-0.017891794,-5.132708e-05,-0.00020701592,0.0019073222,-0.008988183,0.0006331506,-0.00016557294,-3.1204538e-05,-0.0040263026,6.0011527e-05,-0.0038377328,-0.0024548057,-0.011734759,-0.0035481872,-0.048145015,0.00011098173,-0.014402819,-0.004367704,0.0,0.0,0.0,0.0,0.0,-0.00010593873
-0.02732359,-0.008239775,-0.03166975,-0.011821011,-0.0021063846,-0.00018127759,-0.00064528245,-0.0032658577,-0.06640607,-0.016465586,-0.15101461,-0.06507562,-0.0010360037,-0.001866119,-0.014691985,-0.008455358,-0.048643667,-0.0145534165,-0.04240797,-0.0149874,-0.031078327,-0.002039352,-0.0011919745,0.0035199195,0.0007564516,-0.0009696533,-0.0018233876,-0.43329862,0.0044422653,-0.22048673,-0.009048262,-0.013607938,-0.04631251,-0.03454665,0.024452282,-2.1212018e-05,0.0011642551,-0.077387616,0.02387588,0.00030672937,-0.00021991535,-2.229474e-05,-0.0035690607,7.079865e-05,0.037662845,0.007199658,0.0032734633,-0.016568312,-0.042861566,0.00014045814,0.011970816,-0.0058292556,0.0,0.0,0.0,0.0,0.0,-0.0025960908
-0.024688892,-0.028235774,-0.002146902,0.0011154258,-0.0072774882,-0.0014264106,0.00013660429,-0.0058250553,-0.06126394,-0.01771564,-0.14647384,-0.058651663,-0.079915725,-0.004123697,-0.017480401,-0.0050180657,-0.016789535,0.00091279094,-0.042112585,-0.007518455,-0.0060407915,-0.0034410611,-0.0022951649,0.003559173,-0.0014439984,-0.0013569618,0.0035003829,-0.39280406,0.0040082084,-0.26183107,-0.010124803,-0.07944683,-0.026957685,-0.010835867,-0.06460882,9.84791e-06,-0.00024919154,-0.009961619,-0.01552997,-0.0043804557,-0.0004454099,-2.2116697e-05,-0.0036946794,4.8356596e-05,-0.004374815,-0.0017993316,0.010107843,-0.0011921746,-0.02189052,7.4976095e-05,0.0052181417,0.0020333747,0.0,0.0,0.0,0.0,0.0,-0.00013388213
-0.023366991,-0.024560751,0.0017761977,0.014013289,-0.0074764662,-0.001441536,-0.00016434242,-0.0058250553,-0.0607714,-0.01771258,-0.14392126,-0.058579717,-0.082125776,-0.004123697,-0.01742989,-0.0054623242,-0.02518274,0.0009270341,-0.042336397,-0.007662274,-0.004910568,-0.0034078497,-0.0022951649,0.003559173,-0.0013315813,-0.0013569618,0.0034902603,-0.38919392,0.0040116874,-0.25893256,-0.007586012,-0.08004579,-0.03086854,-0.010606375,-0.06368557,9.84791e-06,-0.00024919154,-0.008634933,-0.015372835,-0.0043804557,-0.0004454099,-2.2116697e-05,-0.0036926062,4.8356596e-05,-0.004374815,-0.0017675153,0.010228498,-0.0011021472,-0.0065540364,7.4976095e-05,0.005976897,0.0020971247,0.0,0.0,0.0,0.0,0.0,-7.9296275e-05
-0.008610092,-0.039608676,-0.060109247,-0.02524176,-0.0034872098,-0.0018933798,-0.00051164906,-0.0062772934,-0.05925084,-0.00946868,-0.12173908,-0.05465019,-0.07709665,-0.0032070617,-0.016219173,-0.031817734,-0.011678137,-0.008183396,-0.0442193,-0.02839762,-0.03093211,-0.002880786,-0.0031911964,-0.013308963,-0.00033273094,-0.0009679733,-0.020119522,-0.39059365,-0.019837614,0.050766125,-0.004630944,-0.036327872,-0.017798923,-0.01652334,0.021396114,-3.5641548e-05,0.0011464878,-0.04938154,-0.029612156,-0.002997585,-9.0139394e-05,-1.4589201e-05,-0.0016823581,4.1199935e-05,-0.005253274,-0.0018654864,-0.015149325,-0.015706826,-0.016024908,0.0003833985,0.028092956,0.0044557233,0.0,0.0,0.0,0.0,0.0,-0.0022515946
-0.004840787,-0.040355444,-0.021815514,-0.025675032,0.008939102,0.006470321,-0.0053669414,0.009158056,-0.06337076,-0.040995836,-0.11663939,-0.064063355,-0.062325228,0.008143944,-0.018072778,-0.030493647,-0.105505034,-0.03884011,-0.04107805,-0.031932946,-0.02820193,-0.0010828146,0.015494744,-0.009730505,-0.00011733736,-0.0010953153,-0.013383132,-0.27296266,-0.02209224,0.05883742,0.00536573,-0.043185372,-0.017081387,0.0046071988,-0.027755788,-1.687239e-05,0.0006389818,-0.040473815,-0.028450413,-0.0035140205,-5.6751454e-05,-0.00014657131,-0.0017490783,4.248348e-05,-0.01820536,-0.0025666642,0.008806657,-0.006410668,-0.012804151,-0.0050442456,0.02843107,-0.021169338,0.0,0.0,0.0,0.0,0.0,-0.0027720176
-0.0031366148,-0.005496927,-0.00061992503,-0.009015477,-0.000538387,-0.0017707672,-0.0014809914,-0.0031910546,-0.050675992,-0.022050284,-0.116325274,-0.05899387,0.0127769215,-0.004975291,-0.015183894,0.05994512,0.038084146,0.0019569292,-0.028538167,-0.0020505448,-0.008523147,-0.0028671436,-0.0005901821,-0.05258392,0.0006649318,-0.0014144419,-0.010998167,-0.4223249,0.004635328,0.02908755,-0.008594848,0.09038316,0.015308005,-0.007060588,-0.022117943,9.84791e-06,-0.0003285103,0.0085283015,-0.01452443,-0.0024471942,-0.00019952259,-3.1204538e-05,-0.0023105992,5.2354626e-05,-0.0035350858,-0.0017504083,-0.03395221,0.0020890385,-0.044306364,0.00035956356,0.0269833,0.010720812,0.0,0.0,0.0,0.0,0.0,0.00038649692
-0.011069133,0.007135485,-0.019892208,-0.025386084,-0.0034338508,-0.00053003675,-1.3900364e-05,-0.011651115,-0.026620017,-0.06060365,-0.09605053,-0.053536043,-0.06485469,-0.024236603,-0.013831266,-0.002282493,0.0168811,-0.015014648,-0.03434804,-0.0025610495,-0.011000522,-0.002588861,-0.0011884307,0.0088835,0.0003920409,-0.0009205973,0.016425805,0.8371272,0.0044292007,0.06615934,-0.011476222,-0.06627019,-0.022834446,-0.0074749594,-0.036923412,3.1849137e-05,-0.00016902713,-0.039934006,-0.021459075,-0.0033625655,-0.00029529835,-8.4985644e-05,-0.0011493894,0.00017645759,-0.0023561455,-0.00075590925,-0.006691095,0.015642053,-0.0077672647,0.000117572396,0.02384492,0.0065114885,0.0,0.0,0.0,0.0,0.0,0.002761269
-0.040422723,-0.019653458,-0.047224775,-0.002760944,-0.00031614306,-0.0012105466,-0.0014877107,-0.0038492333,-0.062048957,-0.027978873,-0.14443284,-0.060809918,0.00086343725,-0.004625629,-0.016291292,-0.018724376,-0.016884703,0.0006832107,-0.038848314,-0.0050309054,-0.02333993,-0.0029154003,-0.0011161603,0.0028934504,-0.0011019246,-0.0009938583,0.0038494805,-0.4746619,0.0036406154,-0.17585458,-0.009625314,-0.051394895,0.013850554,-0.0086284885,-0.030141836,-2.1212018e-05,0.0005283699,-0.008923552,-0.01216637,0.0004582949,-0.0003925698,-3.1204538e-05,-0.003933206,5.2615505e-05,-0.005290717,-0.0017898419,0.0073026186,-0.0011392077,-0.05877347,0.00011025648,-0.019471984,-0.0049028783,0.0,0.0,0.0,0.0,0.0,4.3739106e-05
-0.029912021,-0.012871861,-0.00469368,-0.019367388,0.0016842796,0.012522085,-0.00069200003,-0.0069154724,-0.066323265,-0.04189455,-0.15485983,-0.06647015,0.0021954104,-0.0058828075,-0.019183442,-0.0019578263,-0.013273841,-0.02060181,-0.041658625,-0.023046372,-0.0016631439,-0.002249097,-0.0012542806,0.0037690017,-0.0021707655,-0.0012843554,0.0013862195,-0.47505853,0.0056991605,-0.2388706,-0.004354405,-0.036019444,-0.028265545,-0.0052918317,-0.050032467,2.4406687e-05,-0.0013321742,-0.004286147,-0.023350129,-0.00489638,-0.0001429795,-0.00018149699,-0.0063052443,5.194954e-05,-0.0043548527,-0.001650582,-0.017418556,-0.0014420691,-0.01900031,0.00013661908,0.006517331,0.0036236546,0.0,0.0,0.0,0.0,0.0,-0.00066320697
-0.0212949,-0.0071135247,-0.051447988,-0.007911675,-0.00334863,-0.0012033505,-0.00066604593,-0.0030643493,-0.053681925,-0.0310654,-0.11512591,-0.06212486,-0.011229682,-0.004258097,-0.016081683,-0.004643726,-0.042505227,0.0013266559,-0.03191225,-0.010944701,-0.02041749,-0.0021351506,-0.00071221654,0.004877725,0.0005377559,-0.00090732635,-0.03035295,-0.48398682,0.004023479,0.05466121,-0.0031833758,0.025052536,-0.008780819,-0.0031792135,-0.021214373,4.0698615e-06,-0.00018980386,0.0012054268,0.0055751656,0.00023958232,-9.0139394e-05,-3.1204538e-05,-0.0013756698,6.7460685e-05,-0.0036692803,-0.0010123132,-0.017913152,-0.014768319,0.005947634,0.0003563926,0.028625652,0.0071937693,0.0,0.0,0.0,0.0,0.0,-0.00035134127
-0.038121223,-0.029009985,-0.004969069,-0.021464437,-0.00020745437,-0.0017606581,-0.00067311863,-0.0040989514,-0.060105916,-0.0212967,-0.14102978,-0.059536234,0.0042274785,-0.0053560296,-0.017852016,-0.025466166,-0.041673813,0.0005865091,-0.038959175,-0.002911549,-0.028466264,-0.0031577486,-0.0011320413,0.0037374133,-0.0014502369,-0.0013630802,0.008956141,-0.45362926,0.00367769,-0.26615325,-0.00032804115,-0.00041440534,-0.03156167,-0.008684157,-0.06730146,9.84791e-06,-0.0005097317,-0.008676109,-0.019091278,-0.0045282114,-0.00019952259,-3.1204538e-05,-0.0033000624,4.8381116e-05,-0.004504816,-0.0017590964,-0.011822557,-0.0029228767,-0.009677353,0.00013920275,0.012861248,0.002378112,0.0,0.0,0.0,0.0,0.0,-0.00040643927
-0.029483147,-0.005476894,-0.033071116,-0.0065296,-0.00027444368,-0.0014807,-0.00069168775,-0.0026187066,-0.065107524,-0.023714105,-0.15290427,-0.059067007,-0.0035619473,-0.0025849144,-0.018844042,-0.0025254062,-0.029862776,0.0007437723,-0.03645749,-0.009428307,-0.015051082,-0.0032412643,-0.0012899233,0.003045321,-0.0011019246,-0.0018859114,0.0009485354,-0.4552233,0.003664635,-0.17912152,-0.009893995,-0.05550074,-0.036811337,-0.007887429,-0.047441058,9.84791e-06,-0.00033751084,-0.0011121806,-0.0189363,-0.0045720977,-0.00010446398,-3.1204538e-05,-0.003983602,5.002578e-05,-0.0045947963,-0.0018122083,0.0051956126,-0.02120834,-0.05099184,0.00010002667,-0.016677143,-0.0050108465,0.0,0.0,0.0,0.0,0.0,-0.006606221
-0.003243667,-0.009070641,-0.0541797,-0.0070500546,-0.0014925356,-0.005571215,-0.0011041118,-0.0030274848,-0.054626063,-0.021299515,-0.12551625,-0.06354461,0.005976334,-0.0030785135,-0.0141579285,-0.0034389864,0.013689921,0.0015847239,-0.032580297,-0.010565637,-0.025432479,-0.002527418,-0.00072798756,0.0034636843,0.0005806,-0.0009390601,-0.015500336,-0.4213408,0.003203851,0.019604487,-0.010268863,0.06881862,-0.03005027,-0.00924014,-0.03334267,-5.132708e-05,-0.00013907746,0.0038183948,0.003303838,-0.00064552267,-0.00010446398,-3.1204538e-05,-0.003429374,-0.0034224805,-0.0045168158,-0.0014853214,0.025666328,-0.0012455239,-0.07585246,0.00014731483,0.034320887,-0.007840874,0.0,0.0,0.0,0.0,0.0,-0.002482858
-0.020651702,-0.0029910814,-0.029726721,-0.008650016,-0.0005105732,-0.0022292312,-0.0012061803,-0.0035354684,-0.063985944,-0.011271821,-0.15230797,-0.058729753,-0.00022328849,-0.0031423506,-0.015243614,-0.005603509,-0.03277894,0.00043554953,-0.041327614,-0.005235794,-0.018346567,-0.0023786656,-0.00090409245,0.0035459206,-0.001549894,-0.0010367465,0.0055130976,-0.46209368,0.0037253408,-0.24643229,-0.00997389,-0.059125457,-0.024086513,-0.030656377,-0.03287453,-2.1212018e-05,0.0013274893,-0.06018007,-0.0018610322,0.00012076206,-0.0002523627,-2.229474e-05,-0.0042945053,5.923866e-05,-0.0063797245,-0.0018970958,-0.015954519,0.00064355583,-0.04181888,0.00013812665,0.01346694,-0.004604191,0.0,0.0,0.0,0.0,0.0,0.00010536942
-0.07528335,-0.021021342,-0.0044775074,-0.012577309,-0.0019267519,-0.0007221336,0.00014017001,-0.005533653,-0.058296643,-0.0005235529,-0.123845145,-0.06370861,-0.04234389,-0.01042674,-0.017015835,-0.049056754,-0.009489087,-0.010431562,-0.035920244,-0.013495334,-0.03183935,-0.0038068949,-0.0008941629,0.002070088,-0.0017690684,-0.0016413743,0.0035797502,-0.44481614,0.0033224914,-0.16746879,-0.011476849,-0.048738744,0.015838047,-0.006276761,-0.028966315,9.84791e-06,-0.0003285103,0.001396517,-0.016505651,0.00074578763,-0.00031497396,-3.1204538e-05,-0.004275296,4.6294117e-05,-0.0027641288,-0.0017339041,-0.024772324,-0.03081906,-0.023111844,0.00010491154,0.0042414116,-0.0039540986,0.0,0.0,0.0,0.0,0.0,-0.007921876
0.058336884,-0.020122822,-0.0035863768,-0.005756101,-0.0020551847,-0.00069254177,3.048254e-05,0.0075041507,-0.059987422,0.07088769,-0.16600417,-0.015346172,-0.11291209,-0.0063205757,-0.01662473,-0.029369753,-0.0035779625,-0.0137195885,-0.055335622,-0.017589899,-0.032161616,-0.0038888892,-0.00184731,0.0023624941,-0.00014072005,-0.0018751182,-0.0030268882,-0.34959173,0.003404741,-0.19476777,-0.012739453,-0.021056559,0.016652577,-0.007946912,-0.012306261,-5.132708e-05,-0.00022129522,0.006319801,-0.014509348,0.00056053896,-0.00016557294,-3.1204538e-05,-0.0048059947,-0.0026845678,-0.0011358799,0.00015975411,-0.019684039,-0.050757192,-0.025008185,0.00010491154,0.0064424067,-0.003633314,0.0,0.0,0.0,0.0,0.0,-0.013959738
-0.014542982,-0.03872222,-0.022186637,-0.015354736,-0.00016866325,-0.0017632311,-0.007318377,-0.0037412085,-0.052937303,-0.016764006,-0.11422799,-0.062255934,0.006777211,-0.0036587962,-0.01622708,-0.02005141,-0.03574676,0.0020444628,-0.030706855,0.00057217194,-0.023595985,-0.0035978593,-0.00070199696,0.00875336,-0.010454346,-0.001651501,0.012858885,-0.35745543,0.0034922825,0.058187306,0.00039209894,-0.06756488,-0.01838076,-0.0068501728,-0.041616056,-5.132708e-05,-0.00024919154,-0.0064676125,-0.018941205,-0.0029672268,-0.0003925698,-3.1204538e-05,-0.0015993067,4.7969857e-05,-0.0036649837,-0.0017068362,0.0066676363,-0.061847016,-0.008393949,0.00020018163,0.02573762,0.005872022,0.0,0.0,0.0,0.0,0.0,-0.01477793
-0.013536289,-0.006800762,-0.036252875,-0.0044383877,-0.0023974068,-0.0010087249,-0.0006308021,-0.0027710963,-0.0626008,-0.018622564,-0.14874281,-0.06745125,0.005436944,-0.0046626474,-0.013043813,-0.0037200702,-0.00302483,-0.01158616,-0.040446594,-0.0071273884,-4.0907184e-05,-0.0023170002,-0.0011849471,0.0030213704,0.00041280634,-0.00089718576,-0.018739022,-0.48588273,0.0054376414,-0.049253657,-0.01745031,0.0057902434,-0.023787053,-0.021891473,-0.019331703,-3.5641548e-05,0.00046797475,-0.04580743,0.005142986,0.00066059356,-0.0007974678,-1.4676903e-05,-0.0022927835,6.0942428e-05,-0.0033672778,-0.0010168621,0.012573533,-0.018749958,-0.091574125,0.00014964634,-0.04112543,-0.01041152,0.0,0.0,0.0,0.0,0.0,-0.0025020556
-0.017536232,-0.0062030936,-0.063177526,-0.009895176,-0.00022770907,-0.0017746179,-0.0006967687,-0.0018236899,-0.06401965,-0.008284887,-0.15036699,-0.06000766,-6.874587e-05,-0.002727846,-0.015097896,-0.008575676,-0.045927312,0.0006192978,-0.040433414,-0.0063160406,-0.032919634,-0.002375453,-0.0013311345,-0.033909652,-0.0018219699,-0.001017287,0.0057712225,-0.43980032,0.004097968,-0.018866636,-0.009630571,-0.04436545,-0.01473009,-0.03037015,0.01887455,-2.1212018e-05,0.0013274893,-0.07033696,-0.017446745,-0.0033586654,-0.0002523627,-2.229474e-05,-0.0021894313,5.2069234e-05,-0.0044891615,-0.0016271152,-0.008457877,-0.006806794,-0.13566929,0.00014839093,-0.04445874,-0.012155069,0.0,0.0,0.0,0.0,0.0,-0.00070889096
-0.019061895,-0.0050495556,-0.000389084,0.0020579244,-0.0021078903,-0.0006617752,-0.0007045415,-0.0070499047,-0.06685437,-0.023221035,-0.16691884,-0.05507191,0.0027873192,-0.0051622353,-0.014308647,-0.0014690943,-0.031545073,-0.009699845,-0.046826545,-0.0073003806,-0.0072324304,-0.0024560278,-0.0018856251,0.0038567805,-0.0026471447,-0.0014645443,0.006209367,-0.48068765,0.004428833,-0.28474256,-0.006700445,-0.042178135,-0.027805205,-0.013986777,-0.034556378,-2.1212018e-05,-0.001071634,-0.016397562,-0.0153605575,-0.0031088258,-0.00050936197,-3.1204538e-05,-0.0034761636,5.8106256e-05,-0.003757349,-0.0014908427,0.0060922285,0.000107024665,0.0040977113,7.531746e-05,0.007753686,0.00358379,0.0,0.0,0.0,0.0,0.0,-0.0002267627
-0.026853658,-0.010448161,-0.039661787,-0.00088645925,-0.00067869364,-0.0013026875,-0.0008340728,-0.0026898892,-0.05367298,-0.029783811,-0.11666548,-0.06712743,0.0047488436,-0.00476152,-0.016297696,-0.01576986,-0.0052798325,0.00023153925,-0.033574123,-0.020823492,-0.0807065,-0.0033590465,-0.0015358123,-0.010189833,-0.0006952416,-0.0017028627,-0.018866444,-0.38321617,0.009403727,0.08952314,0.011950014,-0.08116902,0.0034085747,-0.0046616527,-0.01982436,-0.00012720705,-0.000108039676,0.00300255,-0.012686013,-0.002113964,-0.0003925698,-1.8414214e-05,-0.0017686062,4.633567e-05,-0.0032596514,-0.0012966469,0.0084450785,-0.043617312,-0.05379939,0.00030413485,-0.018448465,-0.0034160435,0.0,0.0,0.0,0.0,0.0,-0.013776329
-0.054860298,-0.019552197,-0.008410722,-0.021363452,-0.0014098705,-0.00065724744,-0.0003386483,-0.0063332566,-0.056374453,0.019395104,-0.13214672,-0.06562749,-0.082190774,-0.008026691,-0.013946636,0.016251246,-0.005136536,-0.010847347,-0.03927581,-0.012005292,0.009335916,-0.004026425,-0.0012075002,0.0019917893,-0.0021484788,-0.0013789145,0.002117358,-0.48803502,0.006519437,-0.17296337,-0.016031595,-0.06897991,0.055008516,-0.004611652,-0.040057685,2.4406687e-05,-0.0003285103,0.015979074,-0.014591135,0.00090300327,-0.00018529693,-1.8414214e-05,-0.003949873,5.1663206e-05,-0.0040529524,-0.0022523399,-0.018974999,-0.0038232035,-0.013970938,0.00011098173,-0.0084127365,-0.0052516214,0.0,0.0,0.0,0.0,0.0,-0.00016271518
-0.0031496119,-0.024596417,0.0011434078,-0.016659616,-0.0025308356,-0.0019513209,-0.0011748702,-0.00406599,-0.061682392,-0.028760314,-0.15024197,-0.05995206,0.001029052,-0.0033254498,-0.018301524,-0.015365985,0.01189422,-0.009928806,-0.035755392,-0.017083934,-0.020821122,-0.0025441549,-0.001039172,0.0035981692,0.00027302842,-0.001698117,-0.0074675772,-0.42273194,0.004344969,-0.22691785,-0.0017401696,0.035528738,-0.04609953,-0.010355779,-0.047261957,9.84791e-06,-0.0013321742,-0.0033754245,-0.009484795,-1.630008e-05,-9.0139394e-05,-3.1204538e-05,-0.0037373411,4.88051e-05,-0.004948687,-0.0017124346,-0.03338753,-0.03333663,-0.006829812,0.00010491154,0.0069502452,0.0025074813,0.0,0.0,0.0,0.0,0.0,-0.0073832283
0.08188638,-0.02792557,0.000952837,-0.0074681262,-0.0012081134,-0.0006637047,-0.004993349,-0.006965457,-0.057251435,0.029213015,-0.16280834,0.011557941,-0.098828904,-0.008492131,-0.019491106,0.0016376469,-0.030299246,-0.058114156,-0.057915956,-0.02043654,-0.011823264,-0.0044551655,-0.0012778317,0.0024330532,-0.00043308,-0.0012446281,0.0031548946,-0.3632519,0.00434897,-0.23032759,-0.009173438,-0.07198281,-0.057789326,-0.006574464,-0.04306589,1.2943177e-05,-0.00016395567,-0.021837013,-0.007877002,0.0012602258,-0.00037834415,-0.00018149699,-0.0033498588,4.1089406e-05,-0.0033536486,-3.7144215e-05,0.005109975,0.0027343454,0.0139603615,0.00013661908,0.005292706,0.0037879776,0.0,0.0,0.0,0.0,0.0,0.000121175966
-0.034661,-0.022543425,-0.02977078,-0.014737318,-0.001751606,3.663412e-05,-0.0014499443,-0.0039467374,-0.05420267,-0.0028232913,-0.116542995,-0.06974042,-0.086784184,-0.0032040486,-0.013305242,-0.026951341,-0.012727247,-0.01658165,-0.034628537,-0.014415512,-0.007884294,-0.0027389002,-0.0013627096,-0.047175046,-0.00021584841,-0.00085403,-0.0017790988,-0.4622245,0.0063932305,-0.0074261664,-0.017275954,-0.057538606,0.012698929,-0.0069306744,-0.014686938,-5.132708e-05,-0.00020701592,-0.003522903,0.020473687,0.00053914596,-0.00060442055,-3.1204538e-05,-0.0022232546,5.923866e-05,0.02007537,0.010808781,-0.011200552,0.0030557078,-0.02429696,0.000360819,0.017019967,-0.009298585,0.0,0.0,0.0,0.0,0.0,0.0006725266
-0.021409595,-0.00089247274,-0.006661426,-0.017273152,-0.0017807565,-0.0028864208,-0.0005953657,-0.0048500923,-0.060046747,-0.023253664,-0.14032896,-0.06436622,-0.056592997,-0.003988643,-0.016952628,-0.016496139,-0.042677183,0.0011779984,-0.035866436,-0.021487515,-0.02737802,-0.0029418655,-0.0015153221,0.0044064713,-0.002106147,-0.0016602387,-0.0382718,-0.377004,0.005216787,0.0368352,-0.0022951006,-0.04385926,-0.025390116,-0.008454635,-0.060052816,-5.132708e-05,0.003668737,-0.0072431974,-0.009814623,-0.00045887398,-9.0139394e-05,-2.2116697e-05,-0.0014628374,5.0700917e-05,-0.0045605362,-0.0018501376,-0.016584791,-0.0653992,-1.8786348e-05,0.00020310665,0.02030492,0.0060811047,0.0,0.0,0.0,0.0,0.0,-0.026166836
-0.013890281,-0.008267994,-0.039592095,-0.0036478082,-0.0013315075,-0.0030842633,-0.00051713374,-0.0041118,-0.055817585,-0.021512479,-0.12727308,-0.064081565,0.0041029262,-0.0030893225,-0.015695078,-0.01227062,-0.011710335,0.00093630893,-0.033924613,-0.00895981,-0.03524688,-0.0018731345,-0.0012886329,-0.015684593,-0.00014620443,-0.0009512346,-0.0230015,-0.4989703,-0.022334583,0.07322693,-0.003873137,0.01441163,-0.021107117,-0.008812595,-0.03365138,-0.00012720705,-0.00018980386,0.0006317877,-0.019308224,-0.0020479711,-9.0139394e-05,-1.8414214e-05,-0.0011372862,5.787579e-05,-0.0051319576,-0.0016376917,-0.018594323,-0.015516511,-0.02695357,0.00038604575,0.022773476,0.002986474,0.0,0.0,0.0,0.0,0.0,-0.0026264344
0.09620904,-0.00018752404,-0.045062073,0.0029730606,-0.0016929033,-0.0008678744,-0.0006654091,-4.7923837e-05,-0.054216057,0.1212051,-0.10664801,-0.06246799,0.053699646,-0.0013175167,-0.015052187,0.0131262485,-0.04584362,-0.014223834,-0.029233351,-0.01612703,-0.0010593059,-0.0029865205,-0.0021813537,0.0021525524,0.00021985036,-0.001097516,-0.008102948,-0.40794557,0.0049487446,-0.0634692,-0.019493008,-0.026460769,0.038170427,-0.0015779441,-0.047215547,9.84791e-06,-9.834125e-05,0.0065072486,0.00039225817,0.0010064419,-0.00037834415,-3.1204538e-05,-0.0022256915,5.6281806e-05,0.0005228231,-0.000108011656,0.0091677625,-0.011808902,-0.06442668,0.00014521994,-0.039836425,-0.009808784,0.0,0.0,0.0,0.0,0.0,-0.001392461
0.0034523294,-0.014192556,-0.008137456,-0.01877646,-0.0020673538,-0.0010205605,-0.0009639286,-0.0077241207,-0.061268616,-0.04481632,-0.16140248,-0.066349,-0.039431423,-0.007236451,-0.014466804,-0.01726577,-0.0017977078,-0.011430963,-0.04066891,-0.01717333,0.0016351526,-0.0028429134,-0.0032497821,0.0021988284,0.000111704525,-0.0016982883,-0.013448209,-0.44832504,0.0067823967,-0.050128974,-0.01249925,-0.014582677,-0.036510397,-0.0091664875,-0.041872203,2.4406687e-05,-0.00037950097,-0.0071635977,-0.024657864,-0.0046376577,-7.591375e-05,-1.4589201e-05,-0.0023433624,4.5704237e-05,-0.0117358975,-0.0042526373,-0.017613329,-0.010855601,-0.069331594,0.00014911618,-0.03518758,-0.009585342,0.0,0.0,0.0,0.0,0.0,-0.0005866088
-0.010529765,-0.002197493,-0.0479241,-0.01811062,-0.0014779979,-0.0057110386,-0.0010537525,-0.002751301,-0.051209375,-0.015360525,-0.11188156,-0.06420269,0.009569964,-0.0026351793,-0.013468302,-0.01089911,-0.031800997,0.0012258359,-0.031507697,-0.0032483852,-0.009403237,-0.0023617777,-0.0010208159,-0.014065441,1.8573119e-05,-0.00095419557,-0.011487658,-0.43545952,-0.026182264,0.09857877,0.01959886,0.031934835,-0.016504467,-0.012475919,0.03121523,-2.1212018e-05,0.00046797475,0.003032677,0.0072602113,-0.0005027642,-0.00015730408,-3.1204538e-05,-0.0012713061,6.688181e-05,-0.0041896836,-0.001447885,0.011616325,0.01580061,-0.032813445,0.0003280154,0.005899824,-0.0020190752,0.0,0.0,0.0,0.0,0.0,-0.0012321202
-0.012115446,-0.009552623,-0.0022649013,-0.007636912,0.00047032596,-0.0015572065,-0.0073518483,-0.0038279158,-0.0633524,-0.00955063,-0.15587726,-0.060150113,0.00082258787,-0.0030997125,-0.013469037,-0.008432931,-0.05229579,0.0009596253,-0.038231518,-0.0030379514,0.0047670733,-0.0027117238,-0.00056322693,0.005655818,0.007204239,-0.0013908017,0.013205944,-0.45254996,0.0046032225,-0.04074364,-0.015127615,0.010744743,-0.014322564,-0.030727439,-0.045715433,-2.1212018e-05,0.00088004884,-0.04827113,-0.015238189,-0.0025044815,-0.0004454099,-2.229474e-05,-0.0021864118,5.2330106e-05,-0.004069214,-0.0018128619,0.005778616,-0.0051083597,-0.12737884,0.00014839093,-0.043454885,-0.011542782,0.0,0.0,0.0,0.0,0.0,-7.553169e-05
0.010162669,-0.0030589737,-0.010052644,-0.019394519,-0.0015793781,-0.00090244715,-0.0019603411,-0.0042890348,-0.070987396,-0.046742637,-0.17299734,-0.06703607,-0.020647109,-0.003965885,-0.016056187,-0.010555934,-0.08570365,-0.01776138,-0.04547436,-0.040404398,-0.04268697,-0.002430856,-0.001732781,-0.034376867,-0.00034138697,-0.001262921,0.002240525,-0.35832742,0.005471515,-0.019812047,-0.007274065,-0.056962583,-0.029883595,-0.006112368,-0.027043886,-2.1212018e-05,-0.0005205948,-0.00132913,-0.019075084,-0.003934525,-5.6751454e-05,-0.0005340816,-0.0022245937,5.6113146e-05,-0.011133201,-0.0032362014,0.0058594164,-0.00050412526,-0.104460835,0.00014911618,-0.038292084,-0.013008752,0.0,0.0,0.0,0.0,0.0,-0.0039190045
-0.014786998,-0.005127856,-0.0365714,-0.0035190384,-0.0012755763,-0.002217267,-0.0011319845,-0.00253509,-0.052777063,-0.012361619,-0.107586235,-0.0598917,0.009785394,-0.0025090699,-0.015983146,-0.0011466617,-0.04548133,0.00077432004,-0.02879789,-0.0019601916,0.0018154441,-0.0031653764,-0.0007335472,0.0048445435,-0.0016364498,-0.001465328,-0.030441195,-0.3721891,0.0040391255,0.04863221,-0.00026334942,-0.07574599,-0.02031571,-0.038256746,-0.036191296,-2.1212018e-05,0.00046797475,-0.065496355,0.0003244059,-0.00067866116,-0.0003925698,-2.229474e-05,-0.0014507547,5.7930967e-05,-0.004738904,-0.0016113572,0.009783899,-0.036983427,0.0024898385,0.00035848748,0.03168323,0.00704694,0.0,0.0,0.0,0.0,0.0,-0.025358077
-0.041063208,-0.04307171,-0.00046425377,-0.023572633,0.009159344,0.01884233,-0.004733032,-0.0054168655,-0.0651989,-0.014915704,-0.116414994,-0.0622296,-0.08508868,-0.00344623,-0.02130859,-0.028883256,-0.022029812,-0.053814687,-0.036352694,-0.03758952,-0.035924163,-0.003466244,-0.0024772848,-0.018517282,-3.5960955e-05,-0.0015302023,-0.02086909,-0.24259019,-0.021494118,0.048274714,-0.0013872919,-0.031163832,-0.017666338,-0.026982414,0.02298521,-1.687239e-05,0.0012416419,-0.056407996,-0.030516716,-0.004249831,-9.0139394e-05,-0.00025015345,-0.0019106071,3.49025e-05,-0.021944111,-0.00819035,-0.0119034955,-0.049310848,0.02963387,-0.003083882,0.014932547,-0.009897135,0.0,0.0,0.0,0.0,0.0,-0.0076280595
-0.038548965,-0.005959066,-0.006097562,-0.02125474,8.513519e-05,-0.0015100635,0.00022249896,-0.0061412477,-0.068654165,-0.023196343,-0.16238445,-0.066481866,-0.03436632,-0.003937686,-0.018065514,-0.010127042,-0.027679935,-7.311891e-05,-0.04062675,-0.054699074,-0.03913816,-0.0028237714,-0.004087119,0.0037375123,-0.0015337919,-0.0013718179,0.009779164,-0.44207528,0.003107671,-0.3090847,-0.0017950003,0.0015843797,-0.029844,-0.0029424103,-0.043768723,6.621307e-06,-0.00024919154,-0.0019427171,-0.01703587,-0.0046689836,-0.00010446398,-2.2116697e-05,-0.005570692,5.722631e-05,-0.0047514783,-0.0018611281,0.004923175,-0.0022277564,0.033094957,7.4976095e-05,0.0112855835,0.0021829715,0.0,0.0,0.0,0.0,0.0,-0.00053756556
-0.010115902,-0.026571814,-0.040108792,-0.017644342,-0.0021893883,-0.0020080174,-0.0005263836,-0.0046619535,-0.056359574,-0.02616983,-0.12245222,-0.061396744,-0.0488967,-0.004294686,-0.014554563,-0.021475095,-0.077027276,-0.005062542,-0.032143816,-0.016268337,0.0031367345,-0.0034481606,-0.0024498398,-0.0110142855,0.00032398204,-0.0010077625,-0.012684127,-0.42278728,0.02339756,0.09857678,0.01888814,0.018036785,-0.03159858,-0.0085434895,-0.04150748,9.84791e-06,-0.00029920466,-0.0047813095,0.0047661723,0.00038039513,-0.00015730408,-2.2116697e-05,-0.0020266182,-0.0025939357,-0.004260491,-0.0012923966,0.012781567,-0.01844393,-0.020282965,0.0003303469,-0.0006204722,-0.0021461819,0.0,0.0,0.0,0.0,0.0,-0.003349681
0.055356022,-0.017332656,-0.01672541,-0.017998861,0.0013148091,0.010302448,-0.0007191019,-0.005322243,-0.05522742,-0.048021033,-0.13186797,-0.08165762,-0.026162015,-0.007493862,-0.013489461,0.005711368,0.0040371884,-0.009652001,-0.031883243,-0.010824136,-0.032392044,-0.0023989934,-0.005724831,0.0019500331,0.00020717038,-0.0011894432,0.0002142651,-0.44626006,0.0056036036,-0.08190735,-0.009871683,-0.083272755,0.004753002,-0.0144344065,-0.033588015,2.4406687e-05,-0.00022933849,-0.0033888132,-0.022220794,0.0012680143,-4.2426866e-05,-1.4589201e-05,-0.004048549,4.8766975e-05,0.065612845,0.021877736,-0.005484405,-0.0010256048,-0.065117285,0.00011151189,-0.014184996,-0.0053677955,0.0,0.0,0.0,0.0,0.0,-0.0027563318
-0.036492195,-0.018565327,-0.030163148,-0.017166086,-0.0024090284,-0.0016782982,-0.0006910958,-0.0055582374,-0.069408454,-0.010774552,-0.16603579,-0.059862353,-0.08826239,-0.0043015075,-0.016807113,-0.009739262,-0.051044986,0.0008524257,-0.052491367,-0.006230446,-0.020180477,-0.002822763,-0.0024969424,0.0029379982,-0.001549894,-0.0014234901,0.0077826837,-0.41113138,0.0036769414,-0.21496296,-0.0010529791,-0.03713913,-0.022163644,-0.018139286,-0.03301027,-2.1212018e-05,-0.0003882372,-0.028355913,-0.008362916,0.00040930125,-0.0002523627,-2.2116697e-05,-0.0034088853,5.2069234e-05,-0.0049654585,-0.0018584953,-0.011439144,-0.0011617152,-0.021884108,0.00013920275,0.009227509,0.0030422143,0.0,0.0,0.0,0.0,0.0,-8.8050896e-05
-0.084191605,-0.027766239,-0.042311467,-0.026525183,-0.002017688,-0.001441585,-0.0011627185,-0.0072645415,-0.058475383,0.007184989,-0.11865227,-0.06231974,-0.08036484,-0.0033101968,-0.017682614,-0.05598525,-0.033734776,-0.007512581,-0.033194263,-0.005486631,-0.033973485,-0.0035039478,-0.0010857792,0.0025963297,-0.0016315652,-0.00093344855,0.0032737048,-0.45566225,0.0035721713,-0.15538745,-0.006358076,-0.008274102,0.020422945,-0.0067999344,-0.040537905,9.84791e-06,-0.00020701592,0.00087496324,-0.013318268,0.00094552676,-0.00031497396,-3.1204538e-05,-0.004089699,5.497204e-05,-0.0036931408,-0.0017386345,-0.015037702,-0.002471174,-0.036603957,0.00011098173,-0.014475037,-0.003313497,0.0,0.0,0.0,0.0,0.0,-0.0006291163
-0.07188728,-0.019172251,-0.030466655,-0.008666291,-0.0007337798,-0.0025008884,-0.0012059676,-0.0017622827,-0.053891428,-0.02743014,-0.13366832,-0.059179153,0.0059333704,-0.004116515,-0.016356187,-0.015909519,-0.022727363,0.0007967848,-0.03420028,-0.009482156,-0.02583036,-0.0027663477,-0.0009991652,0.0031600888,-0.0009431981,-0.0014144419,-0.026433183,-0.46954435,0.003279689,-0.019274713,-0.009258441,-0.04649945,0.011744537,-0.010690222,-0.04175987,9.84791e-06,-0.00015876608,-0.002548997,-0.002722436,0.00073729013,-0.00019952259,-3.1204538e-05,-0.0019429624,5.497204e-05,0.02001309,0.009998037,-0.010990039,-0.0036093998,-0.104307525,0.00014839093,-0.044949446,-0.0105307195,0.0,0.0,0.0,0.0,0.0,-4.2891203e-05
-0.024710577,-0.027041843,-0.037686344,-0.00826879,-0.00057761866,-0.0014664112,-0.0012066922,-0.00365571,-0.058774836,-0.01049062,-0.14133704,-0.059140008,-0.0026181806,-0.0031530147,-0.018066797,-0.0068045114,-0.025140801,0.0013302139,-0.03585886,-0.0056334333,-0.020035254,-0.0035722102,-0.0012243536,0.003857088,-0.0007762254,-0.0017457509,0.002909657,-0.40881565,0.0029441877,-0.2915437,-0.002861237,-0.062086042,-0.026681563,-0.012696142,-0.033748414,-2.1212018e-05,-0.00033751084,-0.01980513,-0.021819692,-0.0031989545,-0.0004454099,-3.1204538e-05,-0.0037969619,4.7684465e-05,-0.0043347077,-0.0017792642,0.007446598,-0.040788982,-0.0011319208,6.47463e-05,0.009715506,0.0019291674,0.0,0.0,0.0,0.0,0.0,-0.011940001
-0.020559348,-0.020601852,-0.03014337,-0.017506143,-0.00022519745,-0.001666229,-0.0007047411,-0.0037246621,-0.06573481,-0.021199387,-0.16809556,-0.06323212,-0.01398028,-0.003290436,-0.017234227,-0.027917024,0.012848798,0.00058039674,-0.040458664,-0.008279176,0.00496964,-0.0026947113,-0.0021061932,0.0027402807,-0.00022653354,-0.0013942386,0.005339778,-0.46196166,0.005779343,-0.22313572,-0.016717654,-0.04817526,-0.02163591,-0.0039576674,-0.03104163,6.838396e-06,-0.0003882372,-7.438621e-05,-0.010681589,0.00029364135,-0.0002523627,-1.8414214e-05,-0.0042134603,5.043504e-05,-0.0055458616,-0.0020760342,-0.010742973,-0.0040716343,-0.043409288,0.00011025648,-0.014709893,-0.00425899,0.0,0.0,0.0,0.0,0.0,-0.0013721224
-0.016045354,-0.008517471,-0.05431074,-0.009781948,-0.00065159367,-0.0020842163,-0.0019331898,-0.0019885227,-0.05055665,-0.01310881,-0.102975436,-0.05889783,0.009112252,-0.0036365872,-0.015748216,-0.0056961463,-0.09070367,0.0017735722,-0.03196131,-0.009729525,-0.018886453,-0.002782581,-0.0021567966,-0.06463011,0.0006649318,-0.0009390601,0.0011364924,-0.4141606,0.0043425704,0.04355801,-0.0021600814,0.006297526,-0.026265591,-0.010189221,-0.044899147,9.84791e-06,-0.0003882372,-0.008549059,-0.015578917,0.0002542899,-9.0139394e-05,-3.1204538e-05,-0.0014463529,4.974218e-05,-0.0049162917,-0.0016986319,-0.013754825,-0.014730087,0.06546675,0.00035956356,0.029067487,0.00660996,0.0,0.0,0.0,0.0,0.0,-0.0029524616
-0.073311664,-0.014709827,-0.00056774623,0.029408189,-0.007703431,-0.0016270429,0.0005769352,-0.0041024718,-0.061783154,-0.016297359,-0.14377779,-0.0606964,-0.073861256,-0.0029214083,-0.019533692,-0.011385947,-0.017184991,0.00034055865,-0.04232416,-0.0071524964,-0.0010588843,-0.0032016216,-0.001309548,0.0028601272,-0.001720127,-0.0016453826,0.005527676,-0.41839388,0.005897619,-0.20272803,-0.018433273,-0.0486074,-0.028029524,-0.0076860283,-0.05593284,2.4406687e-05,-0.0005097317,0.0039136508,-0.0055089155,-3.7330912e-05,-0.0002523627,-1.4589201e-05,-0.0037629756,4.6865767e-05,0.030195124,0.008859944,-0.0093464,-0.02703268,-0.048077207,0.00010418629,-0.006226597,-0.009026752,0.0,0.0,0.0,0.0,0.0,-0.009437041
-0.030667143,-0.019571003,-0.0016057533,-0.0071248617,-0.00020923642,-0.0017470245,-0.0005570037,-0.0036300356,-0.068625644,-0.011113975,-0.161194,-0.058890812,-0.00038647305,-0.00465009,-0.015640447,-0.001247077,-0.03995241,0.0007838695,-0.04545465,-0.0049207937,0.0028918376,-0.002889644,-0.0007355076,0.0033061334,-0.0023186735,-0.001353525,0.0051506776,-0.480584,0.0057355054,-0.24140865,-0.018229906,-0.034053538,-0.023104243,-0.023975123,-0.04499003,-2.1212018e-05,-0.0005097317,-0.05924663,-0.006905332,0.00031472015,-0.0002523627,-3.1204538e-05,-0.0040202476,5.4891338e-05,-0.004692132,-0.0018350916,-0.011546825,-0.0022165284,-0.04004352,0.00011025648,-0.014230898,-0.0059502744,0.0,0.0,0.0,0.0,0.0,-0.00016692068
-0.01102826,-0.06152583,-0.004498512,-0.013429697,-0.0013153392,-0.0022051234,0.000730155,-0.0028262488,-0.066077106,-0.022668097,-0.14740497,-0.06698025,-0.08144718,-0.0036702778,-0.018029297,-0.034212753,-0.018005908,0.0019686425,-0.041405924,-0.03521828,-0.008031921,-0.0040920107,-0.003440562,-0.045341115,2.318569e-05,-0.001426666,-0.0021932079,-0.4099762,-0.039886426,0.04798188,-0.0046432214,-0.030781347,-0.02312645,-0.007679257,-0.037290018,6.838396e-06,-0.001071634,0.0006609378,-0.025641369,-0.0053367745,-0.00015730408,-1.4589201e-05,-0.0017017296,5.0786224e-05,-0.004844432,-0.002120194,0.01132885,-0.01521946,-0.04264022,-0.0050631566,0.0020468223,-0.017707605,0.0,0.0,0.0,0.0,0.0,-0.0029361448
-0.015278484,-0.0148795275,0.010799207,-0.018918974,-0.001541192,-0.0012332256,-0.0007045415,-0.0028609864,-0.0661352,-0.011082048,-0.15772137,-0.061964,-0.01631438,-0.0036791102,-0.01446773,-0.0012833303,-0.00082890346,0.0007358636,-0.04299553,-0.0009920318,-0.02361958,-0.0022113258,-0.0017831674,0.0040744613,-0.00069916464,-0.0015614539,0.009215177,-0.4189227,0.004046886,-0.24947865,0.0028606243,-0.079481594,0.011808716,-0.022496136,0.03774599,-3.5641548e-05,0.0017184501,-0.091824375,-0.021094441,-0.0017268215,-9.0139394e-05,-1.4676903e-05,-0.0037145878,5.5099154e-05,-0.0040240884,-0.0014215173,-0.008028092,0.00025884912,-0.023062015,0.00013661908,0.014051561,0.0038602713,0.0,0.0,0.0,0.0,0.0,-0.00036619263
-0.013539661,-0.05548223,-0.029455828,-0.01712047,-0.0006704723,-0.0011186549,-0.00089746923,-0.003622794,-0.05886294,-0.13306533,-0.12401937,-0.06597249,-0.041245364,-0.003620871,-0.017708588,-0.031606343,-0.055491976,-0.012701686,-0.030887756,-0.021330707,0.039456166,0.012042312,-0.002593955,-0.0068869353,-0.00021268411,-0.00077915937,-0.00654926,-0.3292872,-0.026103415,0.09072807,0.00609885,-0.010637418,-0.008781735,-0.03511804,0.11943602,-2.1212018e-05,0.0006389818,-0.073886715,-0.024773506,-0.0030982909,-9.023833e-05,-1.7136434e-05,-0.0011822097,4.2866053e-05,-0.022204168,-0.0082024075,0.013936704,-0.005142974,-0.040644143,0.0003280154,-0.012624837,-0.0024205246,0.0,0.0,0.0,0.0,0.0,-0.0062879845
-0.053176362,-0.0019799725,0.0059327083,-0.006587206,-0.0004163866,-0.0020386148,0.000111037174,-0.002770855,-0.061649017,-0.02037444,-0.14060788,-0.061334293,0.00961025,-0.0048302575,-0.019361276,-0.020831173,0.010649672,0.0009422547,-0.038332846,-0.019429402,-0.035707224,-0.002739364,-0.00070212816,0.003691053,-0.0014101982,-0.0016142243,0.0057567274,-0.4589255,0.0035619698,-0.23656702,-0.011485696,-0.054303803,-0.023567036,-0.009889303,-0.05101694,9.84791e-06,-0.0005097317,-0.0051692287,-0.006466485,-0.00015010321,-0.00019952259,-3.1204538e-05,-0.004336479,5.4599263e-05,-0.0041811406,-0.0016495191,-0.023126692,-0.034536313,-0.035673603,0.00010418629,0.009404937,-0.0013974449,0.0,0.0,0.0,0.0,0.0,-0.010780733
-0.026381403,-0.016106471,-0.0024836478,0.017901236,-0.0076168487,-0.001624742,0.0001255357,-0.0056931255,-0.06497325,-0.016342271,-0.15218599,-0.05829135,-0.080343656,-0.0034831688,-0.017423494,-0.0030280815,-0.02656244,0.0006165839,-0.0449886,-0.0067627425,0.002878143,-0.0031809106,-0.002330789,0.0029378885,-0.0020885516,-0.0013569618,0.0044773445,-0.39990073,0.0055425935,-0.22127095,-0.022468096,-0.07326419,-0.027484285,-0.009202751,-0.06451329,9.84791e-06,-0.0005097317,-0.005051432,-0.015046527,-0.00429796,-0.0002523627,-2.2116697e-05,-0.0045261397,4.8095724e-05,-0.0049456484,-0.0019344905,-0.01551702,-0.0021746207,-0.033895083,0.00011025648,-0.009437264,-0.0041147,0.0,0.0,0.0,0.0,0.0,-0.00017165634
-0.009462076,-0.004679594,-0.072167374,-0.016257133,-0.0019041345,-0.002094069,-0.0010266486,-0.002593773,-0.062325116,-0.015811726,-0.14471945,-0.06088798,-0.00015701923,-0.0023765734,-0.013540386,-0.016239103,-0.00081335404,-0.008225397,-0.039773136,-0.029621113,-0.087015614,-0.0017910949,-0.0012868538,-0.0101155555,-0.0002465079,-0.000933455,-0.015436087,-0.39966333,0.012477393,0.08600103,0.011290354,0.019910375,-0.019458909,-0.037979703,0.026713153,-2.1212018e-05,0.0006312089,-0.082209304,-0.017070774,0.0004004419,-0.00020559077,-2.229474e-05,-0.0017258497,5.534655e-05,-0.0043225875,-0.0013655849,-0.039082345,-0.011203211,-0.062243216,0.0003259205,-0.037046585,-0.0033898498,0.0,0.0,0.0,0.0,0.0,-0.0010327898
-0.010658497,-0.053333614,-0.004544133,-0.025355062,-0.0018103252,-0.002837491,0.00059945835,-0.0025047283,-0.06547212,-0.0071670944,-0.14998953,-0.0645896,-0.079812355,-0.0036848777,-0.016648429,-0.038374938,-0.0075253854,-0.0009305886,-0.045726683,-0.04035072,-0.01199444,-0.0035340372,-0.003364801,-0.023262477,-0.00043964962,-0.001426666,-0.017306123,-0.3813427,-0.023682734,0.052069765,-0.00478347,-0.013165495,-0.020286703,-0.008613765,-0.031016005,-3.5641548e-05,-0.0011337408,-0.04119657,-0.029006723,-0.0019668902,-0.0001429795,-1.4589201e-05,-0.0015967761,4.254282e-05,-0.005185408,-0.0020253526,-0.022135114,-0.01675426,0.012413733,-0.005051938,0.0025108408,-0.017376877,0.0,0.0,0.0,0.0,0.0,-0.0033142501
-0.019093124,-0.022189785,-0.044425193,-0.0061665173,-0.0003913609,-0.0015060927,-0.0009790402,-0.0017732317,-0.05612552,-0.009301355,-0.13462673,-0.058526866,0.0066535915,-0.003591261,-0.014051808,-0.015056228,-0.008405593,0.0013487457,-0.039097503,-0.0024538697,-0.021242034,-0.00308607,-0.0012924506,-0.052148174,-0.0014581301,-0.0014101388,0.00093256775,-0.49191427,0.004846435,0.016169075,-0.00904841,-0.06950175,0.0009779179,-0.01652704,0.017414836,-3.5641548e-05,0.0005283699,-0.04827936,-0.012729351,0.0004447039,-0.0003925698,-1.8414214e-05,-0.0021005785,5.3472555e-05,-0.0035368458,-0.0013282193,0.0068046344,0.000368878,-0.042532973,0.00035956356,0.029396916,-0.012485217,0.0,0.0,0.0,0.0,0.0,-0.0003058379
-0.014674264,-0.025522847,-0.012525789,-0.018466955,-0.0014602573,-0.005682798,-9.796614e-05,-0.00251734,-0.05256036,-0.021558762,-0.109348044,-0.066434935,-0.028739408,-0.0035763718,-0.01683243,-0.017872402,-0.012679303,0.0013391856,-0.03206519,-0.031457257,-0.017601408,-0.003303049,-0.0018783549,-0.01923675,-0.00017951251,-0.0010060825,-0.016747387,-0.42216527,-0.02414552,0.05921772,-0.001815471,-0.02027946,-0.031517755,-0.013380029,-0.0476469,2.4406687e-05,-0.00029920466,-0.0045453385,0.038723636,0.0003318135,-0.00015730408,-1.4589201e-05,-0.0015847038,5.2247255e-05,-0.005010717,-0.0018151775,0.012186768,-0.016558444,-0.042744488,0.0003839477,0.006568408,0.0027793036,0.0,0.0,0.0,0.0,0.0,-0.0029292165
-0.0045836605,-0.012232409,-0.03702055,-0.023209123,-0.0029556719,-0.0018797566,-0.00055257016,-0.0030223867,-0.056102872,-0.015547731,-0.1087869,-0.06566169,0.0016596867,-0.0036062435,-0.01805465,-0.019220809,-0.03468896,-0.013197586,-0.030484762,-0.018111076,0.038138185,-0.0026996431,-0.000978924,-0.009268442,-0.0005178448,-0.0011856066,-0.010620313,-0.36894265,-0.028055124,0.089332685,0.008239795,-0.0024428878,-0.033325907,-0.018947184,-0.034477748,-2.1212018e-05,0.0009832537,-0.035009947,-0.019177528,0.00019566207,-0.00015730408,-0.0005340816,-0.0018720471,-0.0030238929,-0.0037394622,-0.0012033457,0.016543942,-0.037027445,-0.034615286,0.00030539028,-9.145734e-05,-0.0030515261,0.0,0.0,0.0,0.0,0.0,-0.009271853
-0.04108351,-0.02073842,-0.044595987,-0.005145367,-0.0023796372,-0.0008343757,-0.0005515078,-0.0024981413,-0.051423147,0.057327148,-0.09058543,-0.064506166,0.010908197,-0.0042841155,-0.017368523,0.0018162885,-0.031901456,-0.006140944,-0.029096138,-0.029757883,-0.082817584,-0.0038339256,-0.0010360822,-0.008465984,-0.0014489513,-0.0012319454,-0.018287258,-0.4086881,0.008418268,0.081757225,0.015889412,-0.074016236,0.017303381,0.0016671496,-0.025897127,9.84791e-06,-0.000108039676,0.013740504,-0.013842378,0.00036335338,0.00018039414,9.947118e-06,-0.001476686,4.655499e-05,-0.0030661293,-0.0010693668,0.0082419105,-0.023836125,-0.031404786,0.00030486012,-0.016731806,-0.0029457002,0.0,0.0,0.0,0.0,0.0,-0.007042131
0.00016215639,0.0021622942,-0.039524294,-0.017973362,-0.0016756308,-0.0010889653,-0.0010356628,-0.003981431,-0.06370747,-0.02971604,-0.15688136,-0.075143725,0.00023888561,-0.003977534,-0.014739007,-0.021398699,-0.036396965,-0.02490514,-0.0440892,-0.009296247,-0.074598685,-0.0031700805,-0.00096512784,-0.032192297,0.0006442552,-0.0012434615,-0.0041222675,-0.4443933,-0.035800908,0.08083769,0.009118099,-0.017128214,-0.025676502,-0.027790178,0.020261323,-2.1212018e-05,0.0007189743,-0.057829924,-0.023745807,-0.007175545,-5.6751454e-05,-3.1204538e-05,-0.0014578947,5.5931043e-05,-0.008377572,-0.003618881,0.006483277,-0.0069497135,-0.08199003,-0.004352866,-0.032366317,-0.005001514,0.0,0.0,0.0,0.0,0.0,-0.00151938
-0.019933283,-0.023866462,0.0018965121,-0.027847573,-0.0018485135,-0.0011684343,-0.0008762816,0.0010692998,-0.05960248,-0.036603823,-0.18441916,-0.0059222337,-0.065059006,0.0017709305,-0.014206041,-0.022919226,-0.027436035,-0.0063403607,-0.06407819,-0.037564743,-0.031093625,-0.0023203595,0.010037708,-0.010570897,-0.00012693186,-0.0015142186,-0.011579848,-0.39387497,-0.01561135,0.066139355,-0.004683436,-0.031220078,-0.014605859,0.0088888565,-0.044859506,-3.5641548e-05,0.00095417385,-0.050316863,-0.016092872,0.0010295794,-7.051433e-05,-7.589419e-05,-0.0010350232,5.243512e-05,-0.025573412,-0.008247746,0.007656739,-0.002094825,0.014754519,0.00038712184,0.027270451,0.003043747,0.0,0.0,0.0,0.0,0.0,-0.0013742626
-0.00058231084,-0.005709276,-0.0022928803,-0.018916396,-0.0022918463,-0.0015838305,-0.0055643,-0.0018004137,-0.06598253,-0.03645822,-0.16522075,-0.072853774,-0.0042233933,-0.003978018,-0.014625683,-0.017059857,-0.0011797572,-0.056990203,-0.042482372,-0.00755407,0.0065088635,-0.0026711363,-0.0013872512,0.0029009345,0.00048284692,-0.00145518,-0.02423375,-0.40999708,0.0065217563,-0.04586579,-0.01362291,-0.014386084,-0.015012895,-0.018681731,-0.026816899,-2.543168e-05,0.0012416419,-0.03640197,-0.010395431,0.0009052869,-7.591375e-05,-0.00018149699,-0.00091953325,-0.0028445784,-0.011225658,-0.00349985,-0.01696388,-0.010404068,-0.10036837,0.00014911618,-0.039982338,-0.009561299,0.0,0.0,0.0,0.0,0.0,-0.0004507061
-0.019365009,-0.0035187812,-0.03231313,-0.0077524413,-0.00071264606,-0.0024772151,-0.0006300333,-0.002633779,-0.066423625,-0.0108795995,-0.16679718,-0.060861204,-0.00013907143,-0.003125523,-0.014507164,-0.0060339943,-0.04956963,-0.00021260184,-0.04469977,-0.0069440333,-0.030711537,-0.0023148924,-0.0009907252,0.0029943567,-0.001892533,-0.0014573301,-0.029409006,-0.44465005,0.0034408127,-0.011519158,-0.0096643055,-0.035976335,-0.016715152,-0.030641872,-0.032187875,-2.1212018e-05,0.0006312089,-0.05774317,-0.015797354,-0.0029147803,-0.0002523627,-2.229474e-05,-0.0020743422,5.2069234e-05,-0.004792807,-0.0017504732,-0.014887586,-0.0069283224,-0.12351517,0.00014839093,-0.0465584,-0.009511373,0.0,0.0,0.0,0.0,0.0,-0.00074769626
-0.0007338535,-0.032386493,-0.046904992,-0.016658617,-0.0034374802,-0.00093093276,-0.0006838924,-0.004000367,-0.06373928,-0.012111406,-0.1271141,-0.060823023,-0.023719005,-0.0016371454,-0.016021643,-0.009790361,-0.02462428,-0.0048871674,-0.03154394,-0.006952331,-0.028496608,-0.003338825,-0.0015314124,-0.033057924,0.00015911608,-0.0014750253,-0.0042909104,-0.38843217,0.0064497115,-0.018603688,-0.011139626,-0.004690197,-0.020808326,-0.0026768413,-0.027456295,-3.5641548e-05,0.001679534,-0.03772286,-0.022569088,-0.0018769623,-0.00015730408,-1.2135975e-05,-0.0021126552,4.9987575e-05,-0.00600316,-0.001996793,0.0058067534,-0.03664349,-0.09896792,0.00012468969,-0.03143772,-0.011167442,0.0,0.0,0.0,0.0,0.0,-0.009918262
-0.030095156,-0.0018385496,-0.0023408178,-0.006595006,-0.00023390597,-0.0016356567,-0.001959731,-0.0034212563,-0.059862647,-0.021448234,-0.1443355,-0.060159676,-0.00026170534,-0.003921696,-0.017947048,-0.007709389,-0.089569,0.00061087334,-0.03830688,-0.009463794,-0.006563909,-0.002879647,-0.0019348568,0.0040179268,-0.000882029,-0.0013908017,0.008890415,-0.44242588,0.0042761844,-0.29492864,-0.010682813,-0.026937896,-0.04085455,-0.008927255,-0.06458515,9.84791e-06,-0.0005097317,-0.010667714,-0.0210535,-0.0043804557,-0.0002523627,-3.1204538e-05,-0.0034049193,4.8095724e-05,-0.004872709,-0.0017994695,-0.010148137,-0.002837357,0.004077901,7.4976095e-05,0.009136694,0.0024956313,0.0,0.0,0.0,0.0,0.0,-0.000833892
0.0029338445,-0.043104693,-0.021028202,-0.025505804,-0.0028177705,-0.00083096564,-0.00089214975,-0.0052054236,-0.06433248,-0.026109468,-0.13399918,-0.06229636,-0.093211636,0.0010413982,-0.015491764,-0.03471733,-0.023234516,-0.012617818,-0.04684853,-0.031601533,-0.025719656,-0.0041106604,-0.0036106675,-0.0085966615,-7.37844e-05,-0.0014513459,-0.0152797075,-0.41795194,-0.020378316,0.046868727,0.008413777,-0.04223575,-0.021776553,0.0076221568,-0.02481563,-3.5641548e-05,0.00070304144,-0.033800904,-0.029777264,-0.0035231288,-0.0001429795,-1.2135975e-05,-0.0015379221,4.2643656e-05,-0.01800509,-0.0034516149,-0.013159781,-0.004646654,-0.04543284,-0.004307815,0.028911598,-0.00033787318,0.0,0.0,0.0,0.0,0.0,-0.0014464763
-0.030996919,-0.024410265,-0.0033790597,0.0026306077,-0.0002696312,-0.0011542324,-0.00028568818,-0.0028004972,-0.057651486,-0.009080335,-0.123352446,-0.05841036,-0.040673506,-0.003817138,-0.01816236,-0.048108056,-0.033765506,0.001064546,-0.0348792,-0.009786152,-0.010020224,-0.0036608179,-0.00090038864,0.0037585224,-0.0012595772,-0.0016363343,0.006531799,-0.43877116,0.004143564,-0.26825875,-0.012832306,-0.064859845,0.015180544,-0.009339248,-0.041631903,9.84791e-06,-6.797025e-05,-0.0025412776,-0.02510572,-0.0042778044,-0.0004454099,-3.1204538e-05,-0.0033974128,4.6269597e-05,-0.0036746643,-0.0015311822,0.0058326023,-0.019884124,-0.015134034,7.4976095e-05,0.004252154,0.0020525083,0.0,0.0,0.0,0.0,0.0,-0.0075315447
0.025456732,-0.0031288497,-0.032483764,-0.011551149,-0.0014217928,-0.005276208,-0.0015259719,-0.0026640936,-0.06511588,-0.030350981,-0.1938371,-0.007992122,-0.0040925466,-0.0038898543,-0.01558909,-0.012545727,-0.014990642,-0.0052579036,-0.062474743,-0.039376028,-0.028288662,-0.0023856596,-0.0008229665,0.0032617608,0.0011406918,-0.00095291453,-7.671137e-05,-0.44874883,0.005019646,-0.20396413,-0.014044874,-0.03723353,-0.055736497,-0.024879014,-0.031190148,-2.1212018e-05,0.00058081787,-0.04420804,0.024812156,0.00048316247,-0.00015181006,-3.1204538e-05,-0.0038620103,5.8545756e-05,-0.010585306,-0.003110478,-0.021932725,-0.0016318823,-0.047769204,0.00011151189,0.013890603,-0.006647957,0.0,0.0,0.0,0.0,0.0,-0.000953028
-0.035491996,-0.0031163509,0.012030258,-0.008330158,0.00013378714,-0.001505638,-0.0017252256,-0.003918946,-0.06071933,-0.020893464,-0.13814773,-0.061862323,0.0047557037,-0.005710527,-0.018062295,-0.0033188283,-0.05928304,0.0013615374,-0.037053287,-0.03001605,0.0035717015,-0.0029632724,-0.0011611347,0.0038568892,-0.0016057624,-0.001353525,0.0059184087,-0.48002613,0.0039868513,-0.29587573,-0.0045417524,-0.00020088514,-0.027105322,-0.0072027016,-0.069392055,4.0698615e-06,-0.00024919154,-0.0001612501,-0.018575814,-0.0040848367,-0.0004454099,-3.1204538e-05,-0.0032874257,5.1129828e-05,-0.0041207396,-0.0016841706,0.009605224,-0.0022019774,-0.00900641,7.4976095e-05,0.007914702,0.002194945,0.0,0.0,0.0,0.0,0.0,-0.00052381813
-0.023244174,-0.025094045,-0.0010987615,-0.017507324,-0.0022575571,-0.0008591067,0.00014765127,-0.0048393034,-0.06426432,-0.028703587,-0.15243441,-0.06345163,1.1758513e-05,-0.01099809,-0.017348817,-0.01173166,-0.013691797,-0.014818559,-0.043709148,-0.030531844,-0.023158083,-0.0035457734,-0.0012742241,0.003231875,-0.003441759,-0.001262921,0.005920994,-0.46203333,0.0034823131,-0.24462219,-0.0036651443,-0.029398415,-0.04732576,-0.010147118,-0.058755133,9.84791e-06,-0.0013321742,-0.01004889,-0.018080207,-0.004729338,-5.6189747e-05,-3.1204538e-05,-0.0038916501,5.0507217e-05,-0.0045225285,-0.001602657,-0.015406596,0.0004845576,-0.0151715465,7.531746e-05,0.009473382,0.003341348,0.0,0.0,0.0,0.0,0.0,-0.00015063336
-0.012122605,-0.009980496,-0.04328302,-0.010066266,-0.0014250389,-0.0063996315,-0.0010985143,-0.0034419647,-0.050077002,-0.006382882,-0.100513555,-0.0621503,0.010488896,-0.0033663062,-0.013464291,-0.013656386,0.017744783,0.002359708,-0.032226183,0.0014607974,-0.017960763,-0.0026898491,-0.00077804894,0.006300943,0.0005377559,-0.0009424969,-0.023649963,-0.41099793,0.0036904989,0.05642902,1.5298581e-05,0.058509473,-0.02833455,-0.007061717,-0.021958023,-5.132708e-05,-0.00018980386,0.007864414,0.006981476,7.8571225e-05,-0.00019952259,-3.1204538e-05,-0.001698975,6.00784e-05,-0.0049404455,-0.0016376917,-0.044374418,-0.0048847785,0.090183794,0.00035848748,0.032050252,0.0055946116,0.0,0.0,0.0,0.0,0.0,-0.0007082636
0.04847649,-0.0016515738,-0.026405593,0.00034794613,-0.0019494736,-0.0011692989,-0.001032044,-0.0034610645,-0.06574763,-0.006139036,-0.15905581,-0.06051672,0.024630794,-0.006591327,-0.0150183365,0.009149849,-0.0362357,-0.012252376,-0.041521885,-0.0032733022,-0.02212658,-0.0022792066,-0.00058443076,0.0028187016,-0.00032668174,-0.0013762824,-0.02836035,-0.48818088,0.0033326708,-0.025924496,-0.010322574,-0.063419975,0.020986563,-0.03911393,-0.017963003,-2.1212018e-05,0.00039191742,-0.06777124,-0.0048175226,0.0006175996,-0.00016557294,-3.1204538e-05,-0.002086297,6.278884e-05,-0.0075194873,-0.004122465,-0.01513873,-0.0037019132,-0.09855278,0.00014911618,-0.049062457,-0.011877769,0.0,0.0,0.0,0.0,0.0,0.00033887083
-0.016415179,-0.00978065,0.008572388,-0.017194686,-0.0019588722,-0.0012339649,-0.007854568,-0.0039281556,-0.06139302,-0.021140352,-0.13698478,-0.06988597,0.008590581,-0.0045787846,-0.015641078,-0.009167007,-0.03237677,-0.023573868,-0.036739,-0.031793818,0.0022481831,-0.0008387171,-0.001171523,0.009370365,0.0075599034,-0.0013177692,0.00870986,-0.47120643,0.0057391417,0.053416654,-0.0022087407,-0.019715974,-0.026138596,-0.0053527285,-0.030549286,9.84791e-06,-0.0013321742,-0.0014613058,-0.018119087,-0.004458667,-7.591375e-05,-3.1204538e-05,-0.0016692731,5.543528e-05,-0.0038035433,-0.0016249403,-0.01599662,-0.0009701386,0.048832346,0.00036028883,0.023833353,0.0078338655,0.0,0.0,0.0,0.0,0.0,-0.00040981
0.009910371,-0.021332607,-0.008879576,-0.017974062,-0.00209813,-0.0014221821,-0.0010423545,-0.0039277105,-0.06681679,-0.058887534,-0.20846204,0.0131789,-0.0038987945,-0.007229071,-0.016367167,-0.019749943,-0.041156728,-0.014913454,-0.067788914,-0.015848882,-0.020931736,-0.0029789435,-0.0008654959,0.0035935808,0.0007933376,-0.0013762824,0.0038087685,-0.45910603,0.0043313,-0.24539779,0.0019104264,-0.027347928,-0.023471445,-0.004905669,-0.030904833,-2.1212018e-05,0.0013216344,0.0033062554,-0.011964354,0.00069755694,-4.2426866e-05,-3.1204538e-05,-0.0031713864,5.5845027e-05,-0.01034021,-0.003967287,-0.011397232,-0.001870866,-0.012838144,0.00013992799,0.010805852,0.004091859,0.0,0.0,0.0,0.0,0.0,-0.00082511315
-0.020228233,-0.0055498164,-0.045673013,-0.0066225603,-0.00013411736,-0.0018058589,-0.0019722725,-0.0034996858,-0.07044968,-0.012636516,-0.1622984,-0.058528956,-0.0048582954,-0.0022182188,-0.015978312,-0.001517995,-0.09214569,0.0004994024,-0.04138433,-0.0042657256,-0.011411819,-0.0025472238,-0.0015377536,0.0029608575,-0.0017924777,-0.0011769072,0.0033553552,-0.41855237,0.0037020426,-0.18375163,-0.010564544,-0.050457608,-0.024665747,-0.018488599,-0.027419562,-2.1212018e-05,-0.00033751084,-0.032081578,-0.0008558668,0.00011208015,-0.0003925698,-3.1204538e-05,-0.0039987275,6.2576626e-05,-0.0071336743,-0.0022275352,0.006365644,-0.003644155,-0.074535325,0.00011025648,-0.021644428,-0.005849897,0.0,0.0,0.0,0.0,0.0,-0.00037595278
-0.015388321,-0.037586235,-0.007687529,-0.008775409,-0.028386284,-0.0014011527,-0.0011940403,-0.0100185145,-0.020190025,-0.00056777813,0.29199645,-0.15086052,-0.026987312,-0.005055164,-0.03525629,-0.0051260144,0.06346223,-0.017267836,0.07011851,-0.042682234,-0.02926519,-0.021532552,-0.0011524769,0.00398129,0.0008016073,-0.00982735,0.013140281,0.6570005,0.006807506,0.0295275,-0.001902577,-0.0053571276,-0.07481929,-0.0019944164,-0.014979725,-0.0008547808,0.0006558748,-0.012114216,-0.0109430235,-0.0020388332,-0.00050618127,-2.4853873e-05,-0.00074610265,0.0001363146,-0.0058429483,-0.0021616223,-0.012667292,-0.27105898,0.0663591,6.189008e-05,0.009089626,0.0022529215,0.0,0.0,0.0,0.0,0.0,-0.07563509
-0.03621736,-0.00027747132,-0.000914072,-0.0028069129,-5.6078527e-05,-0.001345343,-0.0011657242,-0.0059941867,-0.05979365,0.0068168817,-0.13881235,-0.061850004,0.007646583,-0.0032778187,-0.018390624,-0.0035716658,-0.033026945,0.0040669776,-0.03375026,-0.01368434,-0.0146332905,-0.0029611068,-0.0033174076,0.0031953477,-0.001421703,-0.0018859114,0.0056954017,-0.4500287,0.0037364806,-0.27728605,-0.0050172154,-0.020701945,-0.06339036,-0.019226886,-0.069489196,9.84791e-06,-0.0005097317,-0.0034232906,-0.01703124,-0.0043479376,-0.00060442055,-3.1204538e-05,-0.003360762,4.883082e-05,-0.0046635135,-0.0018028253,-0.013636248,-0.026568621,0.025163332,6.47463e-05,0.006977058,0.0015392216,0.0,0.0,0.0,0.0,0.0,-0.0066353534
0.014367366,-0.0378425,-0.0185277,-0.026366053,-0.0025003012,-0.000768888,-0.00055329414,0.009956949,-0.065797836,0.048515245,-0.17178774,-0.016904747,-0.06051582,0.0011220695,-0.013933814,-0.03846973,0.000721549,-0.014653127,-0.06542023,-0.03503543,-0.06301925,0.0012294373,0.005129694,-0.0067865257,-0.00016220484,-0.0009924867,-0.010607821,-0.3018319,-0.019633226,0.03614438,0.009384337,-0.05808013,-0.0140469875,-0.0316323,0.0018859035,-3.5641548e-05,0.00053602876,-0.12869139,-0.028486943,-0.0046209097,-7.051433e-05,-1.2135975e-05,-0.0014888371,4.3518878e-05,-0.008369333,-1.9149622e-05,0.010185825,0.0055101262,-0.06997303,0.00032856682,-0.05047565,-0.0030872682,0.0,0.0,0.0,0.0,0.0,-0.0020290744
-0.09125024,-0.03645319,-0.008932523,-0.0034909751,-0.002089962,-0.0006597245,-0.0007102195,-0.0042729173,-0.050996665,0.061361726,-0.11616047,-0.053922564,0.001080158,-0.005585775,-0.015155604,0.013204511,-0.016078409,-0.013190476,-0.03571098,-0.0104907695,-0.0261291,-0.0042028707,-0.0010248133,0.0034266696,-0.0010056659,-0.001364108,0.0072371773,-0.37907758,0.0029330207,-0.21404195,-0.0051448354,-0.007833249,0.06258,-0.0023708295,-0.04026791,2.4406687e-05,-0.00024919154,0.013281438,-0.010632877,0.001359584,-0.00050802116,-1.8414214e-05,-0.0041029826,-0.0028748198,-0.003701073,-0.0014077408,0.0080757905,-0.0012874743,-0.005970188,7.531746e-05,0.010022261,0.002263891,0.0,0.0,0.0,0.0,0.0,-0.00035994322
-0.023870569,-0.00486134,-0.054776836,-0.013492183,-0.0013406541,-0.0020703608,-0.0013360239,-0.0030090602,-0.047732703,-0.021369658,-0.106630124,-0.06238678,0.015072486,-0.0047453674,-0.014313625,0.0051230825,-0.055020444,0.0011609178,-0.031958707,-0.008737353,-0.029353594,-0.0028706351,-0.0006450256,-0.015244465,2.4102126e-05,-0.0009938583,-0.013096776,-0.45967385,0.0082952045,0.08247989,-0.00089994946,0.057805173,0.012122237,-0.008999051,-0.021293152,-5.132708e-05,0.00035906676,-0.002768502,-0.0027327212,0.0002972901,-0.0003925698,-3.1204538e-05,-0.0010869564,6.0339273e-05,-0.003364526,-0.0011066213,0.014496332,-0.007085898,-0.018478164,0.00038604575,0.0211766,0.002893633,0.0,0.0,0.0,0.0,0.0,-0.0012556715
-0.0407347,-0.0061442098,-0.012777671,0.017584274,-0.0002652667,-0.0025082843,0.0010744414,-0.0035798152,-0.06369111,-0.0046861502,-0.13639008,-0.06726087,-0.003339911,-0.0034663458,-0.018963508,-0.0064949007,-0.0065741627,0.0010008168,-0.0376265,-0.0101756165,-0.04032112,-0.002886206,-0.0010061223,0.0033922358,-0.0015274889,-0.0016107875,0.0067212186,-0.44816113,0.0035820547,-0.20614372,-0.012653045,-0.04541524,-0.05030584,-0.010104233,-0.038888227,4.0698615e-06,-0.0005097317,-0.023506233,0.0102175055,-0.00015010321,-9.0139394e-05,-3.1204538e-05,-0.004463484,6.0024537e-05,-0.0038398246,-0.001617703,-0.024446191,-0.03766184,-0.04154827,0.00010418629,0.005615264,-0.0014959868,0.0,0.0,0.0,0.0,0.0,-0.012238754
-0.08004546,-0.030914484,-0.00288788,-0.0059416033,-0.0016392624,-0.00048067461,-0.0013178336,-0.004123242,-0.052994568,0.06136919,-0.120084375,-0.06354955,-0.0027738025,-0.0056042573,-0.016324187,0.0008285639,-0.0467458,-0.015687982,-0.035705894,-0.009405529,-0.019754382,-0.0039594523,-0.001102531,0.0033675178,-0.0009544829,-0.0014617946,0.0042557856,-0.4185881,0.0028695532,-0.23524883,-0.0040378287,-0.05225871,0.042340755,-0.0013399655,-0.03550107,9.84791e-06,-0.00024919154,0.009043008,-0.008376104,0.0010123793,-0.0007974678,-3.1204538e-05,-0.0034812728,4.8356596e-05,-0.0036942202,-0.0015683001,0.0075736837,-0.001715075,-0.00042130606,7.531746e-05,0.0100002885,0.0024370598,0.0,0.0,0.0,0.0,0.0,-0.00032098228
-0.0051977597,-0.027993903,-0.0809827,-0.03321707,-0.00090398686,-0.0016240983,-0.00084368663,-0.0036686845,-0.062528424,-0.0031079007,-0.1339541,-0.060942035,-0.037180874,-0.002446382,-0.016369743,-0.03130664,-0.08717516,-0.00032252475,-0.037688497,-0.0240952,-0.07064454,-0.0021744734,-0.0021192692,-0.0076834876,0.0067303083,-0.0009609318,-0.013935669,-0.34428146,-0.0118519375,0.10898481,0.0068193143,-0.045860007,-0.013561387,-0.005064147,-0.013998229,-2.1212018e-05,0.0009832537,-0.041890472,-0.023601962,0.00016938789,-0.00010446398,-1.7136434e-05,-0.0011707325,4.4660024e-05,-0.0058646263,-0.0018933797,0.009672573,-0.02109686,-0.064270414,0.0003280154,-0.045826506,-0.0035459213,0.0,0.0,0.0,0.0,0.0,-0.0035564378
-0.011883799,0.008133452,-0.009971388,-0.0051156394,-0.0017711782,-0.0051652933,-0.0009071891,-0.004937046,-0.036869876,-0.006751448,-0.1002751,-0.040414035,-0.01891376,-0.0019086972,-0.010270604,0.0017951047,-0.07733415,0.0040536122,-0.02813375,-0.003629927,0.032218322,-0.0016066252,-0.002190825,0.002320405,0.0011320951,-0.00071627914,-0.03808183,0.8689742,0.023752004,0.09773031,0.024071796,-0.038705036,-0.020878386,-0.06667746,0.009297474,-4.3017906e-05,0.00037739697,-0.09236467,-0.0008850269,0.0006698544,-0.00046330635,-4.705954e-05,-0.0025280712,-0.0113893375,-0.0029153347,-0.00087325246,-0.011161977,0.020333456,-0.0041255057,0.0003385845,0.006310039,-0.002715783,0.0,0.0,0.0,0.0,0.0,0.004816032
-0.033242427,0.008546049,-0.04534761,-0.02347759,-0.00088158256,-0.0018280719,-0.00053246506,-0.0018159595,-0.054754015,-0.013056557,-0.122829966,-0.065833904,-0.027030786,-0.0049277227,-0.013769247,-0.012233934,0.026726546,0.00042299455,-0.0321596,-0.0042253244,0.03536306,-0.002079559,-0.0018624393,-0.008747996,-0.0019489048,-0.0010060825,-0.02312009,-0.48984522,0.026566258,0.12320692,0.024203127,-0.018328846,-0.01580377,-0.012287301,-0.051274836,6.838396e-06,-0.00029920466,-0.010893014,-0.013527719,0.000769788,-0.00015730408,-1.4589201e-05,-0.0017623194,5.4714124e-05,-0.004067839,-0.0016217625,0.01012641,-0.0057920604,-0.023907343,0.00032909148,0.0029386843,-0.0026277218,0.0,0.0,0.0,0.0,0.0,-0.0005175909
-0.076222114,-0.02053313,-0.010696065,-0.0010383166,-0.0027296136,-0.0017739697,-0.00014067921,-0.0066320426,-0.061094064,-0.008764384,-0.11786111,-0.07757836,-0.064699106,-0.008289798,-0.016714403,-0.04378654,-0.01634812,0.0012730368,-0.035166476,-0.008692391,-0.036275476,-0.0038157066,-0.0011252131,0.0020868843,-0.0022295003,-0.0016413743,0.0043235356,-0.41839415,0.0033489633,-0.18876857,-0.008254108,-0.006655179,0.01778508,-0.006065037,-0.03211422,9.84791e-06,-0.0003285103,-0.00018009967,-0.016333783,0.0008164503,-0.00016557294,-3.1204538e-05,-0.004450616,-0.0025974277,-0.0031275733,-0.0016576521,-0.024444617,-0.036358837,-0.02166263,0.00010491154,0.005268542,-0.001981263,0.0,0.0,0.0,0.0,0.0,-0.0113000255
-0.013734549,-0.007844691,-0.06493323,-0.0051783146,-0.00033323347,-0.0017117019,-0.0007042293,-0.0025332149,-0.06878585,-0.00959491,-0.15590975,-0.058518067,-0.0015885774,-0.0020863432,-0.015659586,-0.0012302095,-0.059607673,0.0008210672,-0.040068403,-0.0044890544,0.00012533547,-0.0023518128,-0.0014330889,0.0027430707,0.0003078883,-0.0011574477,-0.0032853363,-0.4398167,0.0055756313,-0.22857541,-0.018344602,-0.011018966,-0.019338012,-0.028000694,0.0118496,-2.1212018e-05,0.0011642551,-0.073854476,-0.016910909,0.00016832493,-0.0004454099,-2.229474e-05,-0.0049418528,-0.0034172323,-0.005444336,-0.0018598171,0.0054061296,-0.0197703,-0.05741753,0.00011025648,-0.017486248,-0.005705129,0.0,0.0,0.0,0.0,0.0,-0.003412051
0.111568786,-0.021546783,-0.03897711,-0.005890598,0.002400986,-0.0006920174,-0.0007804574,0.0073345695,-0.05906299,0.11066071,-0.17641926,0.017661288,0.041963916,-0.0011481913,-0.01569046,0.0037671255,-0.04220748,-0.01007367,-0.0566327,-0.02659476,-0.03045745,-0.0034430106,-0.0015250468,0.0016425669,0.00011831994,-0.0012228567,-0.0017070562,-0.36334494,0.0054460284,-0.14745694,-0.015751323,-0.05642403,-0.081315935,0.0068027303,-0.0042327363,-5.132708e-05,-0.00017208322,0.032989066,-0.01575646,0.0010564777,-0.00016557294,-3.1204538e-05,-0.0038169317,5.195458e-05,-0.0016230914,-0.00049377006,-0.01065889,-0.0056505515,-0.04606315,0.00010708548,-0.02196948,-0.007063527,0.0,0.0,0.0,0.0,0.0,-0.0015356657
-0.0076797735,-0.009953876,-0.002044785,-0.016933221,-0.000731926,-0.0019015624,-0.0011616179,-0.004524985,-0.064776294,-0.02249268,-0.15120505,-0.059626997,-0.048359945,-0.003626871,-0.017944816,-0.012683667,-0.028857032,0.0014233101,-0.037995584,-0.02121001,-0.017026173,-0.0024459925,-0.0014757988,0.003478021,0.0006160117,-0.0016602387,-0.00031546722,-0.38132605,0.004265913,-0.22058645,-0.003891525,0.028897893,-0.038734324,-0.009842284,-0.044307064,9.84791e-06,-0.0005097317,-0.005088483,-0.012242615,-0.0005769138,-9.0139394e-05,-2.2116697e-05,-0.003229789,4.8587077e-05,-0.0058204257,-0.0020670972,-0.015040173,-0.015463016,-0.018154036,0.00010418629,0.009918848,0.0026100003,0.0,0.0,0.0,0.0,0.0,-0.0035599999
-0.06013952,-0.00577091,-0.05191934,-0.023536477,-0.0011351306,-0.0023843271,-0.0010221301,-0.0024899757,-0.04941459,-0.022418149,-0.10489263,-0.060084417,0.013444851,-0.005041566,-0.01688749,-0.022559231,-0.019324824,0.0008783373,-0.031449996,-0.0123105375,-0.045235716,-0.0029090638,-0.0010236324,-0.016133085,-0.0015398494,-0.0009424969,-0.02705384,-0.46019915,0.008301309,0.08344947,0.0012919698,-0.027213212,-0.02179289,-0.014011768,-0.057415288,9.84791e-06,-0.00013907746,-0.008672675,-0.0061631603,0.0007229266,-0.0003925698,-3.1204538e-05,-0.001281353,5.523291e-05,-0.0034461548,-0.0013424142,0.010329198,-0.0010036014,-0.0026713337,0.0003832256,0.021264818,0.0026030028,0.0,0.0,0.0,0.0,0.0,-0.00024429412
-0.013786029,0.0038439066,-0.040913977,-0.01233809,-0.0023263607,-0.0007810883,-0.0008875287,-0.0031741925,-0.040921096,-0.01835265,-0.11971737,-0.038250532,0.0022357444,-0.0016962234,-0.011365283,-0.0103141535,-0.11705036,-0.007586082,-0.03105087,-0.03956532,-0.081434436,-0.0015559508,-0.00089366024,0.0052331556,0.0003279073,-0.0008307173,-0.03621735,0.7290859,0.009771208,0.07064936,-0.0034199674,-0.05828523,-0.028047746,-0.119069554,0.022919754,-4.3017906e-05,0.0008984769,-0.15604383,-0.019216476,0.0007738854,-0.0007953333,-4.705954e-05,-0.0024344756,-0.009537689,-0.002527921,-0.0007539737,0.0045122686,0.023096448,0.047574766,0.000412597,0.024812946,0.0030662175,0.0,0.0,0.0,0.0,0.0,0.0061250543
-0.026326025,-0.013146215,-0.03623324,-0.017484853,-0.00069144386,-0.0025878893,-0.00069789065,-0.003519713,-0.055924952,-0.02718668,-0.099804625,-0.07792413,-0.008596768,-0.0043231123,-0.017454224,-0.043958362,0.13014124,0.00028088802,-0.027994992,-0.0070288414,-0.022280259,-0.0034395938,-0.0008031885,0.0035420924,0.0003980088,-0.001319556,0.0066676955,-0.41123787,0.0055134147,-0.15500493,-0.014823785,-0.034684718,0.059692703,-0.0067301937,-0.025892494,-0.00012720705,-0.00015628952,-0.0072534173,0.054943033,0.0002150242,-0.0004454099,-1.8414214e-05,-0.0017504563,-0.002878147,-0.0040579396,-0.0013922871,0.0066421498,-0.049610727,-0.0370948,0.00010311019,0.010457915,-0.005352901,0.0,0.0,0.0,0.0,0.0,-0.01411116
-0.02608318,-0.005231367,-0.020530986,-0.016953437,-0.0035544396,-0.0009454445,-0.0006766687,-0.0051789824,-0.06312416,-0.027483901,-0.15226604,-0.07323217,-0.01300241,-0.0054703825,-0.018199727,-0.0050567007,0.0023742893,-0.009394798,-0.037816767,-0.025054736,-0.023438884,-0.002329239,-0.0021312372,0.0039839796,3.1659765e-05,-0.001698117,0.006840777,-0.36975932,0.0035791995,-0.24706057,-0.0006821122,-0.04033403,-0.052119024,-0.005666652,-0.027011503,-3.5641548e-05,-0.0005097317,-0.006135493,-0.026545517,-0.005044047,-0.00020559077,-1.8414214e-05,-0.0037120488,4.9066723e-05,-0.004170673,-0.0016163063,-0.012335776,-0.04938425,0.0033275571,6.508767e-05,0.009416969,0.0018317138,0.0,0.0,0.0,0.0,0.0,-0.013342077
-0.018796865,-0.0015120527,-0.04643748,-0.018746575,-0.00095876947,-0.002666269,-0.0005952006,-0.0024825528,-0.06894374,-0.022829758,-0.1635834,-0.06371751,-0.025643835,-0.0030550028,-0.014803613,-0.010327926,-0.00097043044,0.00062646694,-0.04290217,-0.0050600264,-0.032355275,-0.0017689039,-0.0012396729,0.0030794784,-0.0023193858,-0.0009512346,-0.030211575,-0.49731323,0.0049276752,-0.008871776,-0.007549121,-0.028907219,-0.02132519,-0.0036441465,-0.034527835,-0.00012720705,-0.00034993107,0.003921325,-0.02005521,-0.0034666604,-9.0139394e-05,-1.4589201e-05,-0.002041941,5.3947995e-05,-0.004918749,-0.0017951891,-0.015740488,-0.005959015,-0.11519698,0.00014839093,-0.042321764,-0.008681083,0.0,0.0,0.0,0.0,0.0,-0.00045699056
-0.009088327,-0.008217516,-0.00043081155,-0.013160298,-0.0012985138,-0.0027436055,-0.00063003326,-0.0026894538,-0.05770597,-0.007821959,-0.13934113,-0.057528257,0.009690564,-0.0036949315,-0.013274028,-0.016169751,-0.028528612,0.0016501974,-0.039334454,0.0003652404,-0.008712792,-0.0023198444,-0.00069571886,0.004844302,0.00033515424,-0.0014607669,-0.030401984,-0.47540477,0.005716048,0.039720286,-0.015340522,0.022260865,-0.014292979,-0.01697446,-0.035795458,-2.1212018e-05,0.0010221698,-0.012021681,-0.012138394,-0.0013128867,-0.0002523627,-3.1204538e-05,-0.0018397856,5.2069234e-05,-0.005059729,-0.0017887027,-0.019973136,-0.011176936,-0.037482858,0.00035956356,0.031979427,0.0077757216,0.0,0.0,0.0,0.0,0.0,-0.0024255044
-0.071828045,-0.015011856,-0.011588818,0.016190318,-0.00015633242,-0.0014479624,-2.1254264e-05,-0.0036396438,-0.05642563,-0.008097417,-0.13251369,-0.05944886,-0.031436417,-0.0029283494,-0.016950926,-0.05027198,-0.0988118,0.00061994354,-0.036131464,-0.008599298,-0.0005120899,-0.0030103188,-0.0018164398,0.0029831135,-0.0018297706,-0.0013479135,0.009554726,-0.4442265,0.005675984,-0.22565591,-0.018690255,-0.012809363,0.020824043,-0.0068879095,-0.05517358,9.84791e-06,-0.0003285103,-0.0006533909,-0.015641378,0.0007544876,-0.0002523627,-3.1204538e-05,-0.0037718837,4.8095724e-05,0.028790714,0.012504499,-0.006461731,-0.004039794,-0.041757096,0.00011025648,-0.007743004,-0.0038594748,0.0,0.0,0.0,0.0,0.0,-0.000116775096
-0.024768788,-0.003605884,-0.001455697,-0.005865145,-0.00031942208,-0.001752551,-0.00016942051,-0.003765345,-0.063634515,-0.014648843,-0.15708002,-0.058024693,0.005080928,-0.0051110866,-0.018052047,-0.019191999,-0.012657218,0.0015903414,-0.039527748,-0.0020778403,-0.010381437,-0.0023223625,-0.0007893418,0.00369281,-0.0021007515,-0.0014234901,0.0052694427,-0.5073758,0.0035845991,-0.2589119,7.754016e-05,-0.063600376,-0.019604573,-0.0069761164,-0.040748723,-2.1212018e-05,-0.0005097317,-0.013892357,-0.0058032162,0.00014345942,-0.00019952259,-3.1204538e-05,-0.0038032578,5.2354626e-05,-0.0050672647,-0.0019487079,-0.015784452,0.001752023,-0.013816129,0.00013920275,0.012833804,0.0029999767,0.0,0.0,0.0,0.0,0.0,0.0006331334
-0.013047105,-0.0020883186,-0.06966734,-0.0033416161,0.0005451699,-0.001078954,-0.006784932,-0.0059008324,-0.036372893,-0.0020899612,-0.09197685,-0.0391781,-0.016226467,-0.0023286347,-0.009581513,0.00035465017,-0.26842478,0.004641785,-0.025866909,-0.041031774,0.0044620642,-0.0016173975,-0.017066998,0.015521939,0.0052722255,-0.0008530766,0.045407444,0.77860814,0.0052198856,0.087060936,-0.00814794,0.00035360325,-0.013117107,-0.0008304398,-0.02502713,-4.3017906e-05,0.0006814869,-0.008773727,-0.022895813,-0.008319561,-0.00046330635,-8.4985644e-05,-0.0011133135,0.00018383491,-0.0026044766,-0.000898786,-0.00711069,0.009142947,0.060892824,0.00011658461,0.025035493,0.006165274,0.0,0.0,0.0,0.0,0.0,0.004365729
-0.037129406,-0.018293826,-0.046739567,-0.007732134,-0.005341541,-0.0016242249,-0.001193047,-0.005894602,-0.068012394,-0.02220725,-0.15877458,-0.061047435,-0.0770575,-0.0034835755,-0.016410986,-0.0046885516,-0.02139109,0.0005953217,-0.04840768,-0.0065889647,-0.028472709,-0.0026992005,-0.00235562,0.0025932335,-0.0016051999,-0.0010029066,0.0037331218,-0.4030597,0.0037188267,-0.16846748,-0.009809423,-0.055708606,-0.02507447,-0.007360037,-0.043591764,-5.132708e-05,-0.0003882372,0.0025057609,-0.011635048,0.00039315052,-0.0002523627,-2.2116697e-05,-0.0045334417,5.2069234e-05,-0.0048938054,-0.0017834796,-0.014923998,-0.0013043841,-0.05772362,0.00011025648,-0.014430399,-0.0049315873,0.0,0.0,0.0,0.0,0.0,-9.775194e-05
-0.017560806,-0.016278112,0.0005028241,0.01845295,-0.0010527328,-0.0021471153,-0.00023081951,-0.0036325343,-0.057440426,-0.008494084,-0.12088512,-0.060939245,-0.03065799,-0.003554233,-0.01685501,-0.007631816,-0.016315766,0.0007848773,-0.032055154,-0.0055524777,0.0016878052,-0.0031750333,-0.00051730446,0.0029657292,-0.0019104475,-0.0016363343,-0.042218048,-0.4641888,0.0051348098,-0.03944802,-0.022595206,-0.08389796,0.0031173176,-0.007934245,-0.042316552,-5.132708e-05,-0.00028026046,0.0013981239,-0.013767655,-0.002619099,-0.0002523627,-3.1204538e-05,-0.0025981024,4.7423586e-05,-0.0034861828,-0.0016963896,-0.022406382,-0.039216876,-0.064826615,0.00012343428,-0.018020727,-0.007904311,0.0,0.0,0.0,0.0,0.0,-0.014462747
-0.056221716,-0.01978135,-0.035638254,-0.012541046,-0.0030919984,-0.0020383222,-0.0005862548,-0.0048943,-0.06503799,-0.018134337,-0.15433821,-0.06544338,-0.08699713,-0.002922127,-0.015695661,-0.008693878,-0.038560923,0.00087290665,-0.04736358,-0.0063261217,-0.034277853,-0.0024509963,-0.0026284074,0.0027236438,-0.0010107378,-0.0010029066,-0.021895008,-0.3962772,0.0034068183,-0.016659755,-0.009267702,-0.06891108,-0.01412467,-0.0069898376,-0.032160945,-5.132708e-05,-0.00013907746,0.001218749,-0.0050412896,8.076481e-05,-0.0004454099,-2.2116697e-05,-0.0019030173,5.9499533e-05,0.026229342,0.0077091428,0.008741195,-0.003925259,-0.09732884,0.00014731483,-0.031675782,-0.008922664,0.0,0.0,0.0,0.0,0.0,0.0006231045
-0.00950797,-0.0026194577,-0.006191051,0.0041410835,0.0075065843,0.021927625,-0.000918671,-0.006356477,-0.062622726,0.0046039866,-0.1437133,-0.063093044,-0.0749961,-0.003049687,-0.01470257,0.0018479635,-0.01868014,0.019495316,-0.035952386,-0.0055249687,0.0061221374,-0.0022302775,-0.0004229174,0.0028354446,0.0002880033,-0.0015657569,-0.016094713,-0.46153906,0.005719119,-0.05062841,-0.016992925,0.013462968,0.014624138,-0.00024895195,-0.016394224,-3.5641548e-05,-0.00028026046,-0.0015695444,-0.018641714,-0.0028359802,-0.00060442055,-1.8414214e-05,-0.004809539,5.5748387e-05,-0.0039665517,-0.0017148146,-0.011981897,-0.018556071,-0.08867308,0.00014911618,-0.0354358,-0.011075622,0.0,0.0,0.0,0.0,0.0,-0.002256427
-0.011513102,-0.025076522,0.0045153894,-0.019250806,-0.0011080204,-0.002842522,0.00059698854,-0.002937644,-0.06025736,-0.023287961,-0.14188544,-0.067133255,-0.02864183,-0.0039852248,-0.017301036,-0.038030833,-0.012813971,0.00061029696,-0.035531014,-0.043643653,-0.0106136855,-0.0033328144,-0.0021421516,-0.02324566,-0.00030660443,-0.001426666,-0.01833223,-0.40534145,-0.024421785,0.049065124,-0.0050502196,-0.0064549902,-0.026120747,-0.013107517,-0.057031177,2.4406687e-05,-0.0011337408,0.004205236,-0.0327756,-0.0022772127,-0.0001429795,-1.4589201e-05,-0.0015815892,4.581591e-05,-0.005188343,-0.0019505648,-0.025157634,-0.017958207,-0.04857041,-0.0049577286,-0.00054919376,-0.014036091,0.0,0.0,0.0,0.0,0.0,-0.0027706823
-0.011321592,-0.0027988993,-0.06646004,0.00020274182,-0.00013443583,-0.0009668616,-0.0055572814,-0.00200926,-0.036551703,-0.002781397,-0.09707077,-0.039408006,0.014698768,-0.0015690979,-0.0119241355,0.0020773138,-0.07611693,0.0062601524,-0.020626137,-0.04077586,-0.0033038682,-0.001643842,-0.0043023564,0.015343483,0.0059604226,-0.0008530766,0.038202237,0.9032591,0.004633466,0.07916976,-0.00622989,-0.056264184,-0.01644329,-0.00022773012,-0.013389327,-0.00016599684,-0.00013903546,0.0069490313,0.0011825311,0.00033715853,-0.00047763094,-8.4985644e-05,-0.0011232821,0.00028093375,-0.002849733,-0.0009568408,0.002900547,0.011298072,0.06427269,0.00011658461,0.025494207,0.0071383384,0.0,0.0,0.0,0.0,0.0,0.0033299034
0.0005679852,0.00551727,-0.028754674,-0.018436423,-0.0040638326,-0.0017338456,-0.00051919394,-0.0029404212,-0.05362705,-0.075454146,-0.0877365,-0.059808403,-0.0046144226,-0.0024031524,-0.018077444,-0.026865188,-0.054268006,-0.005761501,-0.028005585,-0.031565875,-0.035614625,-0.0029303257,-0.0012683386,-0.0123716425,-0.00041559472,-0.0012273751,-0.016891103,-0.2919145,-0.017456604,0.079319105,0.01603607,0.006971497,-0.09220512,-0.0070698597,0.12447933,-2.1212018e-05,0.0011464878,-0.051940903,0.031706426,6.703729e-05,-9.0139394e-05,-2.229474e-05,-0.0013276592,6.459835e-05,-0.007980208,-0.0012172884,-0.0222162,-0.06449967,-0.010004087,0.00023192033,0.017953148,-0.003148248,0.0,0.0,0.0,0.0,0.0,-0.00802627
-0.0036335497,-0.05416303,-0.0048981947,-0.025907211,-0.0017902137,-0.00281717,-0.0006540475,-0.0027136372,-0.063271336,-0.022538679,-0.13405314,-0.066883035,-0.09254274,-0.003501483,-0.018569754,-0.035892624,-0.0059207813,-0.00061118935,-0.03881344,-0.024025435,-0.0044915085,-0.0040795845,-0.003376555,-0.012735925,-0.00030660443,-0.0017150869,-0.017729353,-0.36944488,-0.02729992,0.047031127,-0.0029660242,0.00026290727,-0.02250497,-0.008390937,-0.039714508,-3.5641548e-05,-0.0011337408,-0.0020068828,-0.025386943,-0.0018346814,-0.0001429795,-1.4589201e-05,-0.0015728569,3.789717e-05,-0.0052256985,-0.0020052854,-0.022454415,-0.03165387,-0.045682404,-0.0030664315,-0.005372273,-0.008777921,0.0,0.0,0.0,0.0,0.0,-0.009144483
-0.02143063,-0.006485061,-0.043989655,-0.0007580874,-0.0025169456,-0.0023884238,-0.0006096145,-0.003703198,-0.056675542,-0.032923803,-0.10970287,-0.06281663,0.01620762,-0.0049102167,-0.014863453,0.0015125734,-0.038246173,0.001578568,-0.035482407,0.003978905,-0.016765658,-0.0018904015,-0.0006454939,0.006336511,0.0004866119,-0.00091950083,-0.031564664,-0.48561648,0.003663497,0.056568515,0.0008573012,0.02216426,0.021416731,-0.0043673916,-0.023263473,-5.132708e-05,0.00052230095,0.0032670242,0.00813411,0.00017670431,-9.0139394e-05,-3.1204538e-05,-0.001270605,6.749229e-05,-0.003738581,-0.0013963291,-0.018635243,-0.013817118,0.019684589,0.0003571858,0.032505237,0.007383264,0.0,0.0,0.0,0.0,0.0,-0.0022419333
-0.012436518,-0.028578416,-0.034153264,-0.013666584,-0.00090536877,-0.002117116,-0.00060341356,-0.0033782122,-0.06207329,-0.019140983,-0.14151259,-0.0624629,0.0022922389,-0.0025937173,-0.014648234,-0.010733291,-0.042880986,0.00067455147,-0.03743715,-0.0025511438,-0.034335926,-0.0028343068,-0.0006056463,0.0031641542,0.00031621725,-0.0009424969,-0.016133377,-0.46031067,0.0034545602,-0.007942712,-0.010524765,0.029497363,-0.019514954,-0.0031952714,-0.030561017,-5.132708e-05,-0.00013907746,0.004541522,0.009331634,6.2420506e-05,-0.0003925698,-3.1204538e-05,-0.0018500991,6.0339273e-05,-0.0049862457,-0.0016644861,0.014857549,-0.020672854,-0.10861751,0.00014731483,-0.048528425,-0.009599907,0.0,0.0,0.0,0.0,0.0,-0.002568612
-0.008167787,-0.011865567,-0.026728615,-0.013541148,-0.0007855963,0.0014973027,0.00012788786,-0.0036102496,-0.05705403,-0.020862717,-0.10723435,-0.06140165,-0.0470126,-0.0037846968,-0.016669806,-0.012411203,-0.047687043,0.004361786,-0.02892302,-0.0017646392,0.004628555,-0.0037410317,-0.0021268602,-0.047237415,0.00017246336,-0.0012945035,-0.008886267,-0.37493283,0.0074636284,0.019264823,-0.009668705,0.024668345,-0.03325389,-0.011070805,-0.042631894,9.84791e-06,-0.000497638,-0.0040972764,0.042554315,-0.0005521046,-0.00015730408,-2.2116697e-05,-0.0014100573,4.355824e-05,-0.004720037,-0.0019624988,0.011584055,-0.033312812,-0.0029992992,0.00020203055,0.013285578,0.007869942,0.0,0.0,0.0,0.0,0.0,-0.010288518
-0.033568535,-0.0030162383,0.00043090613,-0.0068546836,-0.0002322684,-0.0015216921,-0.0011398485,-0.0040234337,-0.060588486,-0.023738297,-0.14800635,-0.06046871,-0.006962252,-0.0030804146,-0.018554188,-0.006763459,-0.033251964,0.0009250137,-0.036414586,-0.034058277,-0.031156395,-0.0028071231,-0.0040513347,0.0037333493,-0.0011024959,-0.0016602387,0.005415141,-0.44294587,0.0030746493,-0.28604472,-0.003255482,-0.034985345,-0.04085158,-0.023904145,-0.071671,9.84791e-06,-0.00024919154,-0.018044913,-0.016342733,-0.004473674,-0.0003925698,-3.1204538e-05,-0.0033609194,4.9105816e-05,-0.00429279,-0.0016961623,0.008089648,-0.024447657,0.026566433,6.47463e-05,0.011121518,0.0016534725,0.0,0.0,0.0,0.0,0.0,-0.0060970997
0.017504703,-0.05511021,-0.02990844,-0.02749444,-0.002977674,-0.0013310624,-0.0008515596,-0.0036330924,-0.05829617,-0.041626167,-0.12181723,-0.061220013,-0.10255405,-0.0046542604,-0.017477775,-0.037346717,-0.042960595,-0.013787076,-0.043880504,-0.0156065775,-0.033636678,-0.0035522045,-0.0066011855,-0.011787698,-9.589639e-05,-0.0012211768,-0.017867286,-0.35361218,-0.023903878,0.05470329,0.0071881074,-0.045272894,-0.026746046,-0.014942859,-0.038688377,9.84791e-06,-0.00019221935,-0.003422974,-0.01671467,0.00081521255,-5.6751454e-05,-2.2116697e-05,-0.0024039992,-0.002532733,-0.020599097,-0.008243873,0.009972441,-0.004642654,-0.020330478,-0.0050442456,0.021531766,-0.017133942,0.0,0.0,0.0,0.0,0.0,-0.0020988889
-0.059514686,-0.026473273,-0.05454619,-0.011792005,-0.0011692846,-0.0018958523,-0.0009905739,-0.0015623608,-0.044172127,-0.01924348,-0.08450624,-0.059947304,0.011069644,-0.005586618,-0.016454099,-0.017396625,-0.04067338,0.0008119181,-0.027299652,-0.0081341155,-0.028649176,-0.003376557,-0.0010509767,-0.021657906,0.015575751,-0.0009938583,-0.027957197,-0.406694,0.0051467824,0.073880404,-0.0006422707,-0.046128415,0.011455092,-0.009146492,-0.04104733,9.84791e-06,-0.000108039676,-0.0057983585,0.0005998964,0.0008697341,-0.0003925698,-3.1204538e-05,-0.001328192,5.523291e-05,-0.0029079812,-0.0011837682,0.008748189,-0.0021503186,0.040262938,0.00038419684,0.022720123,0.002684125,0.0,0.0,0.0,0.0,0.0,-0.00043786236
-0.029435147,-0.024528371,-0.029696345,-0.020759422,-0.00046173888,-0.0020589167,-0.0011682195,-0.002999107,-0.057708573,-0.022846028,-0.1302194,-0.05788155,0.006035646,-0.0044131386,-0.016756881,-0.02258908,-0.007522739,0.0011634345,-0.03572038,-0.0036478278,-0.029488515,-0.0033106913,-0.0011832914,0.0035786189,-0.0008164965,-0.0009424969,0.0018945419,-0.45739546,0.0036826606,-0.25710493,-0.004461522,-0.082899265,-0.026152829,-0.010314243,-0.04977159,9.84791e-06,-0.00033751084,-0.007176093,-0.000656317,0.00015508733,-0.0003925698,-3.1204538e-05,-0.0034602531,5.523291e-05,-0.0056708567,-0.0017484959,0.010366382,-0.0011035005,0.0069755577,0.00013812665,0.0123544475,0.0029617108,0.0,0.0,0.0,0.0,0.0,-0.00023795888
-0.01171991,-0.04563177,-0.01701595,-0.026130617,-0.0013934445,-0.0010174358,-0.0051753293,0.01132715,-0.06337604,-0.030972207,-0.13994357,-0.055273827,-0.06728572,0.010309102,-0.016812878,-0.0355802,-0.0035111054,-0.036705043,-0.039155614,-0.01859827,-0.05092621,0.011106194,0.0053261486,-0.005127238,-0.000104396575,-0.0011731423,-0.012521675,-0.3020108,-0.0205349,0.040978614,0.0073576663,-0.09736925,-0.015706006,-0.016122008,-0.053585462,-2.543168e-05,0.00053602876,-0.080347635,-0.014161752,0.000662678,-9.023833e-05,-7.589419e-05,0.0005095213,-0.0023155862,-0.02757869,-0.008054907,0.009454237,-0.040953655,-0.05362582,-0.003943804,-0.02546122,-0.0060933596,0.0,0.0,0.0,0.0,0.0,-0.0118518295
-0.009541448,-0.0042666513,-0.00047935924,-0.003288222,-0.00095013925,-0.0026912875,-0.000328013,-0.0026475096,-0.05174038,-0.00542315,-0.115450144,-0.05885471,0.011639186,-0.0049975766,-0.01687811,-0.011324857,-0.027377892,0.0007954681,-0.030415554,-0.009216137,-0.0096708415,-0.0031668842,-0.0016944595,0.0048695067,0.00014930198,-0.0016453826,-0.027973952,-0.40008554,0.0058660633,0.016879383,-0.012647655,0.03898006,-0.014982694,-0.005022009,-0.036887683,-2.1212018e-05,-0.0003112983,-0.018413462,-0.012518487,-0.0012346292,-0.0002523627,-3.1204538e-05,-0.0018147109,4.8280635e-05,-0.004374456,-0.0016692365,-0.027499966,-0.047775995,-0.042915937,0.00020310665,0.017192692,-0.008641909,0.0,0.0,0.0,0.0,0.0,-0.010060327
-0.00517782,-0.026375769,-0.008206857,-0.05897735,-0.00011460974,0.0008218532,-0.0008355016,0.0033515014,-0.07381408,-0.019665297,-0.10425517,-0.06328261,-0.17064922,0.0044015804,-0.016927732,-0.03871275,0.047108535,-0.030906087,-0.07009866,-0.0584907,-0.081422135,-0.0031354,0.0002363639,-0.009073751,7.5075375e-05,-0.0010676311,-0.008634652,0.5688766,-0.015047552,0.14706592,0.0060979836,-0.101261005,-0.068784155,-0.023464372,-0.047055956,-0.00010194289,0.00041171268,-0.079160936,-0.031019125,-0.0066198627,-9.540092e-05,-1.8954717e-05,-0.0010054264,8.4951665e-05,-0.005330751,-0.001310073,-0.011868427,-0.17480071,-0.03966277,0.000318217,-0.043733567,-0.00536244,0.0,0.0,0.0,0.0,0.0,-0.05450571
-0.008141747,-0.03467543,0.0025965713,-0.016623998,-0.0023070641,-0.0028234776,-7.67725e-06,-0.0039163055,-0.06527956,-0.022255385,-0.14906953,-0.06292353,-0.08912575,-0.002938515,-0.014845753,-0.015768113,-0.03697566,0.0012210057,-0.046671387,-0.041376926,-0.020842385,-0.0024719578,-0.0019284574,0.0044571673,2.323075e-06,-0.0013718179,-0.034445897,-0.39588585,0.005392741,0.05150876,4.171049e-05,0.0058869775,-0.025192548,-0.0054581994,-0.0389813,-5.132708e-05,-0.0011337408,0.0008205354,-0.015229838,0.00013799257,-9.0139394e-05,-2.2116697e-05,-0.00128063,5.1843817e-05,-0.005533421,-0.0020387357,-0.018930929,-0.0135078635,0.012427655,0.00035956356,0.028248897,0.007969392,0.0,0.0,0.0,0.0,0.0,-0.0010451928
-0.0065150377,-0.020488415,-0.0032654016,-0.01766258,-0.0028790487,-0.0013206794,-0.0005974259,-0.0040960624,-0.06103286,-0.029238185,-0.14324936,-0.064851925,0.00986427,-0.0039194482,-0.013948978,-0.027161643,-0.025807325,-0.013791251,-0.042620476,-0.052395698,-0.022872547,-0.0029439968,-0.00064172223,0.006031222,0.0002740934,-0.0014096962,-0.02959656,-0.43766803,0.005180824,0.0570921,-0.0004623675,0.014311877,-0.029873177,-0.005227564,-0.03536613,-0.00012720705,-0.0011337408,0.0026689225,-0.01246017,0.000720383,-9.0139394e-05,-1.8414214e-05,-0.001379167,5.5346507e-05,-0.0045810123,-0.0013504806,-0.018704325,-0.013351568,0.006083063,0.00035697993,0.03022591,0.006611805,0.0,0.0,0.0,0.0,0.0,-0.0027967107
-0.008231676,-0.0452799,-0.17397651,-0.008409989,-0.0046238764,-0.003917417,-0.00072693534,-0.0056146565,-0.031369884,-0.01232549,0.48010135,-0.5028359,-0.004996499,-0.0071787676,-0.03821013,-0.0130107645,-0.00014938378,-0.021490654,0.115059316,-0.046626333,-0.045819875,-0.027309438,-0.0025708461,-0.00542251,-9.721903e-05,-0.011748169,-0.007847472,-0.30094406,-0.048902474,0.022214074,0.0031945377,-0.024105981,-0.029641187,-0.03351698,-0.009463857,-3.5641548e-05,0.00040942026,-0.060065765,-0.022207612,-0.0020416672,-0.00018344319,-1.4676903e-05,-0.00095275365,0.00014990963,-0.022537472,-0.0070827617,0.006847784,-0.16364034,-0.02584524,0.000118191725,-0.011555598,-0.0025308502,0.0,0.0,0.0,0.0,0.0,-0.04427362
-0.0532717,-0.014477504,-0.003928827,0.028174253,-0.00029777212,-0.0014548663,0.001126776,-0.0035613396,-0.054369107,-0.00819204,-0.117851794,-0.057961877,0.017069582,-0.00347098,-0.015420662,0.016083285,-0.0771797,0.00091216905,-0.032488223,-0.017640496,0.024242988,-0.0033093558,-0.0015054628,0.0029831135,-0.0018115591,-0.0013217912,0.008331723,-0.4786041,0.0054759434,-0.17046295,-0.011574177,0.03147341,0.057659145,-0.007966371,-0.05460952,9.84791e-06,-0.0003285103,0.0031532594,-0.012786982,0.0007544876,-0.0002523627,-3.1204538e-05,-0.0031359252,4.8095724e-05,-0.0033660217,-0.0019541255,-0.01567894,-0.0043383148,-0.009832484,0.00013920275,-0.008105698,-0.0032420766,0.0,0.0,0.0,0.0,0.0,-0.00082880666
-0.040833846,-0.047150336,0.00029664533,-0.026627421,0.006261387,0.014494587,-0.00085530925,-0.0050959582,-0.062045563,-0.019472072,-0.11917756,-0.10674961,-0.04187417,-0.0040799906,-0.018905118,-0.033872582,-0.01132336,-0.01623135,-0.03170663,-0.024144387,-0.033478666,-0.0035228094,-0.0034991514,-0.012092197,-0.00011198991,-0.0016841568,-0.01434883,-0.30363008,-0.0257551,0.061666865,0.0074548693,-0.034707192,-0.08322214,-0.035698757,0.1109201,-3.5641548e-05,0.00095417385,-0.06453027,-0.036196794,-0.003367943,-5.6751454e-05,-1.2135975e-05,-0.0019042871,3.9236475e-05,-0.01228338,-0.0028215668,0.007557089,-0.037597608,-0.05796888,-0.005069388,0.022608632,-0.017764097,0.0,0.0,0.0,0.0,0.0,-0.013329592
-0.010535141,-0.018792197,-0.046656653,-0.006896834,-0.002065266,-0.0012644038,-0.0014145952,-0.0034097226,-0.055981636,-0.019373925,-0.11807891,-0.06310219,-0.0072810114,-0.0038211534,-0.016098745,-0.0059172446,0.011726311,-0.014407347,-0.030371144,-0.007068128,-0.0311143,-0.0031540352,-0.00050314417,0.0028011843,0.00022986374,-0.0010412111,-0.007792407,-0.42720348,0.0033165088,-0.019234277,-0.010809807,0.052678607,0.011154809,-0.03358582,-0.013928516,-2.1212018e-05,0.00035906676,-0.06605776,0.002786792,0.00030094807,0.0002883494,9.947118e-06,-0.0024296113,5.9499533e-05,-0.0037438634,-0.0011419879,0.021523515,-0.010721967,-0.08718482,0.00014964634,-0.041539587,-0.009622624,0.0,0.0,0.0,0.0,0.0,-0.0051618023
-0.021091446,-0.007851759,-0.00783857,-0.011805891,-0.0012537447,-0.0011067311,-0.0001358773,-0.0028361692,-0.060246255,-0.006372493,-0.12422718,-0.057425294,-0.039878517,-0.0047270847,-0.016051741,-0.0037493424,-0.08296392,0.0012569037,-0.035593543,-0.026203189,0.008143846,-0.0030668967,-0.0015300426,0.0036847044,1.0966709e-05,-0.001359068,-0.0037063975,-0.447002,0.005115976,-0.22506891,-0.008149232,-0.0053783837,0.039572615,-0.0064617535,-0.04537815,9.84791e-06,-6.797025e-05,0.0009305348,0.0044290344,0.00027447837,-0.0004454099,-3.1204538e-05,-0.003303528,5.438101e-05,-0.0044101817,-0.0016391963,0.012464091,-0.015013916,0.04512554,0.00013992799,0.0038946057,0.0036215717,0.0,0.0,0.0,0.0,0.0,-0.0032269675
-0.0048959227,-0.0090434905,-0.04698552,-0.0044935774,-0.0010530322,-0.0024535654,-0.0011319845,-0.0026178334,-0.060713902,-0.01230553,-0.13867676,-0.060068917,0.001648155,-0.0026383342,-0.016376948,-0.0004845762,-0.015803363,0.001199972,-0.03476194,-0.0052494523,-0.02754278,-0.0028167441,-0.00092866895,0.0029561934,0.00017430866,-0.0018859114,-0.01936786,-0.36638907,0.004259802,-0.014320866,-0.013000634,0.035338387,-0.015521351,-0.035393722,-0.03377138,-2.1212018e-05,0.0006312089,-0.070436865,-0.010037095,-0.0006422315,-0.0002523627,-2.229474e-05,-0.0022105738,5.024569e-05,-0.00509256,-0.0017916163,-0.03826156,-0.035360683,-0.1056803,0.00012343428,-0.0359125,-0.00902308,0.0,0.0,0.0,0.0,0.0,-0.012025469
-0.004307965,-0.016692659,0.008872309,-0.017620293,-0.0019286402,-0.002064139,-0.0019377082,-0.0030665975,-0.06135828,-0.01638038,-0.1450002,-0.06278326,0.008894184,-0.0039317394,-0.014376434,-0.01632299,-0.093105994,0.002110167,-0.040880922,-0.015790792,-0.025927939,-0.0020651561,-0.00102721,-0.05264138,0.00019196581,-0.0013734979,0.0012702211,-0.37113544,0.006188722,0.05317996,9.621959e-05,0.012910557,-0.020014368,-0.031504557,-0.034028854,-2.1212018e-05,0.004365017,-0.053583395,0.0038142959,0.00033473887,-4.2426866e-05,-2.229474e-05,-0.0015661588,6.8498935e-05,-0.004490442,-0.0016516481,-0.01612305,-0.010950418,0.010264509,0.00036028883,0.027512576,0.010685233,0.0,0.0,0.0,0.0,0.0,-0.00060751825
-0.042274345,-0.0054605254,-0.027451571,-0.015011552,-0.0013523642,-0.0029087963,-0.000610697,-0.0039943606,-0.059607163,-0.014905046,-0.12689838,-0.061030407,-0.05510349,-0.004349364,-0.015846198,-0.01503358,-0.05805096,0.00062105135,-0.03685766,-0.016851004,-0.008817376,-0.003214519,-0.0029604048,0.0055091605,-0.0020386414,-0.001426666,-0.03647894,-0.4260412,0.0061213197,0.044259887,-0.0066338754,-0.022185493,-0.027644744,-0.007887919,-0.05080336,9.84791e-06,-0.00034993107,-0.009129525,-0.014435626,0.0006688642,-0.0001429795,-2.2116697e-05,-0.0014606332,5.227889e-05,-0.004827659,-0.001870205,-0.015779832,-0.0022712802,0.076829806,0.00035956356,0.021279572,0.005928151,0.0,0.0,0.0,0.0,0.0,-0.00068465574
-0.008041595,-0.016894571,-0.026283417,-0.01689215,-0.0015553628,-0.0052941088,-0.00051713374,-0.0035663054,-0.054097798,0.014591992,-0.10543744,-0.056028996,-0.047714088,-0.0018028007,-0.0161254,-0.027858607,-0.049575996,0.00073369703,-0.032934982,-0.019404855,-0.048991445,-0.002632309,-0.0018882595,-0.0114641525,-0.00040087133,-0.00087790994,-0.020422276,-0.30602914,-0.015238388,0.06518594,-0.0015589244,-0.021416495,-0.00882452,-0.024328569,0.25318545,-2.1212018e-05,0.0009832537,-0.049498677,0.027435645,0.0001765489,-0.00010446398,-1.7136434e-05,-0.0011085004,7.049041e-05,-0.008531279,-0.0018173843,0.010573303,-0.01732345,-0.05195611,0.00038604575,0.025838105,0.003266143,0.0,0.0,0.0,0.0,0.0,-0.0029529743
-0.007851314,-0.012195725,0.0050358013,-0.018269477,-0.001162378,-0.0021267734,-0.001541963,-0.003735245,-0.06337546,-0.022251382,-0.1531976,-0.05982753,-0.034975976,-0.0031692325,-0.016701857,-0.01762226,-0.10964041,0.0007283812,-0.03776759,-0.00874528,-0.02832609,-0.002359636,-0.0026659048,0.003133548,1.778073e-05,-0.0013718179,-0.021872662,-0.3609495,0.004749054,-0.007379913,-0.007640689,0.011640617,-0.02566051,-0.008337153,-0.06039778,9.84791e-06,-0.0008732006,-0.005278034,-0.01819152,-0.0016477007,-0.00010446398,-2.2116697e-05,-0.0018988065,5.279474e-05,-0.005422303,-0.0019805906,0.01220852,-0.02120934,-0.097451046,0.00014839093,-0.04291612,-0.009831269,0.0,0.0,0.0,0.0,0.0,-0.0029275327
-0.00066688104,-0.0355164,-0.042833477,-0.020975316,-0.0032158983,-0.0013018474,-0.0013572606,-0.0062461803,-0.058935214,-0.024238164,-0.12232392,-0.06462309,-0.08232606,-0.0033255087,-0.016336115,-0.036616907,-0.021645926,-0.009978448,-0.041290697,-0.03183851,-0.036312386,-0.0027149683,-0.0033116648,-0.023375534,-6.2374864e-05,-0.0009679733,-0.021809667,-0.3042128,-0.022658447,0.046136193,-0.004136318,-0.025751874,-0.008571653,-0.029505985,0.011294368,-2.1212018e-05,0.00070304144,-0.0580589,-0.028666308,-0.0032689553,-4.2426866e-05,-2.2116697e-05,-0.001111039,3.906381e-05,-0.019638702,-0.008291918,-0.012804317,-0.0016316525,-0.036850408,-0.0049555893,0.021718906,-0.02129844,0.0,0.0,0.0,0.0,0.0,-0.0016321994
0.01134789,-0.012038353,0.02753031,-0.00024912003,-0.0013579108,-0.0018552337,-0.0011319845,-0.0016236913,-0.052806925,-0.0040321546,-0.11902723,-0.0561764,0.018600846,-0.0024491888,-0.01554849,-0.0037494851,0.014798967,0.0006428941,-0.025959475,-0.0038638678,0.002068686,-0.0032403884,-0.000717243,0.0048744697,0.00039641093,-0.0018664519,-0.019540617,-0.29014087,0.0040268856,0.029939508,-0.009172574,0.04722327,-0.014365664,-0.0389164,0.031876784,-2.1212018e-05,0.00018376857,-0.08992474,-0.012970367,-0.0012300261,-0.0003925698,-2.229474e-05,-0.0022620854,5.0761548e-05,-0.004478509,-0.0016982951,0.021104114,-0.07171913,-0.04867458,0.00020310665,0.023840692,-0.00894314,0.0,0.0,0.0,0.0,0.0,-0.016902525
-0.045474812,-0.01959441,-0.0065539186,0.012551468,-0.00041009107,-0.0017163915,0.0010295825,-0.0035893829,-0.061837666,-0.0044419286,-0.13082476,-0.06063052,-0.027916837,-0.003901081,-0.020021435,-0.002173086,-0.056928866,0.00053221325,-0.035674743,-0.018869407,0.01152402,-0.0039444766,-0.0011164512,0.0027436155,-0.002622015,-0.0016419458,0.0028450466,-0.44279504,0.006008722,-0.21936265,-0.005718277,-0.001722554,-0.03347845,-0.0061804745,-0.05693167,4.0698615e-06,-0.00024919154,-0.03639173,-0.014151508,-0.00016199211,-0.0004454099,-3.1204538e-05,-0.004060302,-0.0028744985,-0.004102819,-0.0017128094,0.009092104,-0.026111057,-0.01954976,0.00010418629,-0.007412213,-0.0035014767,0.0,0.0,0.0,0.0,0.0,-0.008621756
-0.027953494,-0.02096529,0.004868972,-0.0053334613,-0.00033989447,-0.0015197592,4.1898784e-06,-0.0026308855,-0.057345077,-0.018908,-0.1397699,-0.05590071,0.0009543349,-0.0047387825,-0.01778223,-0.019372143,0.039139383,0.0008695857,-0.038357742,-0.011022436,-0.024757877,-0.00343768,-0.0011068813,0.0033205543,-0.0013673538,-0.0014234901,0.00091191544,-0.45819688,0.003365949,-0.23555063,-0.009242457,-0.091506995,-0.026181487,-0.009897531,-0.05577608,9.84791e-06,-0.00024919154,-0.0055555864,-0.00791572,0.00015508733,-0.0003925698,-3.1204538e-05,-0.0043134997,4.8641996e-05,-0.00472629,-0.0018995072,0.018414414,-0.0012458907,-0.042642362,0.00011025648,0.010549048,-0.0054957485,0.0,0.0,0.0,0.0,0.0,-0.00014578496
0.0043343436,-0.0051782336,-0.025543291,-0.014463763,-0.0032122645,-0.0015389494,-0.0008993416,-0.0025716326,-0.05082513,0.05051113,-0.125113,-0.022490922,0.0026740683,-0.003945135,-0.016398527,-0.018656403,-0.042569224,-0.012634222,-0.051179025,-0.017703954,-0.017009044,-0.0037235892,-0.0038661715,-0.011584157,3.327735e-05,-0.001525831,-0.01365316,-0.37159657,-0.027880894,0.062600166,0.011966789,-0.056567863,0.01406648,-0.0062209466,-0.022448031,9.84791e-06,-0.0001628787,-0.004488137,0.031281892,0.0008691904,-9.023833e-05,-3.1204538e-05,-0.0012897395,5.3335556e-05,-0.008792683,-0.003459954,0.009580309,-0.05320161,-0.014653934,-0.0031228994,-0.0010713484,-0.0050712973,0.0,0.0,0.0,0.0,0.0,-0.009115959
-0.061419006,-0.031460606,-0.003875204,-0.009024756,-0.0035633221,-0.0006447493,5.4440825e-05,-0.005689604,-0.05483463,0.030741224,-0.116084084,-0.06796279,0.013554622,-0.012902892,-0.017976467,0.011262364,-0.05320323,-0.014007539,-0.034392346,-0.019968778,-0.012960606,-0.003549865,-0.004012714,0.0023517793,-0.002044818,-0.0015727762,0.0028372887,-0.374629,0.0039422633,-0.21971773,-0.0064590117,-0.024126533,0.05136834,-0.0066471375,-0.054461133,6.621307e-06,-6.797025e-05,0.012989427,-0.026700215,-0.0044470937,-0.0007974678,-0.0005340816,-0.0056903353,4.934668e-05,-0.003865135,-0.0015441725,0.00041168826,-0.02579853,0.002645873,6.508767e-05,0.006030322,0.0018373466,0.0,0.0,0.0,0.0,0.0,-0.0063681095
-0.0029445586,-0.046713896,-0.045910306,-0.019380808,-0.0012559361,-0.0030136344,-0.00054500654,-0.0021097562,-0.05452437,0.016806567,-0.09585532,-0.055623304,-0.025463488,-0.0017279914,-0.018080086,-0.027171053,-0.022776455,0.000786272,-0.028552776,-0.00548517,-0.057192963,-0.0030481094,-0.0016983009,-0.009325438,-0.00041416154,-0.0011035826,-0.013837568,-0.40440837,-0.0242851,0.07304601,0.0122551685,0.014340088,-0.004391732,0.0024014183,0.26517954,-3.5641548e-05,0.0011464878,-0.035071567,0.03870169,-0.00039597793,-0.0001429795,-1.2135975e-05,-0.0012747955,7.046944e-05,-0.009521735,-0.0019019517,-0.017521635,0.010068899,-0.08957766,0.0003280154,-0.037268873,-0.0025796124,0.0,0.0,0.0,0.0,0.0,-0.0029307518
-0.011565278,-0.0116765825,-0.05870594,-0.017086994,-0.0017723879,-0.0014701212,-0.00010633407,-0.0028089082,-0.059341423,-0.012829794,-0.12612405,-0.06248294,0.002489111,-0.0060800393,-0.013396745,-0.022646468,-0.066721916,-0.0062771365,-0.036276773,-0.03025726,0.036982074,-0.0036987977,-0.0016831731,-0.007940569,-0.0007462816,-0.0010228213,-0.009618287,-0.41853014,-0.029203275,0.09385314,0.007884662,-0.0028946826,-0.012618042,-0.018976292,0.032165825,-2.1212018e-05,0.0009832537,-0.07341551,-0.019747505,0.00046723924,-0.00015730408,-3.1204538e-05,-0.0024964232,-0.0034296836,-0.0052105356,-0.0018933797,0.0108926445,-0.021331873,-0.030875558,0.0003259205,-0.011211579,-0.0029244414,0.0,0.0,0.0,0.0,0.0,-0.0045452467
-0.021977657,0.0095980745,2.2003464e-05,-0.031120434,0.0006541452,-0.0008906064,-0.0070825648,-0.016360788,-0.030008808,-0.0057400702,-0.082188375,-0.048678197,-0.10969134,-0.005181599,-0.010484546,-0.002422218,-0.25128347,-0.0009687465,-0.0285398,0.0005771299,-0.010958216,-0.0014797192,-0.014227841,0.014379049,0.004554257,-0.00079822855,0.044322394,0.74760556,0.0032482878,0.09573243,-0.0016451398,0.03626744,-0.012952163,0.0040418464,-0.009590143,-2.9623516e-05,0.0006814869,-0.0013988724,-0.011349603,-0.0023446467,-0.00019518514,-4.650451e-05,-0.00097634277,0.00018971653,-0.0026769731,-0.000976982,-0.0058764196,0.014688994,0.10722346,0.00011658461,0.027361305,0.004629588,0.0,0.0,0.0,0.0,0.0,0.0054822937
0.013499893,-0.16441102,0.002322719,-0.020946436,-0.006417753,-0.0003376202,-0.008836699,-0.006895974,0.013308255,-0.032147966,0.3704663,-0.001925214,-0.064900436,-0.0030228635,-0.023839554,-0.034133837,-0.027763402,-0.006562682,0.12333734,-0.021524606,0.013467595,-0.014431578,-0.0037704261,0.0039014975,0.0011563746,-0.00467636,0.009460207,0.3871172,0.0055503785,0.019853426,-0.003183672,-0.06202478,-0.022838676,0.0013422592,0.00080011564,-0.00024226174,-8.069156e-05,-0.0017176075,-0.028807595,-0.004323583,-0.0036830483,-3.5855403e-05,-0.0006504202,0.00019802067,-0.005088156,-0.0020484857,0.0071360846,0.024595253,-0.10007719,7.2202e-05,0.009318957,0.0021489775,0.0,0.0,0.0,0.0,0.0,0.006744561
-0.05030749,-0.053344645,-0.014539201,-0.013573667,-0.003208741,-0.0017681622,-0.00048890896,-0.003864904,-0.059895605,-0.01957887,-0.12005639,-0.061491493,-0.08800554,-0.0028894632,-0.016568536,-0.037210114,-0.01313691,-0.007902361,-0.040303245,-0.03168986,-0.028160445,-0.0041036136,-0.0035396419,-0.010048728,-1.6106409e-05,-0.0012131055,-0.02068982,-0.4179463,-0.023048459,0.05028346,0.008400403,-0.031660132,-0.024102442,-0.0117906025,-0.05530474,2.4406687e-05,-0.00034993107,-0.004797785,-0.021535601,0.0007083468,-0.0001429795,-1.4589201e-05,-0.0016369007,3.808836e-05,0.025165062,0.0077051725,-0.019053603,-0.016285522,-0.03092349,-0.004307815,0.021775221,-0.00050892326,0.0,0.0,0.0,0.0,0.0,-0.0025139512
-0.022485578,-0.0051232134,-0.046704054,-0.014329768,-0.0020509325,-0.00086866954,-0.0012064925,-0.004278986,-0.063626215,-0.024093298,-0.13796718,-0.06558512,-0.005810742,-0.0031725292,-0.016443504,-0.0067281774,-0.022439638,-0.0138961105,-0.037098125,-0.006149303,-0.002171656,-0.003250372,-0.001090075,0.002697317,-0.0017249719,-0.0015032064,-5.077462e-05,-0.4004754,0.006259957,-0.22076772,-0.01779587,-0.059757534,-0.0332721,-0.032145303,-0.024502955,-2.1212018e-05,-0.00033751084,-0.06324723,-0.011324451,0.00015487536,-0.00050936197,-2.229474e-05,-0.0043683522,5.260356e-05,-0.004004358,-0.0014029291,0.008289542,-0.04672894,-0.0441652,0.000100751924,-0.011875084,-0.0039651217,0.0,0.0,0.0,0.0,0.0,-0.014416845
-0.044021245,-0.0012247997,-0.0044332608,-0.017815916,-0.0034285753,-0.0016882786,0.00019352204,-0.004245294,-0.060401615,-0.023450902,-0.132178,-0.065454476,-0.0029444157,-0.0036381274,-0.020292595,-0.00874204,-0.030220145,-0.0031213937,-0.036745105,-0.00583612,-0.02188295,-0.0034123065,-0.003766803,0.0037921157,-0.0015198772,-0.0018875914,0.0064944252,-0.45565352,0.0033404431,-0.33047023,-0.0026392934,-0.0028996188,-0.03988772,-0.0030957186,-0.03213724,-3.4510085e-05,-0.00024919154,0.0010995638,-0.016594967,-0.004280823,-0.00015730408,-3.1204538e-05,-0.005614637,5.1921597e-05,-0.004054198,-0.0016118229,0.00011816642,-0.047838375,0.055350754,6.508767e-05,0.010923442,0.0016252758,0.0,0.0,0.0,0.0,0.0,-0.012067772
-0.032663204,-0.021518301,-0.027227828,-0.017227652,-0.0013765007,-0.0009600297,-0.000809032,-0.003888971,-0.05595723,-0.0033794458,-0.117272615,-0.06050073,-0.08296828,-0.003503848,-0.01642333,-0.0417826,-0.03592073,-0.014151874,-0.03439369,-0.008753746,-0.013130805,-0.0033931409,-0.0011450315,0.003166532,-0.00081820047,-0.0010673333,0.0069569834,-0.50022686,0.0052472246,-0.22672111,-0.016560407,-0.056682616,0.016102148,-0.0060710497,-0.03294473,9.84791e-06,-0.00020701592,0.0016165839,-0.001552444,0.0005232673,-0.00060442055,-3.1204538e-05,-0.0038654297,5.41323e-05,-0.0051778615,-0.0017147592,-0.010532815,-0.0021472054,-0.010042932,0.00014045814,0.009986849,0.0029355001,0.0,0.0,0.0,0.0,0.0,-0.0006721138
-0.017811561,-0.0024216853,0.0006829481,-0.0046230485,-0.0019333233,-0.001131129,-0.0012117964,-0.0034545045,-0.0561502,0.008061488,-0.12225902,-0.06285513,-0.005949386,-0.0050084647,-0.019105712,-0.011347056,0.032019082,0.0046216655,-0.031084513,-0.012450804,-0.014839158,-0.0033547292,-0.0008453263,0.0034621975,0.0003858425,-0.0016497442,-0.011887641,-0.37969863,0.0031594464,-0.23140977,-0.0037989407,0.047886316,-0.066769436,-0.0038304017,-0.029441174,9.84791e-06,-0.00024919154,0.0058946195,-0.008236439,-4.690695e-05,-0.00035862013,-3.1204538e-05,-0.0037373411,4.655499e-05,-0.0036513868,-0.0013239864,0.016263343,-0.036190543,0.017141001,0.00010160263,0.0076361597,0.0019992688,0.0,0.0,0.0,0.0,0.0,-0.008516831
-0.05639687,-0.0073020947,-0.02757214,-0.01948871,-0.0005900517,-0.0023809976,-0.00069168775,-0.002667238,-0.058128264,-0.020527631,-0.14045933,-0.07185094,-0.001311938,-0.0048096147,-0.019151425,-0.024141457,-0.03836834,0.0005309291,-0.03622997,-0.01784654,0.023830887,-0.002853163,-0.0016023739,0.0029201035,-0.0012414242,-0.0016826594,0.0026314112,-0.4489183,0.00554301,-0.2172424,-0.01890984,-0.02197994,-0.046971023,-0.006698505,-0.056396943,9.84791e-06,-0.0003882372,-0.0032845282,0.014311448,-0.00011546114,-0.0001429795,-3.1204538e-05,-0.0046366374,-0.0027832384,-0.004347611,-0.00176201,-0.014371433,-0.0147233065,-0.044149492,0.00010002667,-0.011190208,-0.0033719963,0.0,0.0,0.0,0.0,0.0,-0.0028303424
-0.002886571,-0.0075356723,-0.0022525524,-0.016762298,-0.0026659311,-0.0014293278,-0.005205755,-0.0041411757,-0.06256909,-0.0040315804,-0.13457282,-0.06563464,-0.011302379,-0.0041767675,-0.015529665,-0.021819131,0.00024402933,-0.056555595,-0.038889557,-0.042902395,-0.0069477917,-0.0016642845,-0.001980184,0.006073182,0.00025855473,-0.0012983097,-0.02631775,-0.3600577,0.0065082195,0.04276052,-0.001752961,-0.010020222,-0.017994689,-0.020200144,0.062207725,-2.543168e-05,0.003668737,-0.06654158,-0.028718509,-0.0023263812,-0.0001429795,-0.00011180799,-0.0017958886,4.4608172e-05,-0.0066659064,-0.0013784057,-0.02167025,-0.015636008,0.06547786,0.00036028883,0.023485698,0.006770791,0.0,0.0,0.0,0.0,0.0,-0.0022625078
